{
"type": "FeatureCollection",
"name": "raa_oci_municipios",
"crs": { "type": "name", "properties": { "name": "urn:ogc:def:crs:OGC:1.3:CRS84" } },
"features": [
{ "type": "Feature", "properties": { "municipio": "Lajes das Flores" }, "geometry": { "type": "MultiPolygon", "coordinates": [ [ [ [ -31.231005361521127, 39.371084206356251 ], [ -31.231105272521912, 39.371094735513914 ], [ -31.231337957147293, 39.371156747802523 ], [ -31.231545555349101, 39.371182518739531 ], [ -31.23188171782305, 39.371201144251636 ], [ -31.232059936614146, 39.371181328868673 ], [ -31.232100079737084, 39.37117292898764 ], [ -31.232143708707202, 39.371168996933129 ], [ -31.232264622924529, 39.371179844268084 ], [ -31.23243535218565, 39.371259112985335 ], [ -31.232695699204864, 39.371402632279761 ], [ -31.232990987891824, 39.371578396707307 ], [ -31.233325044699981, 39.371763578878749 ], [ -31.233617422578163, 39.371912177618739 ], [ -31.233933024975816, 39.372088158011273 ], [ -31.234211720867567, 39.372254656628456 ], [ -31.234506452880183, 39.372448248459939 ], [ -31.23454800712306, 39.372471403927335 ], [ -31.234600938547953, 39.372503741969332 ], [ -31.234653282347406, 39.372527151234294 ], [ -31.234807552621035, 39.372624096500381 ], [ -31.235021170362909, 39.372812040440152 ], [ -31.23528271426385, 39.373000711922231 ], [ -31.235512576072292, 39.373179892346961 ], [ -31.235735354024893, 39.373349954052919 ], [ -31.236025422893928, 39.373498511768368 ], [ -31.236092861057781, 39.373531069105361 ], [ -31.236206745876085, 39.373613885267879 ], [ -31.236393570647522, 39.373805836244742 ], [ -31.236620530740364, 39.373980554736931 ], [ -31.236854239576299, 39.374177810714514 ], [ -31.237079568663127, 39.374334393628345 ], [ -31.237279566378849, 39.374432028599031 ], [ -31.237464102503395, 39.374479785128784 ], [ -31.237529205240925, 39.37448987151658 ], [ -31.237595818312997, 39.374495295583017 ], [ -31.23766555447008, 39.37449193718718 ], [ -31.23792173370709, 39.374428154116245 ], [ -31.237965473170462, 39.374419896795658 ], [ -31.238004226144536, 39.374411474733201 ], [ -31.23803903811444, 39.374412002002067 ], [ -31.238073624792701, 39.37442153578418 ], [ -31.238110074924791, 39.374440017615434 ], [ -31.238183560571045, 39.37449068521201 ], [ -31.238236379768555, 39.374527614078744 ], [ -31.238368358559686, 39.374588088123517 ], [ -31.23842001121205, 39.374611395139958 ], [ -31.23850287693574, 39.37463066980056 ], [ -31.238537573562326, 39.374635790241776 ], [ -31.238694194249454, 39.374759704789028 ], [ -31.238821080608766, 39.374847310327695 ], [ -31.238861714502491, 39.374874865200546 ], [ -31.238943208237114, 39.374925653555174 ], [ -31.239256802066041, 39.375007075874585 ], [ -31.239376687921961, 39.375026820134124 ], [ -31.239699046025898, 39.375018184445089 ], [ -31.239998191684933, 39.375009286776134 ], [ -31.240324262433347, 39.374996110453495 ], [ -31.240649407275598, 39.374992019249035 ], [ -31.240993954542294, 39.37502435036513 ], [ -31.241293615414211, 39.375082850587411 ], [ -31.241405269677156, 39.375116073319624 ], [ -31.241561058485221, 39.375208617780984 ], [ -31.241633153789095, 39.37525926219886 ], [ -31.241663914957876, 39.375273242063699 ], [ -31.241973242991648, 39.375381442223514 ], [ -31.242036386809016, 39.375409516369196 ], [ -31.242104054831728, 39.375428468709963 ], [ -31.242209300629906, 39.375425644181121 ], [ -31.242267551331334, 39.375422019381624 ], [ -31.242345764955893, 39.375423202046726 ], [ -31.242427695165535, 39.375428944879253 ], [ -31.242558038126113, 39.375466863735255 ], [ -31.242623500075069, 39.375490467615229 ], [ -31.242703469209687, 39.375509605437401 ], [ -31.242948422643835, 39.375495376577256 ], [ -31.243023966471458, 39.375491922492301 ], [ -31.243089880244828, 39.375497513056615 ], [ -31.243156262430254, 39.375507526428876 ], [ -31.243480078492787, 39.375589000779208 ], [ -31.243550761140717, 39.375603492830557 ], [ -31.243612044997256, 39.375622438003475 ], [ -31.243682742244495, 39.375664140212663 ], [ -31.24373615094018, 39.375705491272804 ], [ -31.243813753708547, 39.375823701942942 ], [ -31.24382827636358, 39.375851041101079 ], [ -31.243848490776003, 39.375882880150805 ], [ -31.243953238130448, 39.375987985596474 ], [ -31.244207735198632, 39.376172115923751 ], [ -31.244284936509818, 39.376213735737757 ], [ -31.24436978492065, 39.376246641168969 ], [ -31.24442353636007, 39.376274392080049 ], [ -31.244647997219651, 39.376322919070894 ], [ -31.245011227247009, 39.376337320166002 ], [ -31.245335544243947, 39.376306264588834 ], [ -31.245403420938302, 39.376293773475346 ], [ -31.245710897657119, 39.376239846994764 ], [ -31.245859040137827, 39.376179012240577 ], [ -31.245899296316647, 39.376161510174853 ], [ -31.246073792237436, 39.37611918159466 ], [ -31.246215591696803, 39.376107715323812 ], [ -31.246275929427611, 39.376104210081785 ], [ -31.246334063422555, 39.37609598641788 ], [ -31.246387656994912, 39.376074360468323 ], [ -31.24642454094559, 39.37604779654211 ], [ -31.246389528162634, 39.37593924045261 ], [ -31.246311030516743, 39.375712809480611 ], [ -31.246300061971656, 39.375631554651441 ], [ -31.246303952862792, 39.37555953467151 ], [ -31.24631819309538, 39.37551469963239 ], [ -31.246438292645038, 39.375354332902987 ], [ -31.246592736681883, 39.37518538276214 ], [ -31.246640393203617, 39.375136547272191 ], [ -31.246683074320565, 39.375110250830055 ], [ -31.246724841665262, 39.37509727531598 ], [ -31.246771481787377, 39.375084464224905 ], [ -31.246816168250561, 39.37509865260094 ], [ -31.246837308820833, 39.375126000129235 ], [ -31.246854980378838, 39.375171316162088 ], [ -31.246847957959876, 39.375247884947925 ], [ -31.246838355473709, 39.375283689006302 ], [ -31.246835447556318, 39.37542780426908 ], [ -31.246812122276328, 39.375580619966847 ], [ -31.2467146170119, 39.375854041990038 ], [ -31.246681936780249, 39.375912114066168 ], [ -31.246664552212316, 39.375938791773542 ], [ -31.24665413946909, 39.375979178669574 ], [ -31.246689556187071, 39.376011247265112 ], [ -31.246720883242386, 39.376007304544544 ], [ -31.246771331008627, 39.375962925950482 ], [ -31.246809833784948, 39.375931971425878 ], [ -31.246854969211153, 39.375928236770598 ], [ -31.246887150240685, 39.375973681357316 ], [ -31.246896684119431, 39.376000944959038 ], [ -31.246913299125378, 39.376028225172441 ], [ -31.24695009388557, 39.376037699501815 ], [ -31.246982814597594, 39.376033687613003 ], [ -31.247009266540221, 39.376025076279639 ], [ -31.247043828158347, 39.376003163230322 ], [ -31.247080016708416, 39.375976588614876 ], [ -31.247121397905467, 39.375918737631793 ], [ -31.24713912131671, 39.375878460848256 ], [ -31.247165664293252, 39.375833720980708 ], [ -31.247192447263672, 39.375807184806739 ], [ -31.24722910321125, 39.375789718128473 ], [ -31.247277953120726, 39.375781354104383 ], [ -31.247324953155555, 39.375786657301902 ], [ -31.247366964285135, 39.375791795218511 ], [ -31.247400854408902, 39.375796720672547 ], [ -31.247442393439325, 39.375792931606064 ], [ -31.247559563967734, 39.375749647942555 ], [ -31.247753423849257, 39.37568490436972 ], [ -31.247783240944091, 39.375680938617123 ], [ -31.247818146824798, 39.375649930475937 ], [ -31.247905951371237, 39.375443935057497 ], [ -31.247951134551315, 39.375350012055293 ], [ -31.247967822206622, 39.375323323652331 ], [ -31.248109008500261, 39.375275896144004 ], [ -31.248151358301012, 39.375267523959536 ], [ -31.248183515693302, 39.375286028106686 ], [ -31.24820535536486, 39.375313296718943 ], [ -31.248205845030324, 39.375349433969049 ], [ -31.248172809990482, 39.37539389612121 ], [ -31.2481403529594, 39.375443051237646 ], [ -31.248119053548081, 39.375510305061844 ], [ -31.248186972861941, 39.375551782518045 ], [ -31.248234898819369, 39.375552504219122 ], [ -31.248271802759749, 39.375557655001266 ], [ -31.248319052064016, 39.375580801239117 ], [ -31.248519381949166, 39.375782035449859 ], [ -31.248708441311113, 39.375965170759514 ], [ -31.24886438357024, 39.376084557447939 ], [ -31.24890583007387, 39.376112301269877 ], [ -31.248979930351993, 39.376194505252393 ], [ -31.248994569901438, 39.376217250467093 ], [ -31.249053423648437, 39.376389324347265 ], [ -31.249094800191155, 39.376619699775574 ], [ -31.249105281986395, 39.376664817155195 ], [ -31.249118885574301, 39.376701150874453 ], [ -31.249282408618502, 39.376865700819216 ], [ -31.2493286208061, 39.376902526156222 ], [ -31.249374478782443, 39.376925651031051 ], [ -31.249409178615377, 39.376930768287735 ], [ -31.249516591208646, 39.37687382090661 ], [ -31.249557187994562, 39.376847311853098 ], [ -31.24959395645271, 39.376825340251834 ], [ -31.249631311128127, 39.376812478403167 ], [ -31.249669140460295, 39.376808452527882 ], [ -31.249705231681471, 39.376813590631194 ], [ -31.24974573841061, 39.376818614958481 ], [ -31.24980086028037, 39.376819444286802 ], [ -31.249883935693358, 39.376807270221683 ], [ -31.249916076223599, 39.376798653709223 ], [ -31.250091648239682, 39.376796880032202 ], [ -31.250142476286573, 39.376797645509008 ], [ -31.250408954518168, 39.376702545131039 ], [ -31.250457442137549, 39.376676155337073 ], [ -31.250550254517655, 39.376650611413794 ], [ -31.250573598296111, 39.376673487332084 ], [ -31.250578503501739, 39.376709510777538 ], [ -31.250460840636698, 39.376860908505726 ], [ -31.250441247816127, 39.376887733770822 ], [ -31.250419121988642, 39.376932360625752 ], [ -31.250398045746707, 39.376990697475605 ], [ -31.250388827858178, 39.377071648333342 ], [ -31.250389324503249, 39.377112199649126 ], [ -31.250448473883704, 39.377212108528269 ], [ -31.250477866801006, 39.377253095328712 ], [ -31.250502044752327, 39.377303013636883 ], [ -31.250505080106954, 39.37732558324403 ], [ -31.250501748522552, 39.37737067295717 ], [ -31.250492621475082, 39.377420090382991 ], [ -31.250492308076879, 39.377460539414734 ], [ -31.250484095172432, 39.377496545771507 ], [ -31.250437161138006, 39.377576928494506 ], [ -31.250407252527978, 39.377612428346431 ], [ -31.250364116901427, 39.37765691939375 ], [ -31.250302294501743, 39.377691938317213 ], [ -31.250178727823492, 39.377726299667579 ], [ -31.250126867655215, 39.377738943490755 ], [ -31.250039295153297, 39.37779168581136 ], [ -31.250006705466056, 39.377818314580352 ], [ -31.249988848044513, 39.3778360658265 ], [ -31.249898867281473, 39.378068878750668 ], [ -31.249795926074054, 39.378207073311792 ], [ -31.249768333160237, 39.37823810286099 ], [ -31.249746426957199, 39.378273902232827 ], [ -31.249689642552379, 39.37851622437001 ], [ -31.249651312523646, 39.378768015185166 ], [ -31.249681408950334, 39.378962089853118 ], [ -31.249695599283196, 39.379002848097521 ], [ -31.249806518211852, 39.379121736284596 ], [ -31.249850532945327, 39.379162943223484 ], [ -31.249878532361063, 39.379199313230686 ], [ -31.249895038086564, 39.379235691414046 ], [ -31.249904618591529, 39.379316925010727 ], [ -31.249908289829783, 39.379406988643865 ], [ -31.249977488982992, 39.379597327626641 ], [ -31.250003872331352, 39.379647279201194 ], [ -31.250030478190361, 39.379683629107852 ], [ -31.250066711835835, 39.379715708970366 ], [ -31.250113151220582, 39.379743527473863 ], [ -31.25016051756506, 39.379762169763957 ], [ -31.250242564987595, 39.379763403919462 ], [ -31.250300702985253, 39.379759773424901 ], [ -31.250356277019598, 39.379742589427487 ], [ -31.25041090458717, 39.379702867218874 ], [ -31.25056845150657, 39.37949800981616 ], [ -31.250589546714881, 39.379466792268488 ], [ -31.250612504885314, 39.379444702772844 ], [ -31.250639068972418, 39.379431588241317 ], [ -31.250698936621443, 39.379414468644747 ], [ -31.250751273920432, 39.379410660593791 ], [ -31.250901219111093, 39.37942192609691 ], [ -31.250958433399759, 39.379427381422481 ], [ -31.250994415904458, 39.379436932370552 ], [ -31.251056985457915, 39.379460397947554 ], [ -31.251097288614258, 39.379501548617014 ], [ -31.251096186390157, 39.379573610673283 ], [ -31.251064344358419, 39.379658636286663 ], [ -31.251050668292926, 39.37968095462346 ], [ -31.2509835353009, 39.379756619877256 ], [ -31.250953850854277, 39.379783112381716 ], [ -31.250923691477606, 39.379800678797295 ], [ -31.250881924266213, 39.379813565698306 ], [ -31.250846187037016, 39.379822038283592 ], [ -31.250803614693588, 39.37984392208925 ], [ -31.250739022231357, 39.379901515418453 ], [ -31.250657018214731, 39.379958936073834 ], [ -31.250629064871237, 39.379976535585861 ], [ -31.250600410420706, 39.379989619577394 ], [ -31.250432473310134, 39.379973578111418 ], [ -31.250398354668913, 39.379973064961618 ], [ -31.250277090258255, 39.379980160884749 ], [ -31.250225447699222, 39.37998397826766 ], [ -31.250185997750457, 39.379992394802493 ], [ -31.25013123585342, 39.380009590932701 ], [ -31.250100848809204, 39.380031658676906 ], [ -31.250074761752256, 39.380062800136521 ], [ -31.250072690660694, 39.380085293829168 ], [ -31.250091671829622, 39.380166668817026 ], [ -31.250140143812821, 39.380261911330329 ], [ -31.250161871016214, 39.380293772947923 ], [ -31.250197401709659, 39.380321427325185 ], [ -31.250241283246734, 39.380335512195387 ], [ -31.250281092312605, 39.380340615953962 ], [ -31.250313588871492, 39.380345699810597 ], [ -31.250356076635423, 39.380359763673852 ], [ -31.250519362100427, 39.380506378516287 ], [ -31.250625021204382, 39.380571037083712 ], [ -31.25065857567888, 39.380594156632384 ], [ -31.250736283920929, 39.380680918714191 ], [ -31.250762891699502, 39.38071726848186 ], [ -31.250818559342783, 39.380961463106694 ], [ -31.250835541906955, 39.381006678063194 ], [ -31.250864821906781, 39.381052257224688 ], [ -31.25096434571735, 39.381134843110935 ], [ -31.251004291766595, 39.381162383431864 ], [ -31.251029368464895, 39.381176365470161 ], [ -31.251060945386079, 39.381190355132979 ], [ -31.251097154797069, 39.381190899526125 ], [ -31.251164812778121, 39.38118732163619 ], [ -31.251250118750917, 39.381197614920929 ], [ -31.251281223115445, 39.381202677580788 ], [ -31.251424831698852, 39.381263310840602 ], [ -31.251536051314936, 39.38131453726168 ], [ -31.251662337771158, 39.381343555278164 ], [ -31.251718631174356, 39.381353411269501 ], [ -31.251759026064722, 39.381363028300086 ], [ -31.251803376766919, 39.381386219674823 ], [ -31.251824633472921, 39.38140906397421 ], [ -31.251855764595724, 39.381440976501807 ], [ -31.251895596562942, 39.381473109873461 ], [ -31.251925666225496, 39.381487076652505 ], [ -31.251964777501517, 39.381492259452692 ], [ -31.252069787662855, 39.381471313444642 ], [ -31.252183030368315, 39.38144148019596 ], [ -31.252318649512116, 39.381384954102671 ], [ -31.252379557757941, 39.381358750150703 ], [ -31.252400809764872, 39.381377089305708 ], [ -31.252404543674167, 39.381404264418435 ], [ -31.252235126040627, 39.381563807009144 ], [ -31.252210067880601, 39.381577035524103 ], [ -31.25211235165326, 39.381715129461504 ], [ -31.252083515357235, 39.381791370750896 ], [ -31.252071486167534, 39.381840743761877 ], [ -31.252071420457654, 39.381899217276541 ], [ -31.252077243264111, 39.38192642468583 ], [ -31.252099558107211, 39.381962708741995 ], [ -31.252125582286915, 39.381999229628917 ], [ -31.252210128651708, 39.382067984402802 ], [ -31.252257272747077, 39.382100227515238 ], [ -31.252308128170064, 39.382128021398849 ], [ -31.252380572884338, 39.382160644577951 ], [ -31.252445234364771, 39.382184140846945 ], [ -31.252501644620981, 39.382193998219009 ], [ -31.252559557665343, 39.382199463268677 ], [ -31.252639512676758, 39.382191655283144 ], [ -31.252715178391867, 39.382188196783758 ], [ -31.252750802073365, 39.382184316997503 ], [ -31.252793040617863, 39.382175851387011 ], [ -31.25292512677979, 39.38206079792996 ], [ -31.252956319914432, 39.38202973162133 ], [ -31.252988101910212, 39.382007593987595 ], [ -31.253037400253323, 39.381981395533536 ], [ -31.25308357705963, 39.381963979020561 ], [ -31.253115717373106, 39.381955451740922 ], [ -31.253156918042059, 39.381960665518832 ], [ -31.253288834521367, 39.382052655701912 ], [ -31.253322865791095, 39.382084701487329 ], [ -31.253339710777404, 39.382107569368053 ], [ -31.253337332550469, 39.382175017204247 ], [ -31.253329707932693, 39.382215447445802 ], [ -31.253354026021533, 39.382292487171057 ], [ -31.253399687030214, 39.382351646372676 ], [ -31.25344428887923, 39.382397455844696 ], [ -31.253468692442453, 39.382433771903429 ], [ -31.253574275308349, 39.38253897139343 ], [ -31.25360888878307, 39.382575620905094 ], [ -31.253637007540746, 39.382611991803543 ], [ -31.253664199788037, 39.382657539824862 ], [ -31.253687825700165, 39.382869537071109 ], [ -31.253697751551105, 39.382941764689704 ], [ -31.253796140772998, 39.383186599230982 ], [ -31.253807185447219, 39.383209289872696 ], [ -31.253901320478771, 39.383359275908752 ], [ -31.253918750061509, 39.383386657448888 ], [ -31.253949883004886, 39.383418569446491 ], [ -31.253999323265496, 39.383419311539711 ], [ -31.254042366531269, 39.383406532789415 ], [ -31.254085888903671, 39.383407186022175 ], [ -31.25414821783496, 39.383412537267404 ], [ -31.254210453088284, 39.383449601155895 ], [ -31.254253885150028, 39.383481786854318 ], [ -31.254289174983658, 39.383491327300675 ], [ -31.254357755889092, 39.383478751480475 ], [ -31.25441101239187, 39.383466125859137 ], [ -31.254469513062375, 39.383476013652825 ], [ -31.254577188058065, 39.383581243630942 ], [ -31.254596242270313, 39.383603964279907 ], [ -31.25461367218595, 39.383631345722208 ], [ -31.254628793121309, 39.383667522257078 ], [ -31.254635785393035, 39.383703756123552 ], [ -31.254634419238677, 39.383730675341546 ], [ -31.254625989300894, 39.383780103517722 ], [ -31.254635525548803, 39.383802771448337 ], [ -31.25467081446067, 39.383812310865068 ], [ -31.254702437105131, 39.383740705817473 ], [ -31.254713652866258, 39.383695915402015 ], [ -31.25472872135612, 39.383673616635576 ], [ -31.254762731930487, 39.383678541776035 ], [ -31.254826946892745, 39.38372004990881 ], [ -31.25485191309583, 39.383738534440752 ], [ -31.254873055442033, 39.383761376471092 ], [ -31.25491849709946, 39.383834136795436 ], [ -31.254964996098671, 39.383920338672915 ], [ -31.255030303165803, 39.384151160982057 ], [ -31.255046590581628, 39.38419645409688 ], [ -31.255075852351691, 39.38421491291831 ], [ -31.255111483097799, 39.384215447392052 ], [ -31.255154531134892, 39.384202489007365 ], [ -31.255233295285592, 39.38415862073731 ], [ -31.255264151905685, 39.384141063679195 ], [ -31.255286416575949, 39.38412346874545 ], [ -31.255356786251074, 39.384034425691056 ], [ -31.255397023001219, 39.38399448443311 ], [ -31.255450148570535, 39.383959152229409 ], [ -31.255501542704451, 39.38393739814174 ], [ -31.255535075229609, 39.383928891078945 ], [ -31.255577089173034, 39.383929521134554 ], [ -31.255610174814905, 39.383943622295646 ], [ -31.255637932931929, 39.383966563397529 ], [ -31.25564805600504, 39.383993654916964 ], [ -31.255611112268365, 39.384083199407712 ], [ -31.255562442351085, 39.384168063066504 ], [ -31.255533927758581, 39.384208180173275 ], [ -31.255520027843666, 39.384239506506624 ], [ -31.255583163938667, 39.384240453321752 ], [ -31.255617035857323, 39.384223031486997 ], [ -31.255689924299791, 39.38409339117635 ], [ -31.255813427979209, 39.383851977417748 ], [ -31.255834747674871, 39.383811752358348 ], [ -31.255860252236744, 39.383780599980931 ], [ -31.255903970342384, 39.383740711642133 ], [ -31.255977628021643, 39.383696766294143 ], [ -31.256027400889444, 39.383679493534238 ], [ -31.256089725787398, 39.383685022978305 ], [ -31.256106350089524, 39.383716806993846 ], [ -31.256082156216301, 39.383783927834926 ], [ -31.256050515190701, 39.383833008142901 ], [ -31.256052768940442, 39.383887100668076 ], [ -31.256063115849905, 39.383909870737583 ], [ -31.256097398309368, 39.383959849262759 ], [ -31.256128866584191, 39.383978340900292 ], [ -31.256169014520822, 39.383969932828492 ], [ -31.256201601555009, 39.383943482520159 ], [ -31.256215159685464, 39.383921160917296 ], [ -31.256227054492864, 39.383853764679685 ], [ -31.256230739506233, 39.383822286031652 ], [ -31.256240118865477, 39.383795306713807 ], [ -31.256257726091569, 39.383759620992294 ], [ -31.25630445980492, 39.383715182636308 ], [ -31.256382547940092, 39.383698423361416 ], [ -31.256455200520517, 39.383699512343682 ], [ -31.256486310900549, 39.383704393510911 ], [ -31.256516381303463, 39.383718359122284 ], [ -31.256549940415621, 39.383741477053647 ], [ -31.256569356618012, 39.38377771771939 ], [ -31.256565670576496, 39.383809197265094 ], [ -31.256546693606584, 39.383871981523285 ], [ -31.256499425630892, 39.383965877439543 ], [ -31.25648136684211, 39.384019755606275 ], [ -31.256478043103716, 39.38406466538823 ], [ -31.256509508126708, 39.384083246974136 ], [ -31.256525064848312, 39.384218628333755 ], [ -31.256524418516136, 39.384272587283306 ], [ -31.256512611028366, 39.384308540168711 ], [ -31.256479350328426, 39.384362101283592 ], [ -31.256433673262524, 39.3844153852814 ], [ -31.256385768834946, 39.384446202026446 ], [ -31.256286441181953, 39.384467237082433 ], [ -31.256138830220593, 39.384483043259735 ], [ -31.256098208671524, 39.384482434279185 ], [ -31.256061296061556, 39.384477466019135 ], [ -31.256031110453542, 39.38446340846339 ], [ -31.255976794818594, 39.384462594133659 ], [ -31.255688944043868, 39.384566485651604 ], [ -31.255371366724386, 39.384647225570099 ], [ -31.255342933245707, 39.38465139418939 ], [ -31.255299773364055, 39.384664171665889 ], [ -31.255252541263417, 39.384667968208603 ], [ -31.255193230962444, 39.384662572726526 ], [ -31.255160725871772, 39.384653075222865 ], [ -31.255117491437829, 39.384584943173827 ], [ -31.255115153000361, 39.384562293153074 ], [ -31.255085523938256, 39.384525899055696 ], [ -31.255079995742555, 39.384575370787715 ], [ -31.255068915546275, 39.384642688110638 ], [ -31.255037992026356, 39.384718897902204 ], [ -31.254929797593913, 39.384951441305759 ], [ -31.254774006756197, 39.385174350669011 ], [ -31.254730869007808, 39.385218843238626 ], [ -31.254690855583725, 39.38524977676375 ], [ -31.254652691390472, 39.385271728985721 ], [ -31.254621246088259, 39.385280267104463 ], [ -31.254542796078631, 39.38528350394062 ], [ -31.254461553283367, 39.38528228484784 ], [ -31.254427093081897, 39.385295372739918 ], [ -31.254310745807551, 39.38536570533801 ], [ -31.254198354345846, 39.385445017023059 ], [ -31.254095841041458, 39.385542586829153 ], [ -31.254015164196602, 39.385663099240986 ], [ -31.254007880095585, 39.385694523780032 ], [ -31.254007341749322, 39.385744070342518 ], [ -31.254014564399419, 39.385775713525831 ], [ -31.254030042863064, 39.385825499594823 ], [ -31.254055957852248, 39.385861838207731 ], [ -31.254146200973388, 39.385939867218589 ], [ -31.254177446191932, 39.38596727586922 ], [ -31.254194876495422, 39.385994657373153 ], [ -31.254210292233118, 39.386102916953007 ], [ -31.25421729053415, 39.386143566690514 ], [ -31.254319841422078, 39.386366028434082 ], [ -31.25438386211481, 39.386448077698851 ], [ -31.254494667445243, 39.386544344778628 ], [ -31.254569233837316, 39.386608533219679 ], [ -31.254594789636705, 39.386631351420988 ], [ -31.254649692703278, 39.386641275256267 ], [ -31.254715235812661, 39.386601623869602 ], [ -31.254757924994141, 39.386579830527843 ], [ -31.254816292911986, 39.386567191333235 ], [ -31.254835461338615, 39.386585408685121 ], [ -31.25484616801171, 39.386621699152755 ], [ -31.254836364373354, 39.386693630646377 ], [ -31.254752951573884, 39.386868071106051 ], [ -31.254724208179642, 39.386912599420633 ], [ -31.254779360227079, 39.386940546799856 ], [ -31.254811052692663, 39.386950032222323 ], [ -31.254848665672988, 39.386959606460294 ], [ -31.254875949907937, 39.386968935630193 ], [ -31.2549378554763, 39.387019418990327 ], [ -31.25497037983234, 39.387051441684974 ], [ -31.255008464907025, 39.387070032887976 ], [ -31.25504038183783, 39.387070511681522 ], [ -31.255105002141637, 39.387039946269532 ], [ -31.255164625411979, 39.387004891898684 ], [ -31.255200479124809, 39.386991824698868 ], [ -31.255229829821957, 39.386978840144984 ], [ -31.255282869012426, 39.386975040625678 ], [ -31.255330802941724, 39.386975760478137 ], [ -31.255363999374477, 39.38698085343988 ], [ -31.255395582022683, 39.386994751924483 ], [ -31.255431235370061, 39.387022406552489 ], [ -31.255456948410561, 39.387094870762553 ], [ -31.255455242571671, 39.387135389884349 ], [ -31.255473490603869, 39.387162603262539 ], [ -31.255512852603601, 39.38718121345191 ], [ -31.255566590002545, 39.387182019341921 ], [ -31.255649490336889, 39.387088749221128 ], [ -31.255662940543711, 39.387070840949029 ], [ -31.255694946104867, 39.387039786120155 ], [ -31.255728365700254, 39.387035873290785 ], [ -31.255754958780173, 39.387049696858718 ], [ -31.25578296375711, 39.387090750693879 ], [ -31.255771417256749, 39.387288705119325 ], [ -31.25576798355506, 39.387342712337464 ], [ -31.255787621154166, 39.387370036602441 ], [ -31.255808178362233, 39.387388454818122 ], [ -31.255848467423672, 39.387402483729034 ], [ -31.255886884238127, 39.38740305975152 ], [ -31.255964195086651, 39.387417734716266 ], [ -31.256008190980801, 39.387427404281361 ], [ -31.256050905131818, 39.387432639745469 ], [ -31.256091865834357, 39.387419648838097 ], [ -31.25613675644961, 39.387393382128927 ], [ -31.256179807995515, 39.387385018503224 ], [ -31.256231117245886, 39.387394797620786 ], [ -31.256440801123123, 39.387479030194825 ], [ -31.256556086937493, 39.387516707808565 ], [ -31.256593584412187, 39.387526279753757 ], [ -31.25665560265498, 39.3875722589285 ], [ -31.256677671263869, 39.387590609544326 ], [ -31.256730624447254, 39.387622937917868 ], [ -31.256769514806152, 39.387632530681365 ], [ -31.256802940891923, 39.387633031609425 ], [ -31.256925593200386, 39.387603335739954 ], [ -31.257002065802286, 39.387591056848642 ], [ -31.257067766452366, 39.387601051242385 ], [ -31.257109451554889, 39.387619605604009 ], [ -31.257161507462218, 39.387688050179086 ], [ -31.257181621405497, 39.387724301184676 ], [ -31.257202067039216, 39.387747222452191 ], [ -31.257245481213495, 39.387752287768542 ], [ -31.257335292429655, 39.387731198564715 ], [ -31.257375217677652, 39.387727202529049 ], [ -31.257404118994089, 39.387732230565611 ], [ -31.257442205107989, 39.387750820992174 ], [ -31.257492503599718, 39.387796533155402 ], [ -31.257491858569391, 39.387855178172245 ], [ -31.257417612990249, 39.387894609750411 ], [ -31.257389654015935, 39.387907705803784 ], [ -31.257378658052417, 39.387938985746651 ], [ -31.257390066665661, 39.387979791466769 ], [ -31.257408311639896, 39.388002499531346 ], [ -31.257436768326642, 39.38802545067032 ], [ -31.257468347389153, 39.388039528740855 ], [ -31.257575484655099, 39.38805014357672 ], [ -31.257616221409648, 39.38804615871458 ], [ -31.257653020676795, 39.388055809961195 ], [ -31.257723995738981, 39.388119852503102 ], [ -31.257741203918261, 39.388156240088207 ], [ -31.25774357208806, 39.388205739201467 ], [ -31.257728978854196, 39.388241650463193 ], [ -31.257695718194377, 39.388295120886589 ], [ -31.257581345103166, 39.38837008134994 ], [ -31.257537150778273, 39.38839635904268 ], [ -31.257495628413864, 39.388431866877845 ], [ -31.257496826581956, 39.388472428630884 ], [ -31.257517861388035, 39.388499683436926 ], [ -31.257596256616356, 39.388559512439663 ], [ -31.257634001943789, 39.388587107634365 ], [ -31.25765096635276, 39.388605291511674 ], [ -31.257650764320708, 39.388641418322521 ], [ -31.257482830978287, 39.388652326660988 ], [ -31.257401445704588, 39.388628672724387 ], [ -31.25735407705616, 39.388609853119682 ], [ -31.257310299132619, 39.388586672423394 ], [ -31.257260920746994, 39.38853196313368 ], [ -31.257237212910841, 39.388495478100801 ], [ -31.257214305063339, 39.388450175313359 ], [ -31.257195227938272, 39.388400245651106 ], [ -31.257184267128515, 39.388346111921351 ], [ -31.25718432581899, 39.388283044160751 ], [ -31.257185812858619, 39.388255946537939 ], [ -31.257182186656713, 39.388224357436513 ], [ -31.257163243523518, 39.38819704381023 ], [ -31.257141178610162, 39.388183198308674 ], [ -31.257110878066431, 39.388173734372749 ], [ -31.257027678677726, 39.388195012569035 ], [ -31.256902123667526, 39.388224665038692 ], [ -31.256794200650447, 39.388245661773794 ], [ -31.256763566129333, 39.388249617544375 ], [ -31.256725507829131, 39.388262562082353 ], [ -31.256687920669801, 39.388284613702091 ], [ -31.256643501922053, 39.388319896722813 ], [ -31.25660976309933, 39.388359935761642 ], [ -31.256545827012591, 39.388507639590252 ], [ -31.256542664486116, 39.38860670145754 ], [ -31.256534842258194, 39.388687762813483 ], [ -31.256516962479061, 39.388939681047752 ], [ -31.25653415963545, 39.389093106764562 ], [ -31.256546377591466, 39.389129419722352 ], [ -31.256570090340904, 39.389170318931107 ], [ -31.256574520839841, 39.389192910167608 ], [ -31.25655799556268, 39.389273751876374 ], [ -31.256549317597507, 39.389300560605378 ], [ -31.256550735986007, 39.389332206727438 ], [ -31.256563653729181, 39.389368349972443 ], [ -31.256602459584769, 39.389413981258969 ], [ -31.256688590153075, 39.389424282076192 ], [ -31.256710160969082, 39.389406675594039 ], [ -31.256737310426878, 39.389393477481157 ], [ -31.256780474151157, 39.38938070045829 ], [ -31.256815541997984, 39.389399245857838 ], [ -31.256829380494057, 39.389426392038978 ], [ -31.256831544451146, 39.389512108925608 ], [ -31.256827528136149, 39.389561512364935 ], [ -31.256828832822986, 39.389593066680007 ], [ -31.256840237358936, 39.389629367415935 ], [ -31.25687740375021, 39.389656954177894 ], [ -31.256913693543222, 39.389743091450271 ], [ -31.256921280292243, 39.389788164700747 ], [ -31.256935476831604, 39.389828922132224 ], [ -31.256967417949511, 39.389856520663606 ], [ -31.257002940609411, 39.38986146782522 ], [ -31.257033126949562, 39.389870930080761 ], [ -31.257056028888421, 39.389911817040137 ], [ -31.257042009485055, 39.390069279879469 ], [ -31.257034721020542, 39.390096200462871 ], [ -31.257024760079055, 39.390118576034503 ], [ -31.25700134350917, 39.39015435407525 ], [ -31.256891518387881, 39.390256321654526 ], [ -31.256860208249531, 39.390287387211856 ], [ -31.256835180156681, 39.390331970799821 ], [ -31.256823370529609, 39.390367923644376 ], [ -31.256820629819867, 39.390417437193094 ], [ -31.256901973556339, 39.390652822497742 ], [ -31.256919992631257, 39.390684627278361 ], [ -31.256934299170457, 39.39072097148788 ], [ -31.256944897676227, 39.390761674095437 ], [ -31.256918498272519, 39.390833357940195 ], [ -31.256807147687585, 39.391047925788264 ], [ -31.256780187591296, 39.391142125118037 ], [ -31.256778980735927, 39.391218600436133 ], [ -31.256786788382446, 39.391254847264719 ], [ -31.256828884708806, 39.391340981467543 ], [ -31.256879263919352, 39.391476885393743 ], [ -31.256895775998306, 39.391513261755158 ], [ -31.25692437215984, 39.391558649831026 ], [ -31.256944929702581, 39.391577067849774 ], [ -31.256983714183008, 39.391595668894922 ], [ -31.257020738684982, 39.391591628631431 ], [ -31.257114266414263, 39.391566091273788 ], [ -31.257175427906564, 39.391557997754617 ], [ -31.25720782547711, 39.391571907964696 ], [ -31.257201934947354, 39.391603354461601 ], [ -31.257186865455623, 39.3916256525983 ], [ -31.257198384778395, 39.391657359947033 ], [ -31.257220294592354, 39.391626154366691 ], [ -31.25725299807624, 39.391595109597915 ], [ -31.257289185504003, 39.391568712081103 ], [ -31.257314131477976, 39.391555480830185 ], [ -31.257384696638884, 39.391552124051344 ], [ -31.257402606340147, 39.391588341983088 ], [ -31.257403330945397, 39.391619886692538 ], [ -31.257400453229081, 39.391646873370583 ], [ -31.257392580327583, 39.391669280249026 ], [ -31.257319664746316, 39.391771801144287 ], [ -31.257286737105456, 39.391811851600799 ], [ -31.257293149252572, 39.391843482422587 ], [ -31.257393015917099, 39.391768485201027 ], [ -31.257456333496233, 39.391706365158271 ], [ -31.257486608583527, 39.391684293874299 ], [ -31.257522101772889, 39.391657795785669 ], [ -31.257639341782099, 39.391668562839087 ], [ -31.257825109794684, 39.39172990989627 ], [ -31.257865986170298, 39.391748451881199 ], [ -31.257928790810862, 39.39176299750121 ], [ -31.257958394750492, 39.391767855733633 ], [ -31.257994609761329, 39.391768398101377 ], [ -31.258029656574294, 39.391764508097211 ], [ -31.258059595455329, 39.391755947424677 ], [ -31.258118441855007, 39.391752233605906 ], [ -31.258156637090554, 39.39176181550765 ], [ -31.258264865576297, 39.391817495737662 ], [ -31.258305515892335, 39.391845134213796 ], [ -31.258340251228564, 39.391881784139542 ], [ -31.258365698156116, 39.391909104851024 ], [ -31.258390442358493, 39.391931999268294 ], [ -31.258472281559598, 39.391942235431394 ], [ -31.258515105401276, 39.391938461719405 ], [ -31.258546356124022, 39.391965869284334 ], [ -31.25855918346635, 39.39203372500463 ], [ -31.258558655618888, 39.392087686585327 ], [ -31.25855485381927, 39.392119164423463 ], [ -31.258543275051867, 39.392150524927807 ], [ -31.258374923351102, 39.392350725953271 ], [ -31.258336892782985, 39.392395206165908 ], [ -31.258331113533671, 39.392422148519572 ], [ -31.25835027996288, 39.392440545462193 ], [ -31.258374439863616, 39.392458927069583 ], [ -31.258396398435117, 39.392481780676839 ], [ -31.258321805701851, 39.392651760551033 ], [ -31.258307094514787, 39.392687670089593 ], [ -31.258311085237334, 39.392732689392027 ], [ -31.25835868313812, 39.392742412020858 ], [ -31.258540060823126, 39.392569435847534 ], [ -31.258569164785715, 39.392538426920773 ], [ -31.258622294289371, 39.392503093408962 ], [ -31.258696908854823, 39.392481685603173 ], [ -31.258760966505498, 39.392469220646618 ], [ -31.258794982817221, 39.392474144719586 ], [ -31.25882006393995, 39.392488125159552 ], [ -31.258852593742567, 39.392520145952496 ], [ -31.258869561263001, 39.392542924760917 ], [ -31.258832274816218, 39.392636879888599 ], [ -31.258733745674185, 39.392779562932979 ], [ -31.258719372826619, 39.392801872595676 ], [ -31.258725752854854, 39.392923601251447 ], [ -31.258732057890256, 39.392964239418696 ], [ -31.258757055225718, 39.39300966327135 ], [ -31.258796313506327, 39.393037280738724 ], [ -31.258867837749534, 39.393191609387102 ], [ -31.258887257605448, 39.393227849694654 ], [ -31.258894731743585, 39.39327751528095 ], [ -31.258886637057394, 39.39331352392999 ], [ -31.258834371126461, 39.393402839955286 ], [ -31.258795417980807, 39.393451721363469 ], [ -31.258770498471648, 39.393491892107306 ], [ -31.258752438666768, 39.393545771427192 ], [ -31.258737841730841, 39.393577086761326 ], [ -31.258699694617047, 39.393621565336268 ], [ -31.258650978500672, 39.393656785645462 ], [ -31.258401442304176, 39.393680077624452 ], [ -31.258182044112004, 39.393658772542537 ], [ -31.258056540726354, 39.393629953409196 ], [ -31.257958660774943, 39.393596951887012 ], [ -31.257875541064738, 39.393582102010541 ], [ -31.257754222994002, 39.393557760101771 ], [ -31.25764788356226, 39.393542742464632 ], [ -31.25759785567795, 39.393541993069547 ], [ -31.25755109228151, 39.393554716446353 ], [ -31.257514424117801, 39.393567682036377 ], [ -31.257444718379141, 39.393629796478628 ], [ -31.257331251171546, 39.393817303224537 ], [ -31.25731364176756, 39.393852989005396 ], [ -31.257284087332369, 39.393902100806706 ], [ -31.257244658295146, 39.393942053823103 ], [ -31.257189682824304, 39.393990784716827 ], [ -31.257146066898041, 39.394021665038544 ], [ -31.257100695521547, 39.394039095150504 ], [ -31.256901304098086, 39.394063046058385 ], [ -31.256856151693096, 39.394066964466603 ], [ -31.256819934941586, 39.394061826647352 ], [ -31.256779891104149, 39.394065821585393 ], [ -31.256734518987095, 39.394078565479873 ], [ -31.256568065061675, 39.394206803794908 ], [ -31.256326687899179, 39.394401311168572 ], [ -31.256215366757861, 39.394525780370692 ], [ -31.256186151648137, 39.394565886141365 ], [ -31.256109276222325, 39.394794574969055 ], [ -31.256042728537825, 39.39501891361941 ], [ -31.256044944737308, 39.395163104727246 ], [ -31.256105138438397, 39.395371234554986 ], [ -31.256125478211178, 39.395398478273307 ], [ -31.256148715483661, 39.395425946528107 ], [ -31.256173688348785, 39.395444340775995 ], [ -31.256225138059531, 39.395476646841445 ], [ -31.256260434191606, 39.39548618591099 ], [ -31.256328713854963, 39.395514149174439 ], [ -31.256370756190183, 39.395541899288204 ], [ -31.256392605132159, 39.395569166484385 ], [ -31.256408060097794, 39.395592013066349 ], [ -31.256421786332769, 39.395623753556627 ], [ -31.256430518291399, 39.395650823219107 ], [ -31.256438911597328, 39.395691493689689 ], [ -31.256452599635036, 39.395813331934725 ], [ -31.256454131294525, 39.395840474762736 ], [ -31.256484149475934, 39.395917418072564 ], [ -31.256519554567593, 39.395922544736599 ], [ -31.256581416424879, 39.395914462061818 ], [ -31.256667197063305, 39.395911152713744 ], [ -31.256675003924236, 39.395947399514867 ], [ -31.256672013570668, 39.395978889426608 ], [ -31.256655913482252, 39.396014596809898 ], [ -31.25663562087999, 39.396041412528518 ], [ -31.256610338474548, 39.396063468293825 ], [ -31.256553159293812, 39.396116669884954 ], [ -31.256562005174025, 39.396143832244071 ], [ -31.256578966572249, 39.396162196421017 ], [ -31.256606055259553, 39.396207561959329 ], [ -31.256618969706221, 39.396243884416826 ], [ -31.256629704601757, 39.396307114774608 ], [ -31.256627890322829, 39.396352046194274 ], [ -31.256615459365129, 39.396473583025085 ], [ -31.256635236769281, 39.396523434030286 ], [ -31.256650695417676, 39.396546190534679 ], [ -31.256761657595817, 39.396664891597062 ], [ -31.256795447063805, 39.396679002986808 ], [ -31.256830742719355, 39.396688541879215 ], [ -31.256871149389415, 39.396698067257233 ], [ -31.256911886718541, 39.396694263792433 ], [ -31.256922546360855, 39.396671898731242 ], [ -31.256913928466993, 39.396640234855688 ], [ -31.256894040969119, 39.396594797109266 ], [ -31.256869018633072, 39.39652234363961 ], [ -31.256867579325, 39.396342214616297 ], [ -31.256911086992471, 39.396315747661617 ], [ -31.256940217158078, 39.39631176933905 ], [ -31.256982245363378, 39.396321409076577 ], [ -31.257013721557872, 39.39633981050055 ], [ -31.25703858063688, 39.396362797919608 ], [ -31.257150886007427, 39.396427550206752 ], [ -31.257186181589891, 39.396437088989927 ], [ -31.257278261021892, 39.396470003365394 ], [ -31.257467466093615, 39.396594380996788 ], [ -31.257522178506296, 39.39664034035566 ], [ -31.257557366204935, 39.396658887333764 ], [ -31.257585464269951, 39.396663723113718 ], [ -31.257801432460774, 39.396734622680178 ], [ -31.257844043698768, 39.396744180741777 ], [ -31.257980938460367, 39.396786775721615 ], [ -31.258123996831387, 39.396843067829046 ], [ -31.258338845261299, 39.396954314090422 ], [ -31.258401906494143, 39.396986793067327 ], [ -31.258515973548509, 39.397074185331178 ], [ -31.258528305021894, 39.397101309630813 ], [ -31.258540522262457, 39.397133027279665 ], [ -31.258555808506618, 39.397223444574948 ], [ -31.25856561310388, 39.397408292988018 ], [ -31.258567535740973, 39.397480401156173 ], [ -31.258550623652862, 39.397516096640977 ], [ -31.258541715636191, 39.397552093060071 ], [ -31.258549749870461, 39.397579243116752 ], [ -31.258585501721178, 39.397575183326872 ], [ -31.258642008666676, 39.397548999548633 ], [ -31.258675435407064, 39.397544995921443 ], [ -31.258703423769816, 39.397558929813307 ], [ -31.258730153467965, 39.397595458860984 ], [ -31.258734949718203, 39.397636075315255 ], [ -31.258748604874341, 39.397843506155397 ], [ -31.2587595413165, 39.397870699644059 ], [ -31.258789262893771, 39.397875649539735 ], [ -31.258802464773346, 39.397839717381366 ], [ -31.258809635132586, 39.397812885952881 ], [ -31.258842743882852, 39.397588135312027 ], [ -31.258845797205154, 39.397497992590679 ], [ -31.258860171032545, 39.39747568295013 ], [ -31.258890471706739, 39.397480641487753 ], [ -31.258918572068101, 39.397490072043013 ], [ -31.259004401669479, 39.397540911355108 ], [ -31.259036933798406, 39.397572933024691 ], [ -31.259121673922586, 39.397700339388827 ], [ -31.259123790006985, 39.397731995890091 ], [ -31.259117006235392, 39.397799377778355 ], [ -31.259105534514763, 39.397821730886179 ], [ -31.259078518830044, 39.397857455422418 ], [ -31.259087950426206, 39.397889131318678 ], [ -31.259118726104088, 39.397903016730936 ], [ -31.259150671671026, 39.397930614727194 ], [ -31.259165683582967, 39.39797138405941 ], [ -31.259169194962563, 39.398002970441489 ], [ -31.259160344130215, 39.398097442160172 ], [ -31.259119746853045, 39.398128278270612 ], [ -31.259088767704352, 39.398145924541261 ], [ -31.259016128823333, 39.398176371129857 ], [ -31.258955104650667, 39.398211407291335 ], [ -31.258923901461063, 39.398238060085738 ], [ -31.258914413506339, 39.398269361788621 ], [ -31.258916531744205, 39.398300928223286 ], [ -31.258907653693374, 39.398368458940823 ], [ -31.258892357348859, 39.398395169635307 ], [ -31.25879540998822, 39.398501926636094 ], [ -31.258755725296929, 39.398519352393905 ], [ -31.258707787468829, 39.398523138799654 ], [ -31.258658091998857, 39.39850887992985 ], [ -31.258528843917976, 39.398452795238569 ], [ -31.258497838869555, 39.398443411196823 ], [ -31.258463825338175, 39.398438306863682 ], [ -31.25841543947088, 39.398460107184349 ], [ -31.258392941174346, 39.398486890172897 ], [ -31.258384259232955, 39.39851378903672 ], [ -31.258387305248448, 39.398540774310462 ], [ -31.258405326904452, 39.398572578879929 ], [ -31.258438670650065, 39.398604612865903 ], [ -31.258467467902889, 39.398614053966014 ], [ -31.258571741584518, 39.398651744971971 ], [ -31.258604030673723, 39.398670158139801 ], [ -31.258621577714877, 39.398693035748359 ], [ -31.258644707291907, 39.398724915853059 ], [ -31.25865517354833, 39.398743002288903 ], [ -31.258664374730142, 39.398779269824772 ], [ -31.258653382689271, 39.398815054845961 ], [ -31.25865770644165, 39.398846654301138 ], [ -31.258698331128432, 39.398842757533259 ], [ -31.258724900207412, 39.398829730509206 ], [ -31.258786851872099, 39.39879011330158 ], [ -31.258813890407691, 39.398781509046984 ], [ -31.258848019523665, 39.398782019949216 ], [ -31.258885995856016, 39.398800608273795 ], [ -31.258908875833054, 39.398814465648755 ], [ -31.25893142105156, 39.398841831989152 ], [ -31.258951066365189, 39.398869065719289 ], [ -31.259051903332022, 39.398956259421141 ], [ -31.25908904889431, 39.398952220342942 ], [ -31.259136760843475, 39.398957529520892 ], [ -31.259166373179944, 39.398966892549261 ], [ -31.259208419779618, 39.398994551609469 ], [ -31.259251616065871, 39.399008712979004 ], [ -31.259374479148619, 39.399060106261842 ], [ -31.25939504701304, 39.399082938862286 ], [ -31.259404362811985, 39.399114612996144 ], [ -31.259390683076909, 39.399137023183322 ], [ -31.259358424724049, 39.399150054416317 ], [ -31.259328596969901, 39.3991540228959 ], [ -31.259280880391394, 39.399148893924909 ], [ -31.259245577864021, 39.399134850705408 ], [ -31.259216894493225, 39.39912081644119 ], [ -31.259138152307582, 39.399079093282531 ], [ -31.259107034923861, 39.399074212680809 ], [ -31.259072797085658, 39.39907811508759 ], [ -31.259044837970922, 39.399095716444272 ], [ -31.259031972990172, 39.399118047783432 ], [ -31.259022706645681, 39.399140433886721 ], [ -31.258966945468661, 39.399220687621828 ], [ -31.258913337181628, 39.399247005031583 ], [ -31.258830709556126, 39.399272797007661 ], [ -31.25874539959818, 39.39928503478906 ], [ -31.258704410052101, 39.399270906268256 ], [ -31.258618497402331, 39.399256015073398 ], [ -31.258576271754958, 39.399286916701698 ], [ -31.258557714262096, 39.399304658699172 ], [ -31.2585395172452, 39.399335920970948 ], [ -31.258533039781668, 39.399362943848146 ], [ -31.258548862399028, 39.399399129428396 ], [ -31.258572216159642, 39.399422003882918 ], [ -31.258606729398011, 39.399463065249591 ], [ -31.258589230039355, 39.399494337973358 ], [ -31.258561965996062, 39.399511949617121 ], [ -31.258537018540281, 39.399525180177271 ], [ -31.258516143312377, 39.399547392424999 ], [ -31.25850967029783, 39.399574235167997 ], [ -31.258504360649383, 39.399610285447224 ], [ -31.258479215781314, 39.399659462618118 ], [ -31.258452063663267, 39.399672570951019 ], [ -31.25840214340009, 39.399667318522489 ], [ -31.258366370567099, 39.399644167975588 ], [ -31.258328979585741, 39.399630093206213 ], [ -31.25831357030459, 39.399665991341386 ], [ -31.258316608864757, 39.39968856164009 ], [ -31.258311581603053, 39.399773989594692 ], [ -31.258286994419993, 39.399800741274305 ], [ -31.258190351791988, 39.399862362594732 ], [ -31.258182371296154, 39.399893777800756 ], [ -31.258184489225464, 39.399925344234077 ], [ -31.258178597152376, 39.399956789813345 ], [ -31.258152030509944, 39.39997441180148 ], [ -31.258063984277989, 39.400040576609079 ], [ -31.258045091475726, 39.400071828376461 ], [ -31.258036879352115, 39.400107835160306 ], [ -31.257967322354801, 39.40033645442557 ], [ -31.257944156158903, 39.400394761122868 ], [ -31.2579405838772, 39.400421647274072 ], [ -31.257892242616673, 39.400497596732919 ], [ -31.25785197549445, 39.400510418385075 ], [ -31.257820275354149, 39.400500933649141 ], [ -31.257787069020107, 39.400496021401658 ], [ -31.257755731491049, 39.400499965956215 ], [ -31.257732312758659, 39.400535744932107 ], [ -31.257728155924653, 39.400558117360532 ], [ -31.25773247933661, 39.400589716834162 ], [ -31.257733923607375, 39.400648392130847 ], [ -31.257718852206299, 39.400670691164393 ], [ -31.257671859853243, 39.400692421929811 ], [ -31.257638312065499, 39.400696513540872 ], [ -31.257608708880994, 39.400691475019293 ], [ -31.257534869730765, 39.400681358938705 ], [ -31.257490525688759, 39.400685289668552 ], [ -31.25738060643971, 39.400697067647393 ], [ -31.257346926542553, 39.400683138261627 ], [ -31.257313832746057, 39.400669037449333 ], [ -31.25725380880279, 39.400663722338805 ], [ -31.257212844944277, 39.400676533328117 ], [ -31.257144049452162, 39.400725057032815 ], [ -31.257119351641233, 39.400756220756293 ], [ -31.257112756231091, 39.400783241775976 ], [ -31.257117441824288, 39.400828271472534 ], [ -31.257135744585742, 39.40091413903874 ], [ -31.257139140773646, 39.400950319694353 ], [ -31.257131967169808, 39.400977241050143 ], [ -31.257115163290937, 39.401008523958417 ], [ -31.257086863682588, 39.401035039544595 ], [ -31.257061102782625, 39.401048257589366 ], [ -31.257018383164187, 39.401047617421838 ], [ -31.256978672759899, 39.40103801241802 ], [ -31.256932576905193, 39.401023716649611 ], [ -31.256792074717886, 39.400981066341309 ], [ -31.256757947442829, 39.400985149912621 ], [ -31.256731152913872, 39.401007183011046 ], [ -31.256715385743394, 39.401029471482126 ], [ -31.256671425296481, 39.40107395136755 ], [ -31.256614579513109, 39.401113643041036 ], [ -31.256493323825641, 39.401174894886935 ], [ -31.256431955394834, 39.401218933532945 ], [ -31.256436860389087, 39.401255136822684 ], [ -31.256476706614698, 39.401287268836363 ], [ -31.256527129949166, 39.401332983258406 ], [ -31.256550032825619, 39.401373961283582 ], [ -31.256564461725763, 39.40141012712823 ], [ -31.256567162254996, 39.401446297368224 ], [ -31.25654396798922, 39.401472978541833 ], [ -31.256504872785737, 39.401499332158842 ], [ -31.256474586858122, 39.401516988099004 ], [ -31.256455332877, 39.401534718404875 ], [ -31.256435855635946, 39.401561366077523 ], [ -31.256422650087867, 39.401592702820516 ], [ -31.256408996451004, 39.401646646830002 ], [ -31.256410668378837, 39.401696136326159 ], [ -31.256417356337199, 39.401777324915862 ], [ -31.256408784240076, 39.401799811299192 ], [ -31.256395111420325, 39.401826545976228 ], [ -31.256356598120401, 39.401857502418757 ], [ -31.256327124631284, 39.401875170497625 ], [ -31.256072998114213, 39.401992992510507 ], [ -31.256023435251702, 39.402001259281214 ], [ -31.255984538255223, 39.40199166613256 ], [ -31.25590651709728, 39.401976891247834 ], [ -31.255860889617274, 39.401971702089973 ], [ -31.255755713943032, 39.401970123972795 ], [ -31.255711843387871, 39.401982980931756 ], [ -31.255665069469892, 39.401995884430704 ], [ -31.255556792587921, 39.402030209178818 ], [ -31.255411702616787, 39.402055152841164 ], [ -31.255368393077415, 39.402045493301031 ], [ -31.255331115942102, 39.402026824219313 ], [ -31.255254123651724, 39.401998729658871 ], [ -31.255195606312704, 39.40198884192472 ], [ -31.25509495048469, 39.401978321099712 ], [ -31.254977468068507, 39.40197655855097 ], [ -31.254760612982356, 39.40196870887948 ], [ -31.254659283615084, 39.401985208210696 ], [ -31.254575594984509, 39.401997467226103 ], [ -31.254485511508804, 39.402000709496718 ], [ -31.254392052219242, 39.401990296965714 ], [ -31.254289309131064, 39.401979654919636 ], [ -31.254036836365028, 39.402002984194773 ], [ -31.253998076886095, 39.40201582712875 ], [ -31.253862279740463, 39.402045322308574 ], [ -31.25373323453762, 39.402097443481217 ], [ -31.253699353781808, 39.402119549672975 ], [ -31.253511910641684, 39.402301346499897 ], [ -31.253410067392839, 39.402398925317748 ], [ -31.253321900231249, 39.402469679691244 ], [ -31.253279895026175, 39.402491573649186 ], [ -31.253038452756368, 39.402659224056563 ], [ -31.252961424516997, 39.402721045444551 ], [ -31.252866775326886, 39.402818821927731 ], [ -31.252767336175829, 39.402875801582489 ], [ -31.2527109107636, 39.402870539075224 ], [ -31.25267340913333, 39.402860875682578 ], [ -31.252612214007993, 39.402841936508111 ], [ -31.252575878444059, 39.402841390611371 ], [ -31.252460931803821, 39.402821733886128 ], [ -31.252402078153025, 39.40282535365467 ], [ -31.252345317794656, 39.402833510702678 ], [ -31.252244571885068, 39.402854431535488 ], [ -31.252185850334179, 39.402880668051367 ], [ -31.252058808559923, 39.402968766980401 ], [ -31.252045581375711, 39.402977578105485 ], [ -31.252035746393823, 39.403017974890112 ], [ -31.252032484449224, 39.403148658742758 ], [ -31.252022656511468, 39.403193469585041 ], [ -31.25194886607343, 39.403390666868127 ], [ -31.251938810867831, 39.403444575193532 ], [ -31.251937143707774, 39.403539243370076 ], [ -31.25196911521407, 39.403593693229823 ], [ -31.252005696834484, 39.403612352932065 ], [ -31.252049005663931, 39.403622013716031 ], [ -31.252120307298135, 39.403645519923757 ], [ -31.252141679629041, 39.403663951018594 ], [ -31.252162716682513, 39.403691205879973 ], [ -31.252176663891156, 39.403714030340716 ], [ -31.252188995365099, 39.403745750328504 ], [ -31.252220540551395, 39.403845242351494 ], [ -31.252213362457606, 39.403872254308112 ], [ -31.25217160879555, 39.403916585401205 ], [ -31.252128209238066, 39.403938457975315 ], [ -31.252110345433287, 39.403956209334105 ], [ -31.252103167284261, 39.403983221282211 ], [ -31.252106206220336, 39.404005701621386 ], [ -31.252105690393474, 39.404086872234814 ], [ -31.252089922130999, 39.404109069936311 ], [ -31.252123847115577, 39.404141113538472 ], [ -31.252179938744014, 39.404164481234822 ], [ -31.252238816915188, 39.404192485830322 ], [ -31.252289349345105, 39.404229194698317 ], [ -31.252306448136707, 39.404269996215596 ], [ -31.25230206219732, 39.404301464986347 ], [ -31.252276234362906, 39.40437775029303 ], [ -31.25224003489128, 39.404404236051981 ], [ -31.25222532359987, 39.404439963613157 ], [ -31.252253785022958, 39.404462916069733 ], [ -31.252278730936354, 39.404449866164079 ], [ -31.252353699674927, 39.404414863841062 ], [ -31.252394689742559, 39.404429084709925 ], [ -31.252423150057499, 39.404452037108783 ], [ -31.252435954664371, 39.404492773183641 ], [ -31.252428084507258, 39.404519594554323 ], [ -31.252413367604078, 39.404555503154 ], [ -31.252397263229742, 39.404591209804749 ], [ -31.252117067998373, 39.404938473105773 ], [ -31.252097588159582, 39.404965119078142 ], [ -31.252078575222843, 39.404996368016938 ], [ -31.252068516430182, 39.405050366384238 ], [ -31.252066227118249, 39.4050862806032 ], [ -31.252084407293562, 39.405172147929328 ], [ -31.252094302369372, 39.405208425457339 ], [ -31.252099459153246, 39.405267067342507 ], [ -31.252084384957289, 39.405289364665883 ], [ -31.252061996691456, 39.405311552968222 ], [ -31.252040309790662, 39.405338256759542 ], [ -31.251965594777879, 39.405395607245836 ], [ -31.251921272727092, 39.405426475771236 ], [ -31.251898320987838, 39.405471269533244 ], [ -31.251889191609749, 39.405520596697912 ], [ -31.251902152142836, 39.405610889645629 ], [ -31.251915180371871, 39.405642620126812 ], [ -31.25190084396219, 39.405719078041685 ], [ -31.25189297460695, 39.405745899380506 ], [ -31.25189648293366, 39.405777486777907 ], [ -31.251949515296001, 39.405895501805816 ], [ -31.251988801924469, 39.405950061591312 ], [ -31.252012737496656, 39.405977540235426 ], [ -31.252049210146048, 39.406000613141742 ], [ -31.252187668446815, 39.406092792964238 ], [ -31.252289660277899, 39.406166403947168 ], [ -31.252320441778522, 39.406184796198261 ], [ -31.25234703538198, 39.406194205707422 ], [ -31.252382695574276, 39.406217266301766 ], [ -31.252414760436064, 39.406244777815466 ], [ -31.252430123371681, 39.406294653227107 ], [ -31.252434109619607, 39.406339671645334 ], [ -31.252443874233386, 39.406357928271184 ], [ -31.252471411374255, 39.406385371738331 ], [ -31.252514277102584, 39.406417550461356 ], [ -31.252590345667034, 39.406450228018109 ], [ -31.252623330712598, 39.406464148343765 ], [ -31.252649115729582, 39.406482645639969 ], [ -31.252679443052703, 39.406514635028238 ], [ -31.252727484746753, 39.406627980574001 ], [ -31.252796091844459, 39.406759563851537 ], [ -31.252807609173018, 39.406791360732157 ], [ -31.252849462198846, 39.406859473637184 ], [ -31.252870495928473, 39.406886909415007 ], [ -31.252909760480954, 39.406914438845909 ], [ -31.252940876340777, 39.406919501298454 ], [ -31.252999735695305, 39.406915790369958 ], [ -31.253061358387935, 39.406889776354603 ], [ -31.253095128225915, 39.406872263768939 ], [ -31.253139703689037, 39.40686383417502 ], [ -31.253201932778918, 39.406869363857872 ], [ -31.25321739245463, 39.406892120806077 ], [ -31.253206862103418, 39.40693250632139 ], [ -31.253188435846937, 39.406972774147533 ], [ -31.253121417010192, 39.407070785514414 ], [ -31.253088254704046, 39.407119840994923 ], [ -31.253069241878851, 39.407155685136942 ], [ -31.253064384246837, 39.407178136934597 ], [ -31.25306649968941, 39.407205107420658 ], [ -31.253173396477315, 39.407314921922449 ], [ -31.253209063470184, 39.407342397220368 ], [ -31.25323903194549, 39.407360867118577 ], [ -31.253386652949278, 39.407439757477604 ], [ -31.253428956399052, 39.407489857130471 ], [ -31.253465899912211, 39.407522036669754 ], [ -31.253513981160019, 39.407540688391883 ], [ -31.253560761836191, 39.407532380952311 ], [ -31.253611336727296, 39.407483675996801 ], [ -31.253641281741032, 39.407475116628611 ], [ -31.253669383815325, 39.407479953437083 ], [ -31.25371757785841, 39.407498786966983 ], [ -31.253779116967795, 39.40750872083796 ], [ -31.253895077837122, 39.407483342009193 ], [ -31.253934544164242, 39.407474924607627 ], [ -31.253983995374753, 39.407471253041031 ], [ -31.254018510848837, 39.407512314860469 ], [ -31.254039772143859, 39.407530653841427 ], [ -31.254124057796123, 39.407527324038817 ], [ -31.254185119000198, 39.40752382666475 ], [ -31.254224359516201, 39.407524415679745 ], [ -31.254269180005032, 39.40752950328929 ], [ -31.254296474772662, 39.407543427832678 ], [ -31.254324597766935, 39.407579979661378 ], [ -31.254321833726937, 39.40760237193625 ], [ -31.254301318117751, 39.407642608578108 ], [ -31.254240387294814, 39.407668813829531 ], [ -31.254208932966304, 39.407677350696439 ], [ -31.254187357266332, 39.407699551596188 ], [ -31.254185988968224, 39.407726470671008 ], [ -31.254189609637354, 39.40775364483094 ], [ -31.254209974734827, 39.407807918945188 ], [ -31.254391776738771, 39.407941380526239 ], [ -31.254411534991423, 39.407964111733754 ], [ -31.254430506004379, 39.408018455885951 ], [ -31.254439346350559, 39.408041203425 ], [ -31.254455981330548, 39.408077401704503 ], [ -31.25448298270738, 39.408158986180155 ], [ -31.254506947265341, 39.408213314262269 ], [ -31.254532871915291, 39.408254247899912 ], [ -31.25456389899135, 39.408290843252971 ], [ -31.254673657322471, 39.408341954756892 ], [ -31.254706057123318, 39.408351450861495 ], [ -31.254735081222382, 39.408351886397845 ], [ -31.25477409273925, 39.408357066845213 ], [ -31.254832730242825, 39.40836695662324 ], [ -31.254923539232077, 39.408390843942264 ], [ -31.255112226487764, 39.408420614519457 ], [ -31.255146245724216, 39.408425719944717 ], [ -31.255176893684936, 39.408421584681591 ], [ -31.255207534450555, 39.408413125449393 ], [ -31.255259755758424, 39.408386879140558 ], [ -31.25528295400013, 39.408360107331987 ], [ -31.255315121201342, 39.408234452111827 ], [ -31.255319975933048, 39.408212091175585 ], [ -31.255332370623577, 39.408180742439576 ], [ -31.255417463639898, 39.408173008962223 ], [ -31.255591751801628, 39.408202652870642 ], [ -31.255630068926845, 39.408207733417733 ], [ -31.255670368619189, 39.408221762591388 ], [ -31.255828942347787, 39.40820621103552 ], [ -31.255970805846786, 39.408194734345351 ], [ -31.25601782834325, 39.408200034501753 ], [ -31.256059275193159, 39.408200655983599 ], [ -31.256098873386847, 39.408210259637016 ], [ -31.256147655266293, 39.408233515833167 ], [ -31.256185304277668, 39.408270029848829 ], [ -31.256226126052834, 39.408351730146443 ], [ -31.256258931942217, 39.408428895395524 ], [ -31.256278578752411, 39.40845612957105 ], [ -31.256447285078991, 39.408476768710081 ], [ -31.256533999834751, 39.408464554677316 ], [ -31.256706391107084, 39.408449118958458 ], [ -31.256758751086679, 39.408445309616894 ], [ -31.256797179463685, 39.408445885594233 ], [ -31.256843056970133, 39.408469188068288 ], [ -31.256851093903254, 39.408496247240748 ], [ -31.256846595266531, 39.408532309537947 ], [ -31.256836993804427, 39.408568115156427 ], [ -31.256831682465762, 39.408604164370928 ], [ -31.256854117690668, 39.408636035294577 ], [ -31.256885150651712, 39.408672449925888 ], [ -31.256897370672149, 39.408708762792742 ], [ -31.256887768069742, 39.408744567496363 ], [ -31.256805401190935, 39.40881541134091 ], [ -31.256738440791754, 39.408850537429466 ], [ -31.256688203530086, 39.408885733046468 ], [ -31.2566447152868, 39.408943735667215 ], [ -31.25662849585482, 39.408979441163531 ], [ -31.256655751955162, 39.409083553723669 ], [ -31.256670176199233, 39.409115303699494 ], [ -31.256688654463041, 39.409133510385004 ], [ -31.256712122900129, 39.409151881964291 ], [ -31.256745107819278, 39.409165891226586 ], [ -31.256784707192448, 39.409180089718561 ], [ -31.257031185236738, 39.40930992242329 ], [ -31.257113176398224, 39.409338180848067 ], [ -31.257233940295265, 39.40935792020818 ], [ -31.25737677524106, 39.40939619014987 ], [ -31.257422178289413, 39.409405880332436 ], [ -31.257452849380609, 39.40942886463224 ], [ -31.257471577834664, 39.409469688903208 ], [ -31.257455244302605, 39.40950998875708 ], [ -31.257428786972618, 39.409523017112178 ], [ -31.257270839348365, 39.409597323886985 ], [ -31.257233356130012, 39.409614691033376 ], [ -31.257189257864773, 39.409636554993966 ], [ -31.257139718560062, 39.40967635721038 ], [ -31.257097959868165, 39.409720870153414 ], [ -31.257078946602295, 39.409752119888992 ], [ -31.257070266005602, 39.409778928514484 ], [ -31.257074701681979, 39.40980602469935 ], [ -31.25713014818216, 39.409883529886059 ], [ -31.257162909246013, 39.409906545580661 ], [ -31.257208318798195, 39.409920650798625 ], [ -31.257359003312246, 39.409904888867189 ], [ -31.257432597767728, 39.409892566787896 ], [ -31.257666065213854, 39.409877955553945 ], [ -31.25768141264162, 39.409905305282706 ], [ -31.257692934892667, 39.409937012559148 ], [ -31.257691681134766, 39.409959428439031 ], [ -31.257584945469723, 39.410048016762133 ], [ -31.257517177741317, 39.410087546044785 ], [ -31.25746704808909, 39.410113733696342 ], [ -31.25741909881911, 39.41011761033392 ], [ -31.257360821922415, 39.410121152010156 ], [ -31.25731195291376, 39.410134024726318 ], [ -31.257289454769683, 39.410160627226112 ], [ -31.257275080603293, 39.410187530750285 ], [ -31.257264665209522, 39.410223324198597 ], [ -31.257270072410634, 39.410300078600024 ], [ -31.257282066888056, 39.410340802893813 ], [ -31.257328810684037, 39.410417996481584 ], [ -31.257362742784874, 39.410454634620905 ], [ -31.257414318213407, 39.410482347001427 ], [ -31.257483032891553, 39.410465446829782 ], [ -31.257536183177208, 39.410434619279933 ], [ -31.257577961503912, 39.410417315487649 ], [ -31.257610809977191, 39.410408797703724 ], [ -31.257648434112649, 39.41041377621147 ], [ -31.257717224016364, 39.410477876061769 ], [ -31.257737676200477, 39.41050079730131 ], [ -31.257754082989013, 39.41054158674396 ], [ -31.257745293248156, 39.410577404587286 ], [ -31.257694468420464, 39.410608177870877 ], [ -31.257675484300083, 39.41067096189736 ], [ -31.257670063300086, 39.410711425251087 ], [ -31.257656858193442, 39.410747356237195 ], [ -31.257568458976078, 39.410827120121226 ], [ -31.257527735055202, 39.410858044657914 ], [ -31.257405176108783, 39.410905671864882 ], [ -31.257319268913022, 39.410917989622561 ], [ -31.257267609378601, 39.410921629499633 ], [ -31.257213383084956, 39.410916402087722 ], [ -31.257121175022718, 39.410887900521615 ], [ -31.257046013043304, 39.410841815635273 ], [ -31.257015341487509, 39.410818831222677 ], [ -31.256991175794173, 39.410800449255163 ], [ -31.256957266331053, 39.410790931155432 ], [ -31.256900024756799, 39.41078547820991 ], [ -31.256866703722611, 39.410784978805417 ], [ -31.25682235325116, 39.410788908229819 ], [ -31.256793442521584, 39.41078387985651 ], [ -31.256678035116749, 39.410782150022456 ], [ -31.256592375869683, 39.410812490764108 ], [ -31.256500353774133, 39.410865169811885 ], [ -31.256452787006562, 39.410905000387871 ], [ -31.256430289952128, 39.41093619778021 ], [ -31.256404917133604, 39.41099429076025 ], [ -31.2563949762324, 39.411043696186987 ], [ -31.25639164602536, 39.41108878586784 ], [ -31.256399235425516, 39.411133858155011 ], [ -31.256423066156458, 39.411170345124759 ], [ -31.256518810655095, 39.411257373618056 ], [ -31.256638343666133, 39.411326649620293 ], [ -31.256679810937655, 39.411349886052896 ], [ -31.256714894640897, 39.411372936687556 ], [ -31.256761746690618, 39.411441122212644 ], [ -31.25677360695704, 39.411463914835487 ], [ -31.256794757983808, 39.411486756612994 ], [ -31.256830537270563, 39.41150981763878 ], [ -31.256954901859263, 39.411529701375706 ], [ -31.257014347201416, 39.411530592275291 ], [ -31.257059868835992, 39.411540284383101 ], [ -31.257110525142981, 39.411576993026081 ], [ -31.257113339386237, 39.411608569855076 ], [ -31.257042342231294, 39.411805721913147 ], [ -31.256983244513329, 39.411935477998853 ], [ -31.256969456542425, 39.411966806011925 ], [ -31.25694150795923, 39.412007021794594 ], [ -31.256922945508986, 39.412024852591848 ], [ -31.256901481426645, 39.412042550699425 ], [ -31.256854593234099, 39.412059777649063 ], [ -31.256786571260861, 39.412076777013091 ], [ -31.256733515295473, 39.412080486715048 ], [ -31.256703567455141, 39.412089047720904 ], [ -31.256692144692796, 39.412169964703082 ], [ -31.256672596025851, 39.412255355829018 ], [ -31.256656374616643, 39.412291061275589 ], [ -31.25662622699933, 39.41233565886612 ], [ -31.256478066554589, 39.412455069686914 ], [ -31.256438960550078, 39.412481603227654 ], [ -31.256409148172132, 39.412512690034369 ], [ -31.256394773713456, 39.412534909182618 ], [ -31.256388299004861, 39.412566346761572 ], [ -31.256392033997436, 39.412588927505588 ], [ -31.25640447486381, 39.412611728866942 ], [ -31.256472569059667, 39.412675818108369 ], [ -31.256508349991218, 39.412698879257377 ], [ -31.256555851144427, 39.412713016091715 ], [ -31.256860795555198, 39.412771646413468 ], [ -31.256918399972395, 39.412790529577059 ], [ -31.256948712184748, 39.41279999377911 ], [ -31.256995763764021, 39.412832233595026 ], [ -31.257045855656155, 39.412891638753628 ], [ -31.257188286719131, 39.413119018895095 ], [ -31.257222000187326, 39.413164483494192 ], [ -31.257257441234689, 39.413196548319661 ], [ -31.257483419650438, 39.413366616556594 ], [ -31.257575182584926, 39.413413130978974 ], [ -31.257660557866192, 39.413454954585895 ], [ -31.257714925127264, 39.413487303710745 ], [ -31.257757681459051, 39.413519478874349 ], [ -31.257793825827669, 39.413555968924292 ], [ -31.257813942557238, 39.413592399970028 ], [ -31.257825695880133, 39.413619515632647 ], [ -31.257832358134795, 39.413669168977243 ], [ -31.257857359536182, 39.413714683085729 ], [ -31.257993080372003, 39.413833843837629 ], [ -31.258042926027045, 39.413870539934337 ], [ -31.258114398763812, 39.413948284673388 ], [ -31.258149392237033, 39.413998362323511 ], [ -31.258194245331282, 39.414034983581608 ], [ -31.258235020289529, 39.414058118997268 ], [ -31.258408872024805, 39.414101267081449 ], [ -31.258444990555621, 39.414110817845625 ], [ -31.25847287105924, 39.41412934523823 ], [ -31.258495420794844, 39.414156712600906 ], [ -31.258507640734859, 39.414188429329542 ], [ -31.258512437636895, 39.41422904570463 ], [ -31.258519344097301, 39.414418355198762 ], [ -31.25860825479575, 39.414640337129313 ], [ -31.25863766747489, 39.414681322071857 ], [ -31.258655809243923, 39.414713128351657 ], [ -31.258672690013711, 39.414762934644152 ], [ -31.258677820988087, 39.414790131262954 ], [ -31.258664505701915, 39.414830476440308 ], [ -31.258599663153401, 39.414896988788257 ], [ -31.258551623970408, 39.414932399164236 ], [ -31.258542942056703, 39.414959207857706 ], [ -31.25861906445342, 39.415167663627265 ], [ -31.258637904168804, 39.415199480358766 ], [ -31.25877787434008, 39.415264645336073 ], [ -31.258818986369601, 39.415274270748668 ], [ -31.258863812202062, 39.41527935669852 ], [ -31.258910365965789, 39.415275638799393 ], [ -31.258975602076031, 39.415254001466863 ], [ -31.259008565891595, 39.415240980087169 ], [ -31.259103071186665, 39.41523338487896 ], [ -31.259155431707761, 39.415229753802642 ], [ -31.259257501780606, 39.415240292400071 ], [ -31.259305706024364, 39.415258942693185 ], [ -31.259363090287998, 39.415286831260602 ], [ -31.259410260759108, 39.415319071886032 ], [ -31.259438977508559, 39.415360046211319 ], [ -31.259458448101412, 39.415450525790874 ], [ -31.259481055341656, 39.41553636716165 ], [ -31.259487470262634, 39.415567997809489 ], [ -31.25947685644914, 39.415644512297099 ], [ -31.259463792295005, 39.415702791018134 ], [ -31.259470209100041, 39.415739015841289 ], [ -31.259486956287198, 39.415766206071702 ], [ -31.259577357200651, 39.415839638139055 ], [ -31.259744201332524, 39.415959352712697 ], [ -31.259798122350748, 39.416009713989673 ], [ -31.259834154811809, 39.416050796781242 ], [ -31.25996974135376, 39.416264467055683 ], [ -31.259997755768993, 39.416301014983119 ], [ -31.260164358118825, 39.416407121296309 ], [ -31.260207928245176, 39.416434712691412 ], [ -31.260382951632106, 39.41660860719778 ], [ -31.26047256788048, 39.416709056529072 ], [ -31.260680899119539, 39.416860834841643 ], [ -31.260810659775466, 39.416925754602445 ], [ -31.261100658986599, 39.416997755365223 ], [ -31.261200669396434, 39.417035200170801 ], [ -31.261243653301829, 39.417058367566121 ], [ -31.261408109053519, 39.417101370732823 ], [ -31.261465356210866, 39.417106821575906 ], [ -31.261504486135113, 39.417107406518028 ], [ -31.261580184136314, 39.417099528170624 ], [ -31.261622558001779, 39.417091151665026 ], [ -31.261679913890784, 39.417087504030725 ], [ -31.261771773161929, 39.417102392766466 ], [ -31.261886881199924, 39.417144657684574 ], [ -31.261975839952896, 39.417159411910731 ], [ -31.262023460329075, 39.417173638410965 ], [ -31.262063985719749, 39.417178839067077 ], [ -31.262098820560738, 39.41717935962469 ], [ -31.262147915194554, 39.417157568511158 ], [ -31.262182640416075, 39.417162502255778 ], [ -31.262208540613884, 39.417171989269669 ], [ -31.262247703897991, 39.417204019005872 ], [ -31.262278851799117, 39.417236019063211 ], [ -31.262283065130383, 39.417272210809827 ], [ -31.262252858234991, 39.417375372387497 ], [ -31.262233517168163, 39.417424547729787 ], [ -31.262198732378291, 39.417478176545707 ], [ -31.262152207132541, 39.417513430820421 ], [ -31.262113097146059, 39.417535370236301 ], [ -31.262070726246368, 39.417548342010861 ], [ -31.262021515194171, 39.417570131348512 ], [ -31.261971050356884, 39.417614335671757 ], [ -31.261945900937494, 39.417663514257789 ], [ -31.26193908832736, 39.417703956082029 ], [ -31.261944334852778, 39.417726559234083 ], [ -31.262064770461397, 39.417877111566078 ], [ -31.26221870532137, 39.418082042624931 ], [ -31.262251830781178, 39.418118667285043 ], [ -31.262285996101671, 39.418146117378228 ], [ -31.262412860934752, 39.418215586242283 ], [ -31.262452129034536, 39.418238697677133 ], [ -31.262477109291048, 39.418257180785474 ], [ -31.26249955229807, 39.418288960629511 ], [ -31.26254839596691, 39.418366273573326 ], [ -31.262739395239571, 39.418598968460344 ], [ -31.262779030416063, 39.418640104161909 ], [ -31.262866286040168, 39.41869546691229 ], [ -31.262911473463902, 39.418714161661526 ], [ -31.262952259264445, 39.418741710447563 ], [ -31.263024494307643, 39.418873431950054 ], [ -31.263038001938192, 39.418914267427951 ], [ -31.263045233798103, 39.418945819979001 ], [ -31.263048050899229, 39.418977396692128 ], [ -31.263045759939715, 39.419008896212844 ], [ -31.262988898809542, 39.419165719237704 ], [ -31.262964469889091, 39.419242027681413 ], [ -31.262959281276078, 39.419277898767909 ], [ -31.26295872001052, 39.419300505224022 ], [ -31.263001455906398, 39.419422686127625 ], [ -31.263108185790628, 39.419564022771588 ], [ -31.263158544869622, 39.419645863035399 ], [ -31.263172277351327, 39.419677602758675 ], [ -31.263176040797596, 39.419727213390338 ], [ -31.263143297844927, 39.419848356177141 ], [ -31.26307189738834, 39.419977842291942 ], [ -31.262944939472465, 39.420174161048905 ], [ -31.262902061987543, 39.420263618649749 ], [ -31.262886767355145, 39.420299519872877 ], [ -31.262865777457414, 39.42032614593024 ], [ -31.262829819732829, 39.420366152442774 ], [ -31.262797579897839, 39.42041081042774 ], [ -31.262781023899457, 39.420464711681184 ], [ -31.262775496450971, 39.420509588485011 ], [ -31.262780046716976, 39.420532180291211 ], [ -31.26279400059115, 39.420555003566704 ], [ -31.262893228888291, 39.420619555036701 ], [ -31.262966530823, 39.420652184551116 ], [ -31.263085384071143, 39.420717028080375 ], [ -31.263129767469639, 39.420744720634552 ], [ -31.263172644712537, 39.420772300579209 ], [ -31.263207031943391, 39.420790924019954 ], [ -31.263231682380621, 39.420822736684634 ], [ -31.263232434323236, 39.420881401424381 ], [ -31.263228856167757, 39.420903872723258 ], [ -31.263234692581669, 39.420935494514012 ], [ -31.263260846129779, 39.420962913870682 ], [ -31.263296855000519, 39.420972371410464 ], [ -31.263434330792279, 39.420965505431994 ], [ -31.263472881356165, 39.420961486029412 ], [ -31.263513523069868, 39.420962092884444 ], [ -31.263550452138411, 39.420967239336683 ], [ -31.263597262564758, 39.42098145311094 ], [ -31.263681982317973, 39.421050202133955 ], [ -31.263747215522198, 39.421141274103476 ], [ -31.263763961140214, 39.421168643890354 ], [ -31.26377711143137, 39.42119577980089 ], [ -31.263782718017261, 39.421231992278472 ], [ -31.263771610628247, 39.421272370975295 ], [ -31.263744446558565, 39.421280975321231 ], [ -31.263505004367303, 39.421277399374191 ], [ -31.263204705116102, 39.421263904196266 ], [ -31.263143270814332, 39.421253886706829 ], [ -31.263098692552042, 39.421266735768093 ], [ -31.263073595489377, 39.421369973807373 ], [ -31.263064015473606, 39.421432989175628 ], [ -31.263065801640391, 39.421478065318958 ], [ -31.263073728261887, 39.42150971743218 ], [ -31.263234677850885, 39.421755386493444 ], [ -31.263354174437485, 39.422000346215967 ], [ -31.263406510510556, 39.422086810923787 ], [ -31.263522856648873, 39.422313703639041 ], [ -31.263586188299044, 39.422481421477727 ], [ -31.263620072031461, 39.422576530363862 ], [ -31.263627193858273, 39.422612586168405 ], [ -31.263614072290171, 39.422851149683879 ], [ -31.26360616648422, 39.423080872173855 ], [ -31.263584754141995, 39.423269668277932 ], [ -31.263558876815111, 39.423526061081425 ], [ -31.263552984746028, 39.423557507721156 ], [ -31.263565932539514, 39.423737987159463 ], [ -31.263611712178964, 39.423999864724777 ], [ -31.26365818547448, 39.424261843620464 ], [ -31.26374190032865, 39.424488338955491 ], [ -31.263875444816133, 39.42472458802856 ], [ -31.264033581023757, 39.424934174375956 ], [ -31.264222061938444, 39.425180343091533 ], [ -31.264386929168293, 39.425380929437367 ], [ -31.26449967910257, 39.425607947645894 ], [ -31.264561566754008, 39.425834116630185 ], [ -31.264657627017268, 39.426092329223685 ], [ -31.26467811574625, 39.42614218934596 ], [ -31.264691291504757, 39.426196444383216 ], [ -31.264693387135555, 39.426318108240295 ], [ -31.264690287400018, 39.426588355912273 ], [ -31.264733726855152, 39.426827674225116 ], [ -31.264766639338468, 39.427112064168135 ], [ -31.264762759258161, 39.427179489422137 ], [ -31.264721082478772, 39.427426636708411 ], [ -31.26473277821486, 39.427629621966247 ], [ -31.264784231580588, 39.427869059809076 ], [ -31.264770773886511, 39.428116628150015 ], [ -31.264762088025236, 39.428143618298009 ], [ -31.264747603234198, 39.428174936758872 ], [ -31.264724182729424, 39.428210535822366 ], [ -31.264548889251554, 39.428397215846537 ], [ -31.264367988670617, 39.428547682271478 ], [ -31.264266929239323, 39.428640775891317 ], [ -31.264124719092305, 39.428809749077061 ], [ -31.264094456885626, 39.428858851704057 ], [ -31.264002805288094, 39.429073808142093 ], [ -31.263972680816021, 39.429145436597047 ], [ -31.263937082579805, 39.429203558600371 ], [ -31.263844508235422, 39.429305789288364 ], [ -31.263664330926019, 39.429487799955204 ], [ -31.263502045272677, 39.429679086482551 ], [ -31.263389871775953, 39.42980796366917 ], [ -31.263358432070437, 39.429843622881059 ], [ -31.263257933896607, 39.4299186150023 ], [ -31.263023226856735, 39.430041336105532 ], [ -31.262988862125248, 39.430049742583925 ], [ -31.262941372493557, 39.430062638137805 ], [ -31.262890395783902, 39.430066291503941 ], [ -31.262757867392381, 39.430167923553945 ], [ -31.262537509778042, 39.430358342027972 ], [ -31.262330831831804, 39.430526528981638 ], [ -31.262097013696771, 39.430730260272988 ], [ -31.261923331932564, 39.430912364313954 ], [ -31.261715193767529, 39.431134497481601 ], [ -31.261501112403163, 39.431333927516135 ], [ -31.261448093406507, 39.431391698173286 ], [ -31.261314969228277, 39.431605942181257 ], [ -31.261204150411853, 39.431829620425972 ], [ -31.261157210613028, 39.431932531224511 ], [ -31.2610755424537, 39.432151959178903 ], [ -31.261045299348126, 39.432228180071938 ], [ -31.261025366919796, 39.432272841281645 ], [ -31.260858571187683, 39.432500186090884 ], [ -31.260824699352401, 39.432544727986667 ], [ -31.260787036649578, 39.432629667514902 ], [ -31.260764970728825, 39.4327554748401 ], [ -31.260693429141863, 39.433006768698547 ], [ -31.26058193838999, 39.433257284744343 ], [ -31.260534688413138, 39.433405329182897 ], [ -31.260445250112674, 39.433642661034831 ], [ -31.260371026824892, 39.433884904655315 ], [ -31.260306040404021, 39.434190174415136 ], [ -31.260237112251371, 39.434509081053527 ], [ -31.260187513316186, 39.434751512722784 ], [ -31.260141510037915, 39.43499417835519 ], [ -31.260105531111122, 39.435272943331945 ], [ -31.26009661322184, 39.43542597590028 ], [ -31.260090102685705, 39.43554291580449 ], [ -31.260078745184465, 39.435822049143667 ], [ -31.260051090124669, 39.43606039419624 ], [ -31.260034676081077, 39.43639801599619 ], [ -31.260057438954959, 39.436650720329332 ], [ -31.260101231214328, 39.436908154141513 ], [ -31.260132456164531, 39.437138281090341 ], [ -31.260162924495123, 39.437431554075893 ], [ -31.260217295350131, 39.437698156866098 ], [ -31.260292939265977, 39.437987690857604 ], [ -31.260343455242069, 39.438231801330183 ], [ -31.260348478468355, 39.438263410114303 ], [ -31.260393976746311, 39.438480325790387 ], [ -31.260447428176334, 39.438755923651868 ], [ -31.260517964841203, 39.439040696830851 ], [ -31.260533346289346, 39.439094986120701 ], [ -31.260523698865853, 39.439338105475805 ], [ -31.260561954742684, 39.439636090702429 ], [ -31.26061072133356, 39.439866478946534 ], [ -31.260694329942918, 39.440097569429113 ], [ -31.260794692341658, 39.440355849028471 ], [ -31.260944394586758, 39.440583242738207 ], [ -31.261141428437053, 39.440752960144131 ], [ -31.261261850597069, 39.44084476852462 ], [ -31.261459246154001, 39.441023410569564 ], [ -31.261651926286959, 39.441251536039118 ], [ -31.261700867572859, 39.441297407105658 ], [ -31.261945065055151, 39.441463143082942 ], [ -31.262091315003097, 39.441600566177591 ], [ -31.262203493487291, 39.441818477669308 ], [ -31.262327184097789, 39.442045479951808 ], [ -31.262439947927966, 39.442267994988171 ], [ -31.26245519419793, 39.442299757334084 ], [ -31.262466139593638, 39.442326949578259 ], [ -31.262482413616105, 39.442462339802361 ], [ -31.262453171708994, 39.442615068712563 ], [ -31.262432616183865, 39.442740898726427 ], [ -31.262443693827176, 39.442907744914201 ], [ -31.262511652893746, 39.443156438821127 ], [ -31.262635784516586, 39.443361103785222 ], [ -31.262811886266341, 39.443611503368103 ], [ -31.26294068861716, 39.443834077310328 ], [ -31.262984939253979, 39.44395195575369 ], [ -31.263029530299285, 39.444177775598945 ], [ -31.263088911403813, 39.444444450823333 ], [ -31.263148073402917, 39.444724637527301 ], [ -31.263170992091027, 39.445004372929318 ], [ -31.263258217578745, 39.445352461688955 ], [ -31.263296047523784, 39.445434114558132 ], [ -31.263408714204136, 39.445665546006474 ], [ -31.263432586613902, 39.445729061653367 ], [ -31.263494042248354, 39.445856115694951 ], [ -31.26359858299536, 39.4460919314281 ], [ -31.263680365934324, 39.446336416186227 ], [ -31.263732802662904, 39.446625511968982 ], [ -31.263744752799575, 39.446729301979609 ], [ -31.263889636957707, 39.447240607903602 ], [ -31.263926660898015, 39.447326753450184 ], [ -31.263949117756283, 39.447363037176203 ], [ -31.264021075470534, 39.447418260766725 ], [ -31.264115934414658, 39.447487159898998 ], [ -31.264152208667085, 39.447519235937861 ], [ -31.264202945078136, 39.447610091035202 ], [ -31.264364989091369, 39.447842258639731 ], [ -31.264568020494494, 39.448057109059839 ], [ -31.264778881318733, 39.448312439227578 ], [ -31.264899206859347, 39.448525964679618 ], [ -31.265072061073894, 39.448762887638416 ], [ -31.265175662128712, 39.448976073154178 ], [ -31.26524100666601, 39.449152738482319 ], [ -31.265265693877257, 39.44921626499395 ], [ -31.265294430703712, 39.449257147980902 ], [ -31.265351141225668, 39.449280608780171 ], [ -31.265415985899438, 39.449304100800092 ], [ -31.26556935302402, 39.449328823192673 ], [ -31.265672503933686, 39.449325947000915 ], [ -31.265727914709657, 39.449322178464357 ], [ -31.265768572954201, 39.449322784893468 ], [ -31.265987953542741, 39.449380115910131 ], [ -31.266041983615043, 39.449394526543443 ], [ -31.266092642571699, 39.449404291853803 ], [ -31.2661298147226, 39.449400251144183 ], [ -31.266207135935701, 39.449356444947824 ], [ -31.266257985933336, 39.449325669580233 ], [ -31.266410483256671, 39.44929640885217 ], [ -31.266451256574445, 39.449292422631892 ], [ -31.266576644034867, 39.449334835450486 ], [ -31.266698338870995, 39.44940431365918 ], [ -31.26679261558461, 39.449468787113567 ], [ -31.266839340645653, 39.449491918146556 ], [ -31.266887564721753, 39.449506151745894 ], [ -31.266951457120648, 39.449507104076091 ], [ -31.267006747357339, 39.449503513330768 ], [ -31.267059727670251, 39.449508717792163 ], [ -31.267105158049596, 39.449518404735571 ], [ -31.267134448744688, 39.449536951082585 ], [ -31.267233452031967, 39.449678077509738 ], [ -31.267254981955542, 39.449714347688456 ], [ -31.267539041114091, 39.449858322477603 ], [ -31.267722293494508, 39.449910516896473 ], [ -31.267768424764249, 39.449924808150826 ], [ -31.267801323892972, 39.449947822919377 ], [ -31.26782494875642, 39.449988719230603 ], [ -31.267825228918085, 39.45003368169121 ], [ -31.267800877477328, 39.450078458298265 ], [ -31.267763517086259, 39.450122950093238 ], [ -31.267734502753967, 39.450149547404692 ], [ -31.267715015536819, 39.450176195648623 ], [ -31.267709009948732, 39.45021223570086 ], [ -31.267724650882919, 39.450284546680166 ], [ -31.267845632132786, 39.450443929634147 ], [ -31.267872499711142, 39.450475864385048 ], [ -31.267888330989553, 39.450507634722712 ], [ -31.267898471043505, 39.450539319375721 ], [ -31.267894365321691, 39.450615931191479 ], [ -31.267891599990243, 39.450638414637687 ], [ -31.26789733231444, 39.450674448458052 ], [ -31.267914197841886, 39.450697314440895 ], [ -31.267943826303021, 39.450702260733948 ], [ -31.267974375016912, 39.450698210871359 ], [ -31.268012018200956, 39.450703276536196 ], [ -31.268045617034886, 39.450726211560166 ], [ -31.268076087311979, 39.450758199928508 ], [ -31.268152774161905, 39.450885478372236 ], [ -31.268169532803473, 39.450917352582501 ], [ -31.268196176333436, 39.450953698751043 ], [ -31.26823278681373, 39.450972352945826 ], [ -31.268351195324492, 39.451001055940125 ], [ -31.268396040339734, 39.45100631883723 ], [ -31.26842427712889, 39.451011154184428 ], [ -31.268453680375629, 39.45102519694948 ], [ -31.26863630187464, 39.451248566018755 ], [ -31.268679028531803, 39.451339389997628 ], [ -31.268689864931904, 39.451371084949649 ], [ -31.26869489949117, 39.451407109241046 ], [ -31.268692969588507, 39.451452218982581 ], [ -31.268687191961405, 39.451479072422238 ], [ -31.268693506811896, 39.451519710803474 ], [ -31.268708864794778, 39.451542463224136 ], [ -31.268754556855111, 39.451579273093472 ], [ -31.268781534450081, 39.451602109318195 ], [ -31.268809683208893, 39.451638657054367 ], [ -31.268815408039654, 39.451670276787802 ], [ -31.268807202426039, 39.451710698063415 ], [ -31.268776349703664, 39.451755197867286 ], [ -31.268750459127915, 39.451772922177476 ], [ -31.268681592176602, 39.451794420487531 ], [ -31.268375860044149, 39.45182131114089 ], [ -31.268364413858222, 39.451875199804412 ], [ -31.268347711250453, 39.451902069813855 ], [ -31.268306160953703, 39.451937400312474 ], [ -31.268271891903851, 39.451941484946374 ], [ -31.268236233245563, 39.451945367775004 ], [ -31.268201382134592, 39.451944848692726 ], [ -31.268172928594833, 39.451953434744802 ], [ -31.268169126863739, 39.451984912611152 ], [ -31.268186586220367, 39.452016706252849 ], [ -31.268215292786582, 39.452030738701943 ], [ -31.268247716830327, 39.452040141387812 ], [ -31.268275840197703, 39.452049570109899 ], [ -31.268275168404124, 39.452076679767316 ], [ -31.268261295001647, 39.452139451122314 ], [ -31.268236688884073, 39.452161609274398 ], [ -31.268204767276675, 39.452188252586147 ], [ -31.268138027449726, 39.452245822569537 ], [ -31.268087315093087, 39.452299125422634 ], [ -31.268055144961473, 39.452307656083889 ], [ -31.268018675213536, 39.452316121787995 ], [ -31.267910654231372, 39.452332442262424 ], [ -31.267776972301615, 39.452366579342808 ], [ -31.267774098609596, 39.452393475993297 ], [ -31.267801998798362, 39.452411911359079 ], [ -31.267848354941197, 39.452417196985245 ], [ -31.267920373169726, 39.452409260001772 ], [ -31.267952435141961, 39.452405142595694 ], [ -31.267984383264732, 39.452405618510369 ], [ -31.268286438284175, 39.452414713560565 ], [ -31.268317350007113, 39.452424183802187 ], [ -31.268340140906744, 39.452442451944997 ], [ -31.26838479577448, 39.452488256364489 ], [ -31.268394235718663, 39.452515336416702 ], [ -31.268393341968082, 39.452551451720829 ], [ -31.268390563479354, 39.452785663843962 ], [ -31.268371185871313, 39.452920522159623 ], [ -31.268358091270805, 39.452951860726927 ], [ -31.268348404660163, 39.453019199364377 ], [ -31.268307386042927, 39.453122200868982 ], [ -31.268229780915501, 39.453233666383426 ], [ -31.268168507305109, 39.453300416833862 ], [ -31.268098305071508, 39.453380458935499 ], [ -31.268033655164906, 39.453438059969713 ], [ -31.267974451809017, 39.453482226421791 ], [ -31.267930439030508, 39.453499590480334 ], [ -31.267903159111363, 39.453517112795723 ], [ -31.267846609454125, 39.453543299909931 ], [ -31.267807927102346, 39.453547228553674 ], [ -31.267771566051739, 39.453551281866474 ], [ -31.267613808105615, 39.453557940386538 ], [ -31.267590241192213, 39.453571013924936 ], [ -31.267573062905491, 39.453588867772275 ], [ -31.267527711373052, 39.45366026993976 ], [ -31.267527741963491, 39.453687208951621 ], [ -31.267561002627954, 39.453723834050059 ], [ -31.267599457267863, 39.453724407022499 ], [ -31.267633724995303, 39.453720412673476 ], [ -31.267730016510349, 39.453703828525576 ], [ -31.267761855822378, 39.453708717711962 ], [ -31.267761994741335, 39.453731243510639 ], [ -31.267741579354936, 39.45376247383421 ], [ -31.267693103631213, 39.453847434394866 ], [ -31.26766852512544, 39.45389662148056 ], [ -31.267655682747598, 39.453945893322924 ], [ -31.267638761646317, 39.453986185540558 ], [ -31.267598076307742, 39.454075676956222 ], [ -31.267520411206132, 39.454133172963424 ], [ -31.267444926166878, 39.454158986727009 ], [ -31.267318079152883, 39.454175116191536 ], [ -31.267301575145687, 39.454170455416438 ], [ -31.267264489569502, 39.454142783095186 ], [ -31.267270266860244, 39.454111335614947 ], [ -31.267334471375499, 39.454071748085568 ], [ -31.267374544777276, 39.45406793042968 ], [ -31.267446092140535, 39.454050977787865 ], [ -31.267473379163704, 39.454037869615583 ], [ -31.267488455108165, 39.454011064705902 ], [ -31.267488429003386, 39.453983945565327 ], [ -31.267482704624474, 39.453952325787647 ], [ -31.267467230390753, 39.453929570579341 ], [ -31.267447345924456, 39.453911255478339 ], [ -31.267422354205504, 39.453897368293944 ], [ -31.267389118419704, 39.453887863180299 ], [ -31.267355071685543, 39.453882940996735 ], [ -31.267294525202718, 39.453864019020031 ], [ -31.267270453926884, 39.453841135668668 ], [ -31.267223254367185, 39.453808897781585 ], [ -31.267187818024357, 39.453803774642886 ], [ -31.267148666285593, 39.453803191144566 ], [ -31.266994144966308, 39.453796473278771 ], [ -31.266987498111895, 39.453769255456059 ], [ -31.266983866261491, 39.453742261867859 ], [ -31.266959567268181, 39.453723879984153 ], [ -31.266933065413451, 39.453709970186246 ], [ -31.266866011033397, 39.45368635595969 ], [ -31.266835572645817, 39.453685902238107 ], [ -31.266843391313706, 39.453722148288925 ], [ -31.266864560211904, 39.453744898366246 ], [ -31.266899806793106, 39.453790472105275 ], [ -31.266893800406876, 39.453826512077818 ], [ -31.266876630857197, 39.453848689777459 ], [ -31.266867943401397, 39.453875679933134 ], [ -31.26686785862492, 39.453907213147708 ], [ -31.266878112574485, 39.45393430454692 ], [ -31.266899167622366, 39.45396164794461 ], [ -31.266954798230664, 39.454061674709095 ], [ -31.266952039167453, 39.454088572136946 ], [ -31.266960108253954, 39.454142841612338 ], [ -31.26696153384896, 39.454174396437558 ], [ -31.266940087002883, 39.454219126016191 ], [ -31.266914895503625, 39.454236770222202 ], [ -31.266856473694602, 39.454249323163765 ], [ -31.266849045037084, 39.454258312379096 ], [ -31.266809668571689, 39.454262140241617 ], [ -31.266735886586492, 39.454252030526298 ], [ -31.266702065370172, 39.454238011563774 ], [ -31.266677542875282, 39.454228636140222 ], [ -31.266651847431394, 39.454210323473433 ], [ -31.26658943306926, 39.45418236433396 ], [ -31.266547374454163, 39.454177142270666 ], [ -31.266516008663402, 39.4541812696609 ], [ -31.266485571227726, 39.454180815860298 ], [ -31.266330606752884, 39.454191929101711 ], [ -31.266301700709008, 39.45421402271203 ], [ -31.266282094512704, 39.454240759010965 ], [ -31.266277596913913, 39.454276821444367 ], [ -31.266277039419833, 39.454299337756012 ], [ -31.266297706443048, 39.454403257395086 ], [ -31.266334881232588, 39.454399217582349 ], [ -31.266348336703391, 39.45438148861161 ], [ -31.266355624766518, 39.454350062806689 ], [ -31.266379391111432, 39.45430086390045 ], [ -31.26641538848277, 39.454283380928324 ], [ -31.266571530585857, 39.454285708907939 ], [ -31.266598848060386, 39.454299540849235 ], [ -31.26661873238335, 39.454317856992375 ], [ -31.266623982742825, 39.454340459891363 ], [ -31.266624007345278, 39.454367579005826 ], [ -31.266635156122245, 39.45447577241417 ], [ -31.266640880150195, 39.454507392223341 ], [ -31.266641721402003, 39.454534433413343 ], [ -31.266630715732614, 39.454565803813267 ], [ -31.26661284104253, 39.454583647130207 ], [ -31.26658125613687, 39.454596600021574 ], [ -31.266542801037861, 39.45459602670195 ], [ -31.266501327524065, 39.454600003390404 ], [ -31.266476951261037, 39.454617569554742 ], [ -31.266458735736681, 39.454644417615249 ], [ -31.266446564907152, 39.454671264798584 ], [ -31.2664020225283, 39.454738083542431 ], [ -31.266361245996372, 39.454742070572266 ], [ -31.266333121833856, 39.454732641372928 ], [ -31.266308938838243, 39.454714261985337 ], [ -31.266289166221473, 39.454691442531114 ], [ -31.26628682041493, 39.454668882929184 ], [ -31.266255399894767, 39.454614266114504 ], [ -31.266227891183501, 39.45464097466197 ], [ -31.266184497063964, 39.454694296571112 ], [ -31.266179523600666, 39.454716746128277 ], [ -31.266159496845031, 39.454793210498352 ], [ -31.266127713798198, 39.454842290705159 ], [ -31.266091158521839, 39.454882288985161 ], [ -31.266053179088566, 39.454890642346243 ], [ -31.266023798014739, 39.454903809047842 ], [ -31.26599662764016, 39.454916828514676 ], [ -31.265971323920951, 39.454938974860347 ], [ -31.265949622743122, 39.454965770852844 ], [ -31.265932337565829, 39.454987947581316 ], [ -31.265898573660863, 39.455032492353894 ], [ -31.265872684530425, 39.455050125922803 ], [ -31.265841208785584, 39.455058666312944 ], [ -31.265806246603667, 39.455067243890582 ], [ -31.265768262626178, 39.455071092165412 ], [ -31.265550680917617, 39.455090461300081 ], [ -31.265612063233323, 39.455131920373432 ], [ -31.265685655491005, 39.455182482194232 ], [ -31.265661414811859, 39.455222664022727 ], [ -31.265636337646402, 39.455240309649291 ], [ -31.265595117068052, 39.455262219380899 ], [ -31.26553610001897, 39.455265933118511 ], [ -31.265502059397555, 39.455265425305662 ], [ -31.265422602498436, 39.45527324978849 ], [ -31.265509682552981, 39.455337617809086 ], [ -31.265549424833161, 39.455347219621807 ], [ -31.265616618571602, 39.455388676187553 ], [ -31.265643009001273, 39.455407089546512 ], [ -31.265676716541265, 39.455425702143977 ], [ -31.265862800062894, 39.455509565440408 ], [ -31.265889305762126, 39.45552338544077 ], [ -31.265893635380721, 39.455554983581585 ], [ -31.265903772828729, 39.455703886460348 ], [ -31.265916923331954, 39.455726606311565 ], [ -31.265924049098139, 39.455762661879682 ], [ -31.26589223551391, 39.455784802111275 ], [ -31.265862381569576, 39.455788860867813 ], [ -31.265814400191488, 39.4557881452182 ], [ -31.265756062187059, 39.455769165278276 ], [ -31.265636251481087, 39.45574043959477 ], [ -31.265640358600297, 39.455781044271362 ], [ -31.265680462883807, 39.45580416711217 ], [ -31.265729164554173, 39.455827418179013 ], [ -31.265751960245304, 39.455850191817952 ], [ -31.26574525263386, 39.455881626232554 ], [ -31.265691019467791, 39.455903341897468 ], [ -31.265589362550852, 39.455901825494394 ], [ -31.265558333522247, 39.455892352773787 ], [ -31.265530097232208, 39.455887426629978 ], [ -31.265501385201887, 39.455873573633809 ], [ -31.265462208230556, 39.455845869543673 ], [ -31.265445925394147, 39.455827606934982 ], [ -31.265434168032296, 39.455804907815541 ], [ -31.26539833618903, 39.455754819089876 ], [ -31.265267743965328, 39.455631328785493 ], [ -31.265054349835584, 39.455538047171096 ], [ -31.26496299968348, 39.455500555434597 ], [ -31.264929401892168, 39.455477529444174 ], [ -31.264895694416815, 39.455463601752641 ], [ -31.264859220522357, 39.455467472263415 ], [ -31.264847627569996, 39.455494418893785 ], [ -31.264849749294907, 39.455525984120385 ], [ -31.264861623653477, 39.4555485958468 ], [ -31.26487767942708, 39.455571360071438 ], [ -31.264965507686071, 39.455689887038247 ], [ -31.264966932362743, 39.455721442761352 ], [ -31.264975144639628, 39.455802653027831 ], [ -31.265002707810705, 39.455830003779305 ], [ -31.265041639156056, 39.455844188687159 ], [ -31.265148685130281, 39.455890835212337 ], [ -31.26522716510916, 39.455950569294991 ], [ -31.2652651999806, 39.455996186017963 ], [ -31.265296734335976, 39.456046209764231 ], [ -31.26531583618824, 39.45609604891456 ], [ -31.26531575185583, 39.456127581217629 ], [ -31.265327564040049, 39.456204250145163 ], [ -31.265387025872741, 39.456299739760624 ], [ -31.265502953053595, 39.456400666736407 ], [ -31.265504262956256, 39.456432220739018 ], [ -31.265498176784256, 39.456504207812017 ], [ -31.265497506042802, 39.45653122734366 ], [ -31.265538334599441, 39.456698515868908 ], [ -31.265569478001314, 39.456703395281039 ], [ -31.265610724770383, 39.456708605596205 ], [ -31.265709034599411, 39.456728001655783 ], [ -31.265731823903064, 39.456746361278746 ], [ -31.26576296287061, 39.456751420770004 ], [ -31.265792008390918, 39.456751854006427 ], [ -31.265840129838637, 39.456775096373903 ], [ -31.265851300977047, 39.456793282685368 ], [ -31.265868169485255, 39.456816057994111 ], [ -31.26589629440933, 39.456825487319847 ], [ -31.265908050898492, 39.456848187279178 ], [ -31.265908190328105, 39.456870713973352 ], [ -31.265902407713835, 39.456897657264932 ], [ -31.265878835968412, 39.456910819564357 ], [ -31.265859317333401, 39.456910528443878 ], [ -31.26585853611504, 39.456942051251936 ], [ -31.265862751814566, 39.456973558490802 ], [ -31.265900543211487, 39.457005655704549 ], [ -31.265905453792872, 39.457037263404175 ], [ -31.265893054352571, 39.45706861202806 ], [ -31.265871352453637, 39.457095407981271 ], [ -31.265871381173973, 39.457122347847594 ], [ -31.265930896593744, 39.457154859161683 ], [ -31.265977033251353, 39.457169062025677 ], [ -31.265992620594073, 39.457187314186775 ], [ -31.266000775502899, 39.457209960422162 ], [ -31.266000913819376, 39.457232486197597 ], [ -31.265995610364637, 39.457272951406502 ], [ -31.265982508215583, 39.457299785536932 ], [ -31.265856942944072, 39.45744206849993 ], [ -31.265833845719648, 39.457464247710227 ], [ -31.26569618955812, 39.45748012402855 ], [ -31.265664936254208, 39.457479657832977 ], [ -31.265635305118899, 39.457474710904641 ], [ -31.265541606461706, 39.457419344187734 ], [ -31.265517197036466, 39.457405376083983 ], [ -31.265393218640085, 39.457394605851086 ], [ -31.265353367828304, 39.457394011304167 ], [ -31.265315019782477, 39.45738443022104 ], [ -31.265279108313731, 39.457370289557659 ], [ -31.265248996004836, 39.457351910683727 ], [ -31.265222719013821, 39.457328903908184 ], [ -31.265202946049978, 39.457306084270506 ], [ -31.26519060217786, 39.457278961555403 ], [ -31.265182784041368, 39.457242715424776 ], [ -31.265083918348935, 39.457128618056579 ], [ -31.264956256642488, 39.456915074496315 ], [ -31.264939612091485, 39.456883291653696 ], [ -31.264917045432281, 39.456855926255514 ], [ -31.264890766497334, 39.456833009474678 ], [ -31.26481055958034, 39.456786673162995 ], [ -31.264696664174053, 39.456749024940834 ], [ -31.264656114553336, 39.45674382470672 ], [ -31.264622655299796, 39.456743325308359 ], [ -31.264596206917386, 39.456788068965743 ], [ -31.264596595641521, 39.456828618168025 ], [ -31.264585928544385, 39.456850983562681 ], [ -31.26454422896505, 39.456859370990252 ], [ -31.264529987350464, 39.456908711657384 ], [ -31.264584778503561, 39.456981608242103 ], [ -31.264611173594499, 39.457004525924063 ], [ -31.264626534744558, 39.457027189713735 ], [ -31.264638430824295, 39.457077010612224 ], [ -31.26465650098309, 39.457140349229363 ], [ -31.26466931918883, 39.457176488924006 ], [ -31.264706771176471, 39.457222187221888 ], [ -31.264914190477018, 39.457378448328662 ], [ -31.264939772519813, 39.457401354704011 ], [ -31.264960943996723, 39.457428699276669 ], [ -31.264977000212809, 39.457451463490798 ], [ -31.264997500738676, 39.457505828477707 ], [ -31.265009146397237, 39.457533030891476 ], [ -31.265023110189482, 39.457555763875014 ], [ -31.2652027763998, 39.457725125091521 ], [ -31.265226262984601, 39.457743495216178 ], [ -31.265243410990191, 39.45781123390389 ], [ -31.265236123172748, 39.457842659619473 ], [ -31.265403750123902, 39.457939853142385 ], [ -31.26552630147226, 39.458036283894813 ], [ -31.265551883976091, 39.458059189242093 ], [ -31.265553418564245, 39.45808164664593 ], [ -31.265538223692218, 39.458108539600062 ], [ -31.265510129051542, 39.458130644189971 ], [ -31.265494237129744, 39.458152841620517 ], [ -31.265506219439079, 39.458171130161929 ], [ -31.26583097690127, 39.458198409032889 ], [ -31.265871529700409, 39.458203518811381 ], [ -31.265913250944312, 39.458217745945227 ], [ -31.265947773234121, 39.458231685499022 ], [ -31.266006034760618, 39.458286612586271 ], [ -31.266044883585675, 39.458332331287757 ], [ -31.266093201050886, 39.458432068248797 ], [ -31.266102752533055, 39.458459330321624 ], [ -31.26610772317024, 39.458549501985537 ], [ -31.266100464461026, 39.458607866719383 ], [ -31.26609398464074, 39.458634799615076 ], [ -31.266103643482175, 39.458653053444756 ], [ -31.266138391753994, 39.458662580588566 ], [ -31.266177298521594, 39.458762178072149 ], [ -31.266177438019191, 39.458784704760916 ], [ -31.266173748856858, 39.458816274296275 ], [ -31.266156351017063, 39.458842953378941 ], [ -31.266047261603759, 39.458850336350679 ], [ -31.266016008843156, 39.458849870253346 ], [ -31.265969085298345, 39.458867280213937 ], [ -31.265956102422905, 39.458894025111945 ], [ -31.265959033558239, 39.458921098357216 ], [ -31.265985537149831, 39.458935008404637 ], [ -31.266019945802515, 39.458953541263199 ], [ -31.266029165441836, 39.458994222156107 ], [ -31.266022906850242, 39.45901223860065 ], [ -31.265819833525288, 39.459144355647915 ], [ -31.265771179168436, 39.45917065855285 ], [ -31.265723562702465, 39.459187877878897 ], [ -31.265651646812401, 39.459191400144114 ], [ -31.265612375901238, 39.459190814329304 ], [ -31.265575902238744, 39.459199280072163 ], [ -31.265539201745245, 39.459212247340716 ], [ -31.265400251888686, 39.459219183334802 ], [ -31.265363189665972, 39.459218630387646 ], [ -31.265328340429843, 39.459222525268792 ], [ -31.265308145902601, 39.459244748571834 ], [ -31.265337551898867, 39.459258792168775 ], [ -31.265372074574397, 39.459272731900001 ], [ -31.265401260401138, 39.459295691038655 ], [ -31.265420113239614, 39.459327506754462 ], [ -31.265419554207273, 39.459350023018956 ], [ -31.265410753645295, 39.459381515365955 ], [ -31.265384276271828, 39.459394635104559 ], [ -31.26516704524628, 39.459310306266026 ], [ -31.265133809479128, 39.459300710400839 ], [ -31.265105793270358, 39.459286867687567 ], [ -31.265074515258192, 39.459259281335392 ], [ -31.26505415427409, 39.459232038979756 ], [ -31.265048403359128, 39.459173389191662 ], [ -31.265046754950699, 39.459150840890082 ], [ -31.265025472208517, 39.45912790859763 ], [ -31.265005475158187, 39.459114095427495 ], [ -31.264960682629329, 39.459050359003484 ], [ -31.264940206659688, 39.459023023912437 ], [ -31.264930184214528, 39.458991340799244 ], [ -31.264930152608635, 39.458959805880717 ], [ -31.264908007738011, 39.458887397569178 ], [ -31.26489915473535, 39.458864740846124 ], [ -31.264877062098936, 39.458846391459403 ], [ -31.264848489152566, 39.458854974882911 ], [ -31.264819698016986, 39.458877069806043 ], [ -31.264791125051396, 39.458885653214971 ], [ -31.264721997900939, 39.458889216527226 ], [ -31.264689349756228, 39.458888729246709 ], [ -31.264664183195684, 39.458816274889053 ], [ -31.264664742438427, 39.458793759532142 ], [ -31.264715520905465, 39.458681895292635 ], [ -31.264729203556445, 39.458655070881221 ], [ -31.264737590700573, 39.458555998596125 ], [ -31.264737335480156, 39.458533470181003 ], [ -31.264730914922467, 39.458501840807138 ], [ -31.264695665301538, 39.458456355588901 ], [ -31.264673683534344, 39.458433502897144 ], [ -31.26465472596194, 39.458410606141776 ], [ -31.264631429302923, 39.458351784544774 ], [ -31.264624866636442, 39.458293123515617 ], [ -31.26462403052756, 39.458270586429336 ], [ -31.264613892137763, 39.458238901556349 ], [ -31.264595853237903, 39.458207097857958 ], [ -31.264567951665136, 39.45818866170778 ], [ -31.264542871050988, 39.458201712009242 ], [ -31.264530693313098, 39.458224054843726 ], [ -31.26447564899733, 39.458250261830109 ], [ -31.264416071184385, 39.458276492115083 ], [ -31.264391104458102, 39.458289634181668 ], [ -31.264352199909638, 39.458307072197279 ], [ -31.264283187433207, 39.458306041944994 ], [ -31.264135526609437, 39.458312847295858 ], [ -31.264015714567059, 39.458284028906689 ], [ -31.263978987390942, 39.458269965760998 ], [ -31.2639524866788, 39.458255966104588 ], [ -31.263921930163633, 39.458255509841955 ], [ -31.263911261564285, 39.458277964341541 ], [ -31.263909779113209, 39.458304881633133 ], [ -31.263944912951537, 39.458355049574656 ], [ -31.263967005185897, 39.458373399131176 ], [ -31.263989796777928, 39.458391669027463 ], [ -31.26410695825124, 39.458442971574243 ], [ -31.264142063256379, 39.45846151538187 ], [ -31.264165661678692, 39.458475382467356 ], [ -31.264185432376472, 39.45849829234195 ], [ -31.264198001859299, 39.458521004604123 ], [ -31.26420249668956, 39.45860215938567 ], [ -31.264200426895428, 39.458624652188142 ], [ -31.264164120288488, 39.458682583113422 ], [ -31.264147531602031, 39.458709364970503 ], [ -31.264144651689662, 39.458736441596564 ], [ -31.264144679743804, 39.458763380540681 ], [ -31.26415434238595, 39.458786139506024 ], [ -31.264242511096004, 39.45889106810327 ], [ -31.264218491974447, 39.458922243959449 ], [ -31.2642153928103, 39.458958146056716 ], [ -31.264233881308677, 39.458976531859243 ], [ -31.264392320652124, 39.459177021745532 ], [ -31.264508948868194, 39.459394996190092 ], [ -31.264519391199613, 39.4594987643314 ], [ -31.264519421471842, 39.459530298325163 ], [ -31.264530257082072, 39.459561994509272 ], [ -31.264587677018273, 39.459589971211209 ], [ -31.264612673567846, 39.459603768076278 ], [ -31.264636747960783, 39.459631247030991 ], [ -31.26464909406771, 39.459662965749487 ], [ -31.264633311153794, 39.459680748956572 ], [ -31.264580244024948, 39.459711491311182 ], [ -31.264548292620098, 39.459711014388148 ], [ -31.264514614773258, 39.45972393634824 ], [ -31.264478417449844, 39.459777454169014 ], [ -31.264411162415485, 39.459794469896991 ], [ -31.264382587948326, 39.459803143277142 ], [ -31.264332316839575, 39.459838341176365 ], [ -31.264304216782968, 39.459855941360978 ], [ -31.264275645421058, 39.459869119680896 ], [ -31.264245450849788, 39.459882182760943 ], [ -31.2641734233896, 39.459890117260962 ], [ -31.264142866156341, 39.459889661040698 ], [ -31.264113933487963, 39.459884634049452 ], [ -31.264088712282998, 39.459875247644 ], [ -31.264067430627343, 39.45985700031229 ], [ -31.264040451688512, 39.459829478774779 ], [ -31.264020093216697, 39.459802145280186 ], [ -31.263955938594005, 39.459783257775257 ], [ -31.263914576019452, 39.459782640152063 ], [ -31.263888210129625, 39.459791256290551 ], [ -31.263861623816073, 39.459808788872884 ], [ -31.263842934810157, 39.45982652947604 ], [ -31.263837853700007, 39.459857987139138 ], [ -31.263837877121535, 39.459885107106338 ], [ -31.263852428443563, 39.459912262916752 ], [ -31.263878960844295, 39.459957798409576 ], [ -31.263891809066504, 39.460025473061499 ], [ -31.26389172283703, 39.460057006212118 ], [ -31.263852368451381, 39.460092547107642 ], [ -31.263821369998119, 39.460114518713581 ], [ -31.263806397823721, 39.460132404910937 ], [ -31.263800751663943, 39.460181873811152 ], [ -31.263797876012337, 39.460208770287792 ], [ -31.263787791101468, 39.460235738402645 ], [ -31.263759582232058, 39.460257751648513 ], [ -31.263683251124732, 39.460261116652923 ], [ -31.263615747184268, 39.460260108519357 ], [ -31.263582506722262, 39.460250692336736 ], [ -31.2635024053981, 39.460199941880752 ], [ -31.263481825384606, 39.460181525626808 ], [ -31.26346414785586, 39.460163241918259 ], [ -31.263432168525721, 39.460135824851413 ], [ -31.263408204127227, 39.460103933374249 ], [ -31.26339376598203, 39.460072183281575 ], [ -31.263380387438112, 39.460053963772559 ], [ -31.263320481845344, 39.459980991152072 ], [ -31.263249432046489, 39.459916861869935 ], [ -31.263228036655324, 39.459898522588716 ], [ -31.263219407986995, 39.459866859256216 ], [ -31.26321938478296, 39.459839740194774 ], [ -31.263207264039611, 39.459803609874967 ], [ -31.263133361810922, 39.459793496046025 ], [ -31.263094097081829, 39.45979732429123 ], [ -31.263007120676182, 39.459845578116507 ], [ -31.262979025677573, 39.459867682973162 ], [ -31.262879842999833, 39.459911339515948 ], [ -31.262846742298674, 39.459924359710755 ], [ -31.262560467841428, 39.459929091879658 ], [ -31.262526308815229, 39.459928581409685 ], [ -31.262513158710558, 39.459905860296821 ], [ -31.262513018454744, 39.459878738587129 ], [ -31.26250776681967, 39.459856226508819 ], [ -31.262487296952738, 39.459833396004527 ], [ -31.262443641132275, 39.45986427711982 ], [ -31.26242844798298, 39.459890989477316 ], [ -31.262400573392249, 39.45990417774653 ], [ -31.262367112665665, 39.459903677666034 ], [ -31.26224011822584, 39.459897184591256 ], [ -31.262199452744042, 39.459896576776167 ], [ -31.26217828584624, 39.459873735799746 ], [ -31.262178843692951, 39.459851309640896 ], [ -31.262138514298957, 39.459837192070964 ], [ -31.262112733284425, 39.459850321466106 ], [ -31.262076373155306, 39.459854192783496 ], [ -31.262044646941511, 39.459844708699634 ], [ -31.262027640856516, 39.459799406198428 ], [ -31.262009957410111, 39.459776707361797 ], [ -31.262010516387598, 39.459754191122308 ], [ -31.26201654978447, 39.459745271474183 ], [ -31.262121235446298, 39.4596252052987 ], [ -31.262145032866133, 39.459603036412695 ], [ -31.262159417974996, 39.459580727735329 ], [ -31.262171598955096, 39.459558295111371 ], [ -31.262188075425069, 39.459536016788924 ], [ -31.262239161823938, 39.459500832007841 ], [ -31.262268655311384, 39.459483253151028 ], [ -31.262236816062206, 39.459478272350026 ], [ -31.262212941649882, 39.459414757439312 ], [ -31.262210705671691, 39.459387784600608 ], [ -31.262181186024264, 39.459378333535653 ], [ -31.262147027274153, 39.459377822960192 ], [ -31.262118206997716, 39.459368292234629 ], [ -31.262073101744253, 39.459340589398394 ], [ -31.262050310366902, 39.459322319133399 ], [ -31.262017776332254, 39.459317237788767 ], [ -31.26198582515109, 39.459316760165699 ], [ -31.2619029287583, 39.459378588915314 ], [ -31.261883658454433, 39.459396320511679 ], [ -31.261857877559866, 39.459409449853801 ], [ -31.261816285970873, 39.45941342217813 ], [ -31.261775735062123, 39.459408220911996 ], [ -31.261737499238322, 39.45939873042272 ], [ -31.261713903251934, 39.459384772785263 ], [ -31.261656680556857, 39.459320848365245 ], [ -31.261636796167956, 39.459302532286273 ], [ -31.261611797385267, 39.459284228931637 ], [ -31.261582277867738, 39.459274777717184 ], [ -31.261484777171479, 39.459250795237033 ], [ -31.261416575289264, 39.459245180378851 ], [ -31.26138322991978, 39.459244681742227 ], [ -31.261351639693508, 39.459257724100063 ], [ -31.261322843197181, 39.459275313146783 ], [ -31.261293796696965, 39.459274878771168 ], [ -31.261261509347317, 39.459287909778013 ], [ -31.261245840677873, 39.459305695129856 ], [ -31.261224251781648, 39.459327896860358 ], [ -31.261183362494201, 39.459336295182915 ], [ -31.261146408970617, 39.459331327695359 ], [ -31.261114908374722, 39.459312746797394 ], [ -31.26108955606415, 39.459163797194222 ], [ -31.261089421614958, 39.459141180489574 ], [ -31.261077776194899, 39.459114066899723 ], [ -31.260985639070338, 39.459108093800715 ], [ -31.260934052619056, 39.459107322197788 ], [ -31.260901043614027, 39.459093313697402 ], [ -31.260864516336849, 39.459043214109094 ], [ -31.260850640036484, 39.458988948414827 ], [ -31.260824106658074, 39.458943592422422 ], [ -31.260755540942149, 39.458924547077096 ], [ -31.260722782984296, 39.45892847185992 ], [ -31.260475154199039, 39.459010449851554 ], [ -31.260231636311239, 39.459137356913907 ], [ -31.259982101843924, 39.459295797941238 ], [ -31.259739214127993, 39.45948136651775 ], [ -31.259552661326989, 39.459654354144114 ], [ -31.259382385053833, 39.459836414777484 ], [ -31.259187162383288, 39.460058735089966 ], [ -31.259009931666075, 39.460263304808031 ], [ -31.258847111142991, 39.460472594963747 ], [ -31.258705228862183, 39.460713822988559 ], [ -31.258587284923905, 39.460955229180101 ], [ -31.258481433340979, 39.461210421216663 ], [ -31.25838820915002, 39.461425258052188 ], [ -31.258295682664272, 39.461640105253608 ], [ -31.25819885539206, 39.461854887937832 ], [ -31.258082776152694, 39.462109926328736 ], [ -31.257975969600267, 39.462342669046301 ], [ -31.257873829996758, 39.462593321047535 ], [ -31.257787609551091, 39.462848805608182 ], [ -31.25770985107722, 39.463081893227532 ], [ -31.257639096179183, 39.46335572007073 ], [ -31.25756435257766, 39.463584347834605 ], [ -31.257487628231974, 39.463808531035788 ], [ -31.257465163432698, 39.463893696703373 ], [ -31.257429961972722, 39.46416805624316 ], [ -31.257419923656897, 39.464248992431436 ], [ -31.257419807067151, 39.46451477788856 ], [ -31.257434777601965, 39.464758174801815 ], [ -31.257506784033076, 39.464989092016964 ], [ -31.257558234247995, 39.465228620828924 ], [ -31.257602838103097, 39.465477056831475 ], [ -31.257661499240228, 39.465721108469054 ], [ -31.257736884749139, 39.465961085985391 ], [ -31.257801822982106, 39.466209826618659 ], [ -31.25785397216751, 39.46644936484099 ], [ -31.257898805055014, 39.466693299215336 ], [ -31.257972908610064, 39.466924157423271 ], [ -31.25804518294235, 39.467055881907925 ], [ -31.258064148930274, 39.467083104553879 ], [ -31.25815078214556, 39.467161075266915 ], [ -31.258237447333137, 39.467270400582592 ], [ -31.258327237869782, 39.46737094302695 ], [ -31.258386311271824, 39.467421381119387 ], [ -31.258416897407699, 39.467448778683412 ], [ -31.258503833844262, 39.467603246180936 ], [ -31.258516985677069, 39.467630561856353 ], [ -31.258520998608894, 39.467698105547427 ], [ -31.258483136669888, 39.467850703593754 ], [ -31.258472126229812, 39.467882072141556 ], [ -31.258468556584788, 39.468053293607838 ], [ -31.258466267295361, 39.468089207608045 ], [ -31.258349815261539, 39.468330815729196 ], [ -31.258329281165377, 39.468366457301165 ], [ -31.258305256056431, 39.468397630855428 ], [ -31.258274247637278, 39.468419780960758 ], [ -31.258079570907658, 39.468502456654129 ], [ -31.258038683160855, 39.468515268652354 ], [ -31.257960742139034, 39.468550229277596 ], [ -31.257843495727197, 39.468679023787679 ], [ -31.257814354018791, 39.468710210661094 ], [ -31.257762164550627, 39.468821960333258 ], [ -31.257752610842765, 39.469060663918775 ], [ -31.257797842631796, 39.469228021643715 ], [ -31.257805661360933, 39.469264087997878 ], [ -31.257907782422421, 39.46950897085852 ], [ -31.258035468332661, 39.469749551577671 ], [ -31.258080959801234, 39.469817896049783 ], [ -31.258103415414443, 39.469849765977543 ], [ -31.25811925239795, 39.469885952447086 ], [ -31.258123387193983, 39.470097832566637 ], [ -31.258125507214988, 39.470129398700664 ], [ -31.258144273863053, 39.470192657619435 ], [ -31.258173263092715, 39.470256159794062 ], [ -31.258190605878429, 39.470287954001613 ], [ -31.258204241254774, 39.470468442080033 ], [ -31.258202956941915, 39.470725199986113 ], [ -31.25819755869853, 39.470797196759335 ], [ -31.258120041959256, 39.47104821656928 ], [ -31.258074459564657, 39.471277281260832 ], [ -31.258068867734949, 39.471529559776648 ], [ -31.258152726104168, 39.471747049171569 ], [ -31.258167392590686, 39.471774298370171 ], [ -31.258187057058226, 39.471801532351613 ], [ -31.258201603976254, 39.471828868951576 ], [ -31.258211856888671, 39.471855961919864 ], [ -31.258227916761587, 39.471883231085982 ], [ -31.258238998083911, 39.471933041203336 ], [ -31.258239021430921, 39.471960070104544 ], [ -31.258204125446134, 39.472049554455673 ], [ -31.258126578219755, 39.472273725400861 ], [ -31.258060067498295, 39.472493556743601 ], [ -31.258045704216613, 39.472547400425391 ], [ -31.258032738838089, 39.47260117405186 ], [ -31.257984893269043, 39.472771731926684 ], [ -31.257931064421463, 39.473005086828564 ], [ -31.257861670242466, 39.473251904260472 ], [ -31.257776580644983, 39.473489386509428 ], [ -31.257758951067078, 39.473525070565799 ], [ -31.25774701732032, 39.473565435886826 ], [ -31.2577442095786, 39.473678014689426 ], [ -31.257741332456067, 39.47370950592196 ], [ -31.257697686542549, 39.473767504799113 ], [ -31.257671566245453, 39.473798647680916 ], [ -31.257667925198735, 39.473884095347948 ], [ -31.257691215006172, 39.473943097386069 ], [ -31.257710766440418, 39.47397492385214 ], [ -31.25771950530234, 39.474002084262835 ], [ -31.257720811721605, 39.474033638191166 ], [ -31.257691922702094, 39.474087263215047 ], [ -31.257664403906727, 39.474113880226419 ], [ -31.257643978959084, 39.474145107556353 ], [ -31.257603163777915, 39.474383253188336 ], [ -31.257579196249871, 39.474617146404597 ], [ -31.25758137724484, 39.474851341428526 ], [ -31.257588327286069, 39.47509479703065 ], [ -31.257658634586896, 39.475361637541816 ], [ -31.257684699213147, 39.475397976432298 ], [ -31.257866281845882, 39.47560350679192 ], [ -31.257923152443244, 39.475653912091786 ], [ -31.258131922102141, 39.475846153625092 ], [ -31.258300942832005, 39.476033385364886 ], [ -31.258449986183166, 39.476233831400961 ], [ -31.258549549248794, 39.476465160481588 ], [ -31.258597183935294, 39.476713641143888 ], [ -31.258639568594688, 39.476939517710193 ], [ -31.258682537965903, 39.477165313816251 ], [ -31.258722017701206, 39.477391147728817 ], [ -31.258735932890751, 39.477621193709822 ], [ -31.258738814790032, 39.477855399128849 ], [ -31.258731241616928, 39.478098637943333 ], [ -31.258704036010716, 39.478345906485913 ], [ -31.258679843431331, 39.478588896336426 ], [ -31.258632180708354, 39.478835948508099 ], [ -31.258577426602265, 39.479078300318683 ], [ -31.258567062154867, 39.479321497257558 ], [ -31.258530776269659, 39.479555205969177 ], [ -31.258480431406465, 39.479793208046353 ], [ -31.258486077454148, 39.480266302053323 ], [ -31.258488374469643, 39.480495993711443 ], [ -31.258489092874068, 39.480523123087686 ], [ -31.258486440366493, 39.480545607864684 ], [ -31.258404242486439, 39.48077871876977 ], [ -31.258291828126886, 39.481006690886218 ], [ -31.258176499072402, 39.481230295402661 ], [ -31.258056057705598, 39.481453733087022 ], [ -31.257961996580697, 39.481672970958599 ], [ -31.257873740355265, 39.481892475932533 ], [ -31.257821520168196, 39.482116935701519 ], [ -31.257803473355896, 39.48234641249838 ], [ -31.257805069430784, 39.482576093574579 ], [ -31.25784652957611, 39.48280646127526 ], [ -31.257865184319442, 39.482874313457998 ], [ -31.25790245341711, 39.48310020441965 ], [ -31.257974028126842, 39.483344538962726 ], [ -31.257989219408621, 39.483439368622705 ], [ -31.257989943264509, 39.483466317874061 ], [ -31.25799566525469, 39.483497937924064 ], [ -31.258006614765279, 39.483525130508525 ], [ -31.258014458542583, 39.483592910753543 ], [ -31.258018034887474, 39.483827126362364 ], [ -31.258003551629006, 39.483881057325569 ], [ -31.257889844409956, 39.48410000062399 ], [ -31.257872904853695, 39.484135876057522 ], [ -31.257862006367471, 39.484167246124912 ], [ -31.257851253227493, 39.484365298762853 ], [ -31.257813540158946, 39.484567451343636 ], [ -31.257760512624145, 39.484800817675534 ], [ -31.257678375584877, 39.48497527588281 ], [ -31.257665066702756, 39.485042739090154 ], [ -31.257664114227556, 39.485285986664806 ], [ -31.257661010028666, 39.485321888330965 ], [ -31.25763204829876, 39.485434165004989 ], [ -31.257621406592921, 39.485627714347743 ], [ -31.257587093239234, 39.485865956051313 ], [ -31.257570915353426, 39.486108975373902 ], [ -31.257570908672843, 39.486370255773636 ], [ -31.257579450315124, 39.486433361383519 ], [ -31.257600311778564, 39.4865013367505 ], [ -31.25761464211638, 39.486537500636381 ], [ -31.257632809085386, 39.486713461262873 ], [ -31.257636742972814, 39.486961286911693 ], [ -31.25763677085278, 39.486992820713553 ], [ -31.257692122348207, 39.487160419871771 ], [ -31.25770505809248, 39.487196561940337 ], [ -31.257731651499324, 39.48744031239579 ], [ -31.257738311446861, 39.487611505520114 ], [ -31.257763611580355, 39.487701981764957 ], [ -31.257772467132057, 39.487729233972637 ], [ -31.257780219966307, 39.487823951212611 ], [ -31.257783965768429, 39.487850946639512 ], [ -31.257792008797203, 39.48787809656946 ], [ -31.257794601510962, 39.487918678602547 ], [ -31.257818594236067, 39.487977691054851 ], [ -31.25783082552395, 39.488009408650072 ], [ -31.257839146552879, 39.48808602561288 ], [ -31.257837657394877, 39.48811312187437 ], [ -31.257826175439327, 39.488139889075619 ], [ -31.257805743978068, 39.488171206336844 ], [ -31.257784033416549, 39.488197820231427 ], [ -31.257759661420128, 39.488242593115324 ], [ -31.257750032188795, 39.488395523389222 ], [ -31.257749943839876, 39.488427056343291 ], [ -31.257753680199784, 39.488449726025287 ], [ -31.257785337542934, 39.48849515937237 ], [ -31.257819557502717, 39.488549730108559 ], [ -31.257832712687332, 39.488577046749434 ], [ -31.257843573385173, 39.488635772279359 ], [ -31.257843679788937, 39.488892549381255 ], [ -31.257810867839364, 39.488986659541169 ], [ -31.257788818701258, 39.489026872243407 ], [ -31.257746200759801, 39.48907119235421 ], [ -31.257690564896144, 39.489120001519929 ], [ -31.257450107615782, 39.489287491302939 ], [ -31.257317543391697, 39.489357671529149 ], [ -31.257164388875374, 39.489409523305511 ], [ -31.25703330991248, 39.489448101102418 ], [ -31.256762526383298, 39.489498099321743 ], [ -31.256749843906647, 39.489479799445782 ], [ -31.256732742558377, 39.489466118390645 ], [ -31.256712041292744, 39.489452294147874 ], [ -31.256696225712819, 39.489443047167931 ], [ -31.256684602122014, 39.489442872845856 ], [ -31.256640541226695, 39.489433202251028 ], [ -31.256569744605276, 39.489418535658601 ], [ -31.256520675879809, 39.489399870216097 ], [ -31.256494163974374, 39.489385868684579 ], [ -31.256420794558867, 39.489357828921577 ], [ -31.256152053391261, 39.489204957659936 ], [ -31.256121937248324, 39.489190992071613 ], [ -31.256053342345357, 39.489171943399185 ], [ -31.255989975533467, 39.489148468229466 ], [ -31.255957538464163, 39.489138971771872 ], [ -31.255895926311766, 39.489129038464846 ], [ -31.255865472654037, 39.489128581531943 ], [ -31.255797574210643, 39.48910963325703 ], [ -31.255761648692335, 39.489095489407653 ], [ -31.25563585662093, 39.489066663427366 ], [ -31.255607726272331, 39.489061646297998 ], [ -31.255434654639195, 39.489063643954722 ], [ -31.255334118516206, 39.48907114485197 ], [ -31.255190920402168, 39.489073500412296 ], [ -31.255116064935443, 39.489072376797417 ], [ -31.254988212118366, 39.489074872353726 ], [ -31.254961245554618, 39.489074467531744 ], [ -31.254894858485379, 39.489055541420015 ], [ -31.254818136011327, 39.489045380695288 ], [ -31.25479092474313, 39.489026862481786 ], [ -31.25468531832945, 39.488948784686684 ], [ -31.254671129064, 39.488934966858245 ], [ -31.254531713032019, 39.488874400862215 ], [ -31.254506482860485, 39.488865012218355 ], [ -31.254438362035344, 39.488854980406487 ], [ -31.254408720816208, 39.488849940299652 ], [ -31.254296876645387, 39.488816726434003 ], [ -31.254253851823631, 39.488793556713574 ], [ -31.254238263354392, 39.488779898015075 ], [ -31.254229073638129, 39.488770750210719 ], [ -31.254217204441225, 39.488752462275968 ], [ -31.254192671765558, 39.488743084039719 ], [ -31.254172668636521, 39.488729269833044 ], [ -31.254149757421473, 39.488715501143155 ], [ -31.254125341002727, 39.488706124638846 ], [ -31.254109415544491, 39.488701290456071 ], [ -31.252980796188577, 39.486085133462836 ], [ -31.252948226010986, 39.486053109691341 ], [ -31.252905743442533, 39.485975798772444 ], [ -31.252821410648298, 39.485744785149372 ], [ -31.252757984480489, 39.4854960652168 ], [ -31.252725702240987, 39.485243399472964 ], [ -31.252725210413864, 39.485207262807876 ], [ -31.252677907301138, 39.485062396889006 ], [ -31.25257334909978, 39.484826574152372 ], [ -31.25255751075338, 39.484790386987136 ], [ -31.252537898196426, 39.484533316630007 ], [ -31.252546436103675, 39.484452267628519 ], [ -31.252551369851748, 39.484371254544122 ], [ -31.252549477632542, 39.484330682023405 ], [ -31.252448072937614, 39.484112926152527 ], [ -31.252380593060415, 39.483877659722992 ], [ -31.252366963312085, 39.483841505732265 ], [ -31.252223733579545, 39.483641139547032 ], [ -31.252198485851398, 39.483604631562798 ], [ -31.252179743471196, 39.483568400679353 ], [ -31.252165981936528, 39.483360971171287 ], [ -31.252126434598644, 39.483171083438997 ], [ -31.252067738199134, 39.483021631135259 ], [ -31.252050394079667, 39.482985241058131 ], [ -31.251866828962388, 39.4827752581173 ], [ -31.251810880136407, 39.482715853964017 ], [ -31.251785517910353, 39.482683939162925 ], [ -31.251704567573473, 39.482462074526765 ], [ -31.251924610901501, 39.480577763379323 ], [ -31.247721409546838, 39.472702990876222 ], [ -31.246385981544407, 39.469925795873486 ], [ -31.252718066346738, 39.459718519100718 ], [ -31.252752565217111, 39.459705432717961 ], [ -31.252784853123348, 39.459692403197053 ], [ -31.252813536843078, 39.45967481458981 ], [ -31.252837453327722, 39.459652650322226 ], [ -31.252885412032811, 39.459621836604022 ], [ -31.253000379123144, 39.459556081433533 ], [ -31.253026162755436, 39.459542864012583 ], [ -31.253102470636833, 39.459512477069495 ], [ -31.253127212392609, 39.459508433998302 ], [ -31.253197486897641, 39.459486965270266 ], [ -31.253298403288937, 39.459429918429059 ], [ -31.253454691822277, 39.459310544403166 ], [ -31.253605840267987, 39.459164244557051 ], [ -31.253628132005982, 39.459141964717602 ], [ -31.25375194580262, 39.458954620647816 ], [ -31.253772095475526, 39.458873835699613 ], [ -31.253775788198503, 39.458846951764691 ], [ -31.253776143914447, 39.458711721332591 ], [ -31.253776073948796, 39.458486566378461 ], [ -31.253790303933279, 39.458410107328604 ], [ -31.253808405669357, 39.458383350602688 ], [ -31.253820811925053, 39.458352002517138 ], [ -31.253832294805431, 39.458329650394674 ], [ -31.253857488521412, 39.458307505089167 ], [ -31.253883492118391, 39.458285461138367 ], [ -31.253905670934842, 39.458267684460395 ], [ -31.253916230494731, 39.458254418393643 ], [ -31.253789350475312, 39.458243503006813 ], [ -31.25365549561608, 39.458223383688178 ], [ -31.253361322018858, 39.45822355886925 ], [ -31.253328558198575, 39.458223066661006 ], [ -31.253296722500242, 39.458217993372585 ], [ -31.253154126860302, 39.458170892861752 ], [ -31.2531024071913, 39.458147591204821 ], [ -31.252980820493111, 39.458069091531002 ], [ -31.252924912525984, 39.458041312044287 ], [ -31.252887964872894, 39.458036161829519 ], [ -31.252857524817102, 39.458035704407877 ], [ -31.25282487145428, 39.458030798900381 ], [ -31.252707383759883, 39.457992904783964 ], [ -31.252649852959635, 39.457969605693194 ], [ -31.252608944465663, 39.457950881115067 ], [ -31.252585346345271, 39.457937101801555 ], [ -31.252552679766485, 39.45790949214377 ], [ -31.252521402928412, 39.457882082660269 ], [ -31.252386125939353, 39.457681744771648 ], [ -31.252288632680024, 39.457513599204987 ], [ -31.252270958771049, 39.457495314766938 ], [ -31.252158536297891, 39.457403617444619 ], [ -31.252118661075713, 39.457371483578598 ], [ -31.252091349921734, 39.457357468149453 ], [ -31.251972711534986, 39.457337754958203 ], [ -31.251925656460372, 39.457332453379117 ], [ -31.25175541343685, 39.457284934580898 ], [ -31.251678251031784, 39.457261249722251 ], [ -31.251553447052739, 39.457227839446055 ], [ -31.251522419483791, 39.457218363009986 ], [ -31.251460479323299, 39.457194816827972 ], [ -31.251364812874876, 39.457130310135149 ], [ -31.251315752869072, 39.457089028025834 ], [ -31.251284141013592, 39.457075037822797 ], [ -31.250726361153351, 39.456927086685283 ], [ -31.250689639766506, 39.456912929348512 ], [ -31.250470406421655, 39.456761060315543 ], [ -31.250441227853905, 39.456738096667955 ], [ -31.250227672523788, 39.45656369794429 ], [ -31.250202095721935, 39.456540788442098 ], [ -31.250176295637463, 39.456526795307305 ], [ -31.249957241837787, 39.456456015599734 ], [ -31.249938060740401, 39.456437617124756 ], [ -31.249926196749211, 39.456419419784389 ], [ -31.249916064172165, 39.45638773285603 ], [ -31.249828411083911, 39.456318930709372 ], [ -31.249805739011308, 39.456296064845468 ], [ -31.249782146523987, 39.456282104855184 ], [ -31.249729035224782, 39.456258781660004 ], [ -31.249672790489569, 39.456239915283852 ], [ -31.249590065704247, 39.45623425507133 ], [ -31.249531639398178, 39.456246800095556 ], [ -31.249498767111817, 39.456255315012413 ], [ -31.249428832242614, 39.456263361093157 ], [ -31.249397695933645, 39.456262892287484 ], [ -31.249362953591213, 39.456253269247881 ], [ -31.249300901023968, 39.456238911158742 ], [ -31.249160654905403, 39.456209679723059 ], [ -31.249118708278175, 39.456204633235387 ], [ -31.24907978126457, 39.456195037192415 ], [ -31.249049564438575, 39.45618106739385 ], [ -31.248976528964029, 39.456080860238345 ], [ -31.248958969143324, 39.456058072103801 ], [ -31.24888492163852, 39.455998302890485 ], [ -31.248858535526942, 39.45597988672268 ], [ -31.248775431606735, 39.455933675981839 ], [ -31.248744517877782, 39.455919695607861 ], [ -31.248718131855902, 39.455901278508804 ], [ -31.248662587008468, 39.455882332991308 ], [ -31.248341701376958, 39.45587749905426 ], [ -31.248304053661393, 39.455872517040262 ], [ -31.248270122672594, 39.455862995997954 ], [ -31.24824373905863, 39.455844488730023 ], [ -31.24822327281597, 39.455821745893054 ], [ -31.248207221457793, 39.455794385360072 ], [ -31.248190246157282, 39.455776109932032 ], [ -31.248135619954716, 39.45574834746995 ], [ -31.248055310607516, 39.455706594043093 ], [ -31.248030903165102, 39.45569271151826 ], [ -31.247939224717125, 39.45567331037315 ], [ -31.247899486081199, 39.455663701706705 ], [ -31.24786125336778, 39.455649610805388 ], [ -31.247739842048652, 39.455481010925219 ], [ -31.247634417257782, 39.455254269059886 ], [ -31.247568255659242, 39.455172094191482 ], [ -31.247541169926109, 39.455149161365377 ], [ -31.247512577128237, 39.455130710732917 ], [ -31.247480969203398, 39.455116629463575 ], [ -31.247445642278944, 39.455107178141063 ], [ -31.247372449039613, 39.45510147983498 ], [ -31.247337479401992, 39.455100952697236 ], [ -31.247296231824599, 39.45509591609413 ], [ -31.247274143929737, 39.45507756346246 ], [ -31.247261811992157, 39.45505025796826 ], [ -31.247261093329094, 39.455023308640492 ], [ -31.247253059992079, 39.454996067946347 ], [ -31.247229462987448, 39.454977692556348 ], [ -31.247198776880847, 39.454959300388467 ], [ -31.247166937696459, 39.454949810561835 ], [ -31.246969551621131, 39.454942239635741 ], [ -31.246929587358743, 39.454946232083223 ], [ -31.24685373618264, 39.454958513037518 ], [ -31.246814826147233, 39.454971441073965 ], [ -31.246771033435888, 39.454979790555306 ], [ -31.246729675244577, 39.45497916690082 ], [ -31.2466942355261, 39.454974217664329 ], [ -31.246641352308831, 39.45494188577527 ], [ -31.246619377615442, 39.454919030713036 ], [ -31.246593578865085, 39.454905036808711 ], [ -31.246472495132718, 39.454867261495707 ], [ -31.246370706690829, 39.454838607616864 ], [ -31.246334685285198, 39.45482905448435 ], [ -31.246300284062414, 39.454810515947791 ], [ -31.246273315069907, 39.454787584589639 ], [ -31.246253549104392, 39.454764761873079 ], [ -31.246239588852006, 39.454737522710765 ], [ -31.24622221731758, 39.454651668192454 ], [ -31.246220185588182, 39.454412968929581 ], [ -31.246215754183545, 39.454385783396511 ], [ -31.246149365590039, 39.454312704232365 ], [ -31.24612518507703, 39.454289814902438 ], [ -31.246100892433912, 39.454276023805434 ], [ -31.246069979987883, 39.454262042744695 ], [ -31.246033145684269, 39.454252477257604 ], [ -31.245995032569326, 39.45423829745323 ], [ -31.245959235322342, 39.454219828755903 ], [ -31.245927040979105, 39.454196728389263 ], [ -31.245837739098814, 39.454082759128553 ], [ -31.245814365428579, 39.45405546799109 ], [ -31.245602946333747, 39.453912536475698 ], [ -31.245356539132789, 39.453746733090576 ], [ -31.245078226358199, 39.45363432551035 ], [ -31.245039527539941, 39.453615722638432 ], [ -31.244952847162963, 39.453596484694856 ], [ -31.244815643848362, 39.453594413574351 ], [ -31.244770684279313, 39.453589139848781 ], [ -31.244648566278073, 39.453564861783214 ], [ -31.244611037759611, 39.45355519526921 ], [ -31.24458023906611, 39.453536710617016 ], [ -31.244555943925832, 39.453518415147386 ], [ -31.244536181138486, 39.453495502090462 ], [ -31.244505496403949, 39.453477109237504 ], [ -31.24447168252081, 39.453462993848895 ], [ -31.244326575450021, 39.453456387998266 ], [ -31.244269544742455, 39.453468951465126 ], [ -31.24423725825547, 39.453481978662836 ], [ -31.244195784431227, 39.453485947380095 ], [ -31.244151521636297, 39.453485278951241 ], [ -31.244110975696572, 39.453480071623751 ], [ -31.24407413982944, 39.453470595593998 ], [ -31.243993480284054, 39.453415229248449 ], [ -31.243968603742914, 39.453392328961776 ], [ -31.243910382699237, 39.453369015150066 ], [ -31.2438801681357, 39.453355044952282 ], [ -31.243851357138652, 39.453350014777371 ], [ -31.243817898719108, 39.453349509412227 ], [ -31.243784911755441, 39.453362615101291 ], [ -31.243755999142557, 39.453384702956626 ], [ -31.243700155987799, 39.453437918415176 ], [ -31.243650234720384, 39.453486717485333 ], [ -31.243633056882366, 39.453508982572451 ], [ -31.243612970500518, 39.45352669880495 ], [ -31.243578364472931, 39.453544104694465 ], [ -31.243539099076951, 39.453548106538314 ], [ -31.243507150848089, 39.453547623897215 ], [ -31.243476712185558, 39.453542569039818 ], [ -31.24343976544381, 39.453537505950891 ], [ -31.243405255393782, 39.453527975649976 ], [ -31.243346334415556, 39.453500146067242 ], [ -31.24331763247973, 39.453486107578094 ], [ -31.243256846840815, 39.45344923994805 ], [ -31.243228369082793, 39.453426285993885 ], [ -31.243196762823249, 39.453412203592201 ], [ -31.243088604941615, 39.453410569301163 ], [ -31.243059218539212, 39.453419135077766 ], [ -31.243032855633558, 39.453432251450209 ], [ -31.243010673921674, 39.453445521098523 ], [ -31.242939517920782, 39.453529948190088 ], [ -31.24292152548248, 39.453552199958899 ], [ -31.242899932734794, 39.453574398216688 ], [ -31.242877865966097, 39.453587669575889 ], [ -31.242852783157559, 39.453600715153634 ], [ -31.242827002184079, 39.453613840272816 ], [ -31.242800636227496, 39.453622451630743 ], [ -31.242762537232004, 39.45363547976735 ], [ -31.242724666956928, 39.453639412322055 ], [ -31.242557612972725, 39.453641302188174 ], [ -31.242490116186502, 39.453640281934824 ], [ -31.242461183317779, 39.453635429769626 ], [ -31.242434459383922, 39.453625926778429 ], [ -31.24237903207127, 39.453607069249401 ], [ -31.242352535362418, 39.453593153957442 ], [ -31.242267723333825, 39.453587457002548 ], [ -31.242233456765028, 39.453591353778869 ], [ -31.242186757791544, 39.453599747697382 ], [ -31.242160391766841, 39.453608358908475 ], [ -31.2420738624992, 39.45363858416323 ], [ -31.242045406450337, 39.453647163747917 ], [ -31.242016722031686, 39.453660154688393 ], [ -31.241965857340116, 39.453690920003794 ], [ -31.241775504282693, 39.45377822911027 ], [ -31.241743218315793, 39.453791165519405 ], [ -31.241580815054448, 39.453806819245486 ], [ -31.241509262813658, 39.453819161730472 ], [ -31.241472092308491, 39.453827608471784 ], [ -31.24133818320502, 39.453893246867892 ], [ -31.241310084030751, 39.453915345508406 ], [ -31.241214782453742, 39.454035535694565 ], [ -31.241085460131792, 39.454182149616841 ], [ -31.241036460278249, 39.454221952554768 ], [ -31.240840770051332, 39.454322604001092 ], [ -31.240803253991455, 39.454340146122171 ], [ -31.240759027800653, 39.454393444907403 ], [ -31.240743823196993, 39.454420334423709 ], [ -31.240738368926909, 39.454609366334836 ], [ -31.24073989493959, 39.45463650809895 ], [ -31.240748041328892, 39.454659155925839 ], [ -31.240764090032879, 39.454681833222715 ], [ -31.24077423277237, 39.454740639753226 ], [ -31.240772045012491, 39.454772141039662 ], [ -31.240759052229429, 39.454798883825838 ], [ -31.240743148853269, 39.454821256953039 ], [ -31.240723876876462, 39.454838894898842 ], [ -31.240699601931365, 39.45485213242339 ], [ -31.240672428239534, 39.454865145883517 ], [ -31.240462267814223, 39.454871065544246 ], [ -31.240423701968833, 39.454874896717691 ], [ -31.240191985705735, 39.45496148708812 ], [ -31.239962493906702, 39.455075140137112 ], [ -31.239897704083255, 39.455137317311241 ], [ -31.239856494570986, 39.455186156493056 ], [ -31.239836407228417, 39.455208467053126 ], [ -31.23977537111897, 39.455324669826972 ], [ -31.239692149528899, 39.455454140608445 ], [ -31.239605442952524, 39.455578964450837 ], [ -31.23952480727651, 39.45575343327193 ], [ -31.23951262552097, 39.455775683278667 ], [ -31.239384558496056, 39.455899879767621 ], [ -31.239347760675997, 39.455948876561919 ], [ -31.239340098702755, 39.455962365367007 ], [ -31.239307243930401, 39.455997816125326 ], [ -31.239289592801338, 39.456011063557369 ], [ -31.239273688648893, 39.456033437362954 ], [ -31.239261619079194, 39.456051184129308 ], [ -31.239252222487654, 39.456078161392469 ], [ -31.239248158065298, 39.456267213301231 ], [ -31.239248289331613, 39.456294334852828 ], [ -31.239241102383058, 39.456321255478493 ], [ -31.239042421376144, 39.456480331348004 ], [ -31.238911444992358, 39.456599979211951 ], [ -31.238868138117933, 39.456648966448405 ], [ -31.238823210684171, 39.456702254735077 ], [ -31.238737747348122, 39.456777632800048 ], [ -31.23871034207875, 39.456799742199934 ], [ -31.238648247887095, 39.456902412668796 ], [ -31.238628405689219, 39.456938061255457 ], [ -31.238561766906255, 39.45701813917659 ], [ -31.238535639855836, 39.457044862906642 ], [ -31.23850591687977, 39.457071351954106 ], [ -31.238436225382273, 39.457097324630098 ], [ -31.238395332698474, 39.457105804971199 ], [ -31.23835293683349, 39.457118587235378 ], [ -31.238312517558267, 39.4571359944417 ], [ -31.238280808408767, 39.457153623712117 ], [ -31.238253535647299, 39.457198168558506 ], [ -31.238242633046529, 39.457229537722668 ], [ -31.238113521020388, 39.457367321738744 ], [ -31.238050139550847, 39.457456458533848 ], [ -31.237938753271933, 39.457697943686668 ], [ -31.237904516152344, 39.457760492631088 ], [ -31.237788285654251, 39.457875947846546 ], [ -31.237759143298032, 39.457907039601459 ], [ -31.237736622122959, 39.457938232608598 ], [ -31.237721904506618, 39.458001077354623 ], [ -31.237718901938095, 39.458032566206398 ], [ -31.237693962810965, 39.458099760924725 ], [ -31.237566603387712, 39.458255501297664 ], [ -31.237419526960529, 39.458469504623956 ], [ -31.237310067073601, 39.458634434870824 ], [ -31.23729207147634, 39.458656686580476 ], [ -31.237124949997707, 39.458771369521791 ], [ -31.237100447736598, 39.458788927536325 ], [ -31.237081753841739, 39.458811257821125 ], [ -31.237076770706622, 39.458833706802544 ], [ -31.237073186878995, 39.458865186817526 ], [ -31.237035915734403, 39.458900569933412 ], [ -31.237021862584729, 39.458909366655753 ], [ -31.236991435418368, 39.458936024816389 ], [ -31.23692745457069, 39.458993528315006 ], [ -31.236798891907029, 39.459081675937398 ], [ -31.236732006440363, 39.459143729380031 ], [ -31.236711103644616, 39.459166027003192 ], [ -31.236686875378108, 39.459260261710192 ], [ -31.236687234969647, 39.459273690887592 ], [ -31.236687005381125, 39.459282787318912 ], [ -31.23668457056019, 39.459291760206625 ], [ -31.236680514207997, 39.459309718316568 ], [ -31.236664144563697, 39.459327399578108 ], [ -31.236612461251696, 39.459358150059451 ], [ -31.236582374748441, 39.459371297651934 ], [ -31.236541385392666, 39.459411220113843 ], [ -31.2365190905108, 39.459433406487655 ], [ -31.236502829678642, 39.459442169659397 ], [ -31.236431985547906, 39.459486053148829 ], [ -31.236272392697476, 39.459564809765162 ], [ -31.236185630932951, 39.459608452531043 ], [ -31.235900456079005, 39.459707737826491 ], [ -31.235867464643796, 39.459720842054857 ], [ -31.23581184008151, 39.459764956993268 ], [ -31.235773982148409, 39.459795915978525 ], [ -31.235750287937638, 39.459813666158297 ], [ -31.235713583231753, 39.459831128803671 ], [ -31.235623911430189, 39.459870312175333 ], [ -31.235587320417643, 39.459883270697915 ], [ -31.235549333853843, 39.459891704023981 ], [ -31.235417816677767, 39.459894122820941 ], [ -31.235313832054015, 39.459897139565086 ], [ -31.235206588034057, 39.459886502824546 ], [ -31.235181259465172, 39.459881523349871 ], [ -31.23517126281936, 39.459876956797906 ], [ -31.235058680356037, 39.459875247798024 ], [ -31.234930081207228, 39.459904829876074 ], [ -31.234842375534239, 39.459925932765813 ], [ -31.234575795602925, 39.460039011812434 ], [ -31.234542803797201, 39.460052114754347 ], [ -31.234466131973203, 39.460068970097147 ], [ -31.23440769772531, 39.460081597442013 ], [ -31.234125769287864, 39.460171828632753 ], [ -31.234041791680678, 39.460215601262419 ], [ -31.233861520480353, 39.460307555151864 ], [ -31.233611897212004, 39.46041178963327 ], [ -31.233579605590457, 39.460424813739031 ], [ -31.233513976673517, 39.460459945944152 ], [ -31.233411647847259, 39.4605169539999 ], [ -31.233197019483715, 39.460671363361584 ], [ -31.233012123707137, 39.460803608677999 ], [ -31.232779837697105, 39.460966758692635 ], [ -31.232747428309914, 39.460984375775517 ], [ -31.232713042633502, 39.460992862900945 ], [ -31.232679469096833, 39.461001362361522 ], [ -31.232374167717222, 39.461068798624481 ], [ -31.232306904338962, 39.461081200567932 ], [ -31.232088157292218, 39.461145538132307 ], [ -31.231239780155928, 39.460222563667891 ], [ -31.226445427970404, 39.455004984742168 ], [ -31.220166434403378, 39.449958200422209 ], [ -31.215705426841602, 39.446623718715436 ], [ -31.211157432816915, 39.444630268470121 ], [ -31.208139768521125, 39.443128648277735 ], [ -31.198995970855464, 39.439865529397196 ], [ -31.197615052631242, 39.438416092595467 ], [ -31.185224591931743, 39.430434314363723 ], [ -31.185099898676448, 39.430229649454411 ], [ -31.184980801818114, 39.429894429560967 ], [ -31.18492288494738, 39.42969080670408 ], [ -31.184846843377301, 39.429545463746535 ], [ -31.184725405474403, 39.429327335431218 ], [ -31.184526991699311, 39.428999977659601 ], [ -31.183611965041074, 39.427940470662151 ], [ -31.183272244758911, 39.427547835713234 ], [ -31.183063407362098, 39.427760807401881 ], [ -31.182690942237304, 39.427980232376228 ], [ -31.182440877907013, 39.428187963611322 ], [ -31.18162799726765, 39.428648270246804 ], [ -31.18121745032737, 39.428772582050684 ], [ -31.180837120175511, 39.428798168957506 ], [ -31.180293983508626, 39.428789672732492 ], [ -31.18001932836631, 39.42882591857245 ], [ -31.179789965902859, 39.428853863828323 ], [ -31.179052035297502, 39.429027013497631 ], [ -31.178377523678527, 39.429138083317298 ], [ -31.177943555074609, 39.429099751856747 ], [ -31.177431456696574, 39.428970097153588 ], [ -31.177037314942623, 39.428963919926744 ], [ -31.176642812304792, 39.428998280706317 ], [ -31.176042506546708, 39.429101489766801 ], [ -31.175538838234132, 39.429152063954596 ], [ -31.175267562343162, 39.429138798557801 ], [ -31.174917464123336, 39.429029694370726 ], [ -31.174476836735792, 39.428748072820838 ], [ -31.173920586659523, 39.428721321351759 ], [ -31.173378272962989, 39.428690282139044 ], [ -31.17299059179939, 39.42846795935246 ], [ -31.172544920048324, 39.428379870021033 ], [ -31.171907386039173, 39.428351742322974 ], [ -31.17117011133913, 39.428281589469002 ], [ -31.170449163927724, 39.42833341025878 ], [ -31.170042963955723, 39.428286476445734 ], [ -31.16987445973902, 39.427986504101426 ], [ -31.169298113509008, 39.427702547740751 ], [ -31.168962207032916, 39.427575628639907 ], [ -31.168733701802257, 39.427486529242017 ], [ -31.168125480445301, 39.427364239632816 ], [ -31.167598533667828, 39.427274851952006 ], [ -31.166947424959176, 39.427237654522159 ], [ -31.166377479003756, 39.427237590433798 ], [ -31.166215729128005, 39.427203506455569 ], [ -31.165761688050203, 39.42690803671465 ], [ -31.165311094763727, 39.426702715732532 ], [ -31.164960550387281, 39.4266116834538 ], [ -31.164356348812749, 39.426367807252774 ], [ -31.163872553648073, 39.426157452627734 ], [ -31.163404579751948, 39.425893287130521 ], [ -31.162877886196249, 39.425794962455818 ], [ -31.162240970870187, 39.425744357309036 ], [ -31.161741224423739, 39.425641858364436 ], [ -31.16107855360875, 39.425550296566968 ], [ -31.160273542784754, 39.425406927165881 ], [ -31.159559143353555, 39.425210835682918 ], [ -31.158954510432121, 39.424953590260465 ], [ -31.158160729933169, 39.42468866185375 ], [ -31.157637144728536, 39.424464136536329 ], [ -31.157111537545294, 39.424325259913083 ], [ -31.15677034596143, 39.424378326778388 ], [ -31.156424623891464, 39.424629626213708 ], [ -31.156067608448797, 39.424925883642373 ], [ -31.155803520607023, 39.425169464897294 ], [ -31.15555348966128, 39.425399753810467 ], [ -31.155451737349594, 39.425650322821141 ], [ -31.155336280763855, 39.425896259543364 ], [ -31.154967896960233, 39.425962495353289 ], [ -31.15449140107096, 39.42602701426965 ], [ -31.153988813333498, 39.426028139554454 ], [ -31.153853421790959, 39.426016891208747 ], [ -31.15347502147582, 39.425938807644989 ], [ -31.152799136434183, 39.425824464407796 ], [ -31.152459101287675, 39.425859698423857 ], [ -31.152170097331915, 39.425999263825958 ], [ -31.151745343272299, 39.426136671874957 ], [ -31.151395657090298, 39.426018402923894 ], [ -31.150693781620735, 39.425872191062638 ], [ -31.150284040555341, 39.425960188626888 ], [ -31.149885506976574, 39.426125126354897 ], [ -31.14959957935292, 39.426170131590993 ], [ -31.149271474157928, 39.426250504871405 ], [ -31.149050265750954, 39.426409160058192 ], [ -31.148896885262264, 39.426550874997474 ], [ -31.148601543617353, 39.426433553733382 ], [ -31.148309323363257, 39.426172125010822 ], [ -31.147895633270522, 39.42592218643621 ], [ -31.147346337299318, 39.425634228036813 ], [ -31.147000601359277, 39.425362844471145 ], [ -31.146628403473052, 39.424744342854275 ], [ -31.146645937794997, 39.424744622311685 ], [ -31.14667763138009, 39.424754137205504 ], [ -31.146729213953833, 39.424723334969904 ], [ -31.146753273357945, 39.424692184182511 ], [ -31.146818926395778, 39.424630162021472 ], [ -31.147081128558543, 39.424463243651793 ], [ -31.147372820217825, 39.424305714167943 ], [ -31.147659977595453, 39.424152616601049 ], [ -31.147908004749905, 39.423998805904738 ], [ -31.14816646450527, 39.423863359654163 ], [ -31.148457674502854, 39.423723839283149 ], [ -31.148736136530822, 39.423543571218104 ], [ -31.148776457453923, 39.423503669090543 ], [ -31.148803656843583, 39.423463558068015 ], [ -31.148825630168801, 39.423427778638711 ], [ -31.148916014176589, 39.423194964007131 ], [ -31.148987729143865, 39.422925722909611 ], [ -31.149014985826749, 39.422800019819242 ], [ -31.149011558683338, 39.422714463342736 ], [ -31.149003445587681, 39.422691809751441 ], [ -31.148978688534786, 39.422556269861715 ], [ -31.149040381908275, 39.422336422983214 ], [ -31.149093525105364, 39.422220231767895 ], [ -31.14916034697713, 39.422140207264547 ], [ -31.149227730006743, 39.422087220999813 ], [ -31.149302193588586, 39.422043267063579 ], [ -31.149388737500583, 39.421986170843851 ], [ -31.14943428723549, 39.421937341895372 ], [ -31.149646787649083, 39.421756021835115 ], [ -31.149679198510757, 39.421738427871382 ], [ -31.149754015197431, 39.421681054678601 ], [ -31.149780278990512, 39.421645523510271 ], [ -31.149912788455485, 39.421440406671316 ], [ -31.149993548475905, 39.421351593625403 ], [ -31.150141568905955, 39.421218801541045 ], [ -31.150398762655634, 39.421047201677119 ], [ -31.150433854247005, 39.421011630563001 ], [ -31.150455245909605, 39.420971426753532 ], [ -31.150464209058061, 39.420935620263016 ], [ -31.150465739107368, 39.420904110347919 ], [ -31.150459631954586, 39.420831935832958 ], [ -31.150450821890011, 39.420809271249325 ], [ -31.150311994083065, 39.420568215561389 ], [ -31.150284293338302, 39.420486776983509 ], [ -31.150281069788356, 39.420446182573798 ], [ -31.150282838022093, 39.420405666661694 ], [ -31.150293151502648, 39.420261674126515 ], [ -31.150282997573047, 39.419991130728221 ], [ -31.150331678942091, 39.419766751362673 ], [ -31.150396286891393, 39.419519920612757 ], [ -31.150449179270758, 39.419250469114296 ], [ -31.150485786771711, 39.419021392729029 ], [ -31.150494903716602, 39.418755659768266 ], [ -31.150504800103363, 39.418710858313425 ], [ -31.150532032791684, 39.418616689532143 ], [ -31.150597096257982, 39.418378875646681 ], [ -31.150685258779401, 39.418146113230172 ], [ -31.150682851958983, 39.418100936810973 ], [ -31.150672888551366, 39.418064829309273 ], [ -31.150659329329084, 39.418028484428746 ], [ -31.150545948031834, 39.41776089433867 ], [ -31.150518087707361, 39.417575751465243 ], [ -31.150565390550209, 39.417324320603782 ], [ -31.150580170322794, 39.417094806881188 ], [ -31.150562949523504, 39.416977316536602 ], [ -31.150464980366554, 39.416759525292491 ], [ -31.150360867442057, 39.416523705861593 ], [ -31.150360688574665, 39.416447030590639 ], [ -31.150376288591364, 39.416379795364307 ], [ -31.150416984285908, 39.416294759487137 ], [ -31.150429544932244, 39.416259010184582 ], [ -31.150432584185282, 39.416227525150099 ], [ -31.150427612048031, 39.416195911799946 ], [ -31.150413933024598, 39.41616415997273 ], [ -31.150391782876039, 39.416123263622936 ], [ -31.1503544238454, 39.416082126276386 ], [ -31.150293152127034, 39.416036012685957 ], [ -31.150200186741589, 39.415980476150821 ], [ -31.150008085611997, 39.415891919281215 ], [ -31.149717541915606, 39.41578368620889 ], [ -31.149467614895066, 39.415712047800795 ], [ -31.149327133759588, 39.41569638773322 ], [ -31.149011559763142, 39.41569136718401 ], [ -31.148828914481985, 39.415706480481575 ], [ -31.14873905345787, 39.415700455955346 ], [ -31.148617381127341, 39.415689509238355 ], [ -31.148571874628175, 39.41567977588867 ], [ -31.14854169609692, 39.415665780752697 ], [ -31.14851988211009, 39.415642999084348 ], [ -31.148508408918463, 39.415611282155623 ], [ -31.148505069247381, 39.415570685827028 ], [ -31.148508347654868, 39.415530193961366 ], [ -31.148524768536529, 39.415458377061412 ], [ -31.148585797883342, 39.415180046026386 ], [ -31.148642771661695, 39.415059320841301 ], [ -31.148762334385523, 39.414930492066595 ], [ -31.148800423590117, 39.414917673788722 ], [ -31.148849870494846, 39.414940895260017 ], [ -31.14887678638598, 39.414968443169236 ], [ -31.148898934161085, 39.415009338866703 ], [ -31.148910749079338, 39.415054485790137 ], [ -31.148948523477245, 39.415163293747 ], [ -31.148968128438824, 39.415190545072278 ], [ -31.148989361323672, 39.415208992708806 ], [ -31.149015246251057, 39.415222828391791 ], [ -31.149061907534019, 39.415241590639162 ], [ -31.149142940940916, 39.415251980216333 ], [ -31.149223638687552, 39.415248668610126 ], [ -31.149370637026241, 39.415233077527937 ], [ -31.149460638111076, 39.415207390221909 ], [ -31.149728108003178, 39.415085598101832 ], [ -31.149781784329971, 39.415032393326591 ], [ -31.149901636847673, 39.414809056140349 ], [ -31.14999234929336, 39.414589579067091 ], [ -31.150043825439308, 39.414347224483052 ], [ -31.150062808773932, 39.414261843310328 ], [ -31.150060741213171, 39.414225862242326 ], [ -31.150064175389343, 39.41412671903182 ], [ -31.150072903790782, 39.414095323593671 ], [ -31.15010923578139, 39.413929311315904 ], [ -31.150109154407094, 39.41387966605101 ], [ -31.150085523728862, 39.413618097100816 ], [ -31.150103941792135, 39.413334493215622 ], [ -31.150102247287094, 39.413262387894918 ], [ -31.150078083550067, 39.413104423096797 ], [ -31.150058838214555, 39.413063572879651 ], [ -31.149984958305996, 39.412949685997276 ], [ -31.149943645397315, 39.412917585510591 ], [ -31.149890148406723, 39.412880605184917 ], [ -31.149815752480279, 39.412838968552236 ], [ -31.149730087713422, 39.412814991082911 ], [ -31.149688060625834, 39.41280990763115 ], [ -31.149602160743896, 39.412790432126293 ], [ -31.1493305495835, 39.412687094367143 ], [ -31.149280649253477, 39.412654675895894 ], [ -31.149172618676076, 39.412562949721128 ], [ -31.149149418770147, 39.412535461916654 ], [ -31.148984941742171, 39.41230318628385 ], [ -31.148956629350014, 39.412280211164642 ], [ -31.148918681833745, 39.412256992581113 ], [ -31.14882548238926, 39.412214965929508 ], [ -31.148785321253822, 39.41219639716136 ], [ -31.148704427473998, 39.412154566293111 ], [ -31.148688187885586, 39.412136198090586 ], [ -31.148675087855171, 39.412108960165824 ], [ -31.148676735106434, 39.412073037301667 ], [ -31.148688940767222, 39.412050708011321 ], [ -31.148719850706115, 39.412010655970576 ], [ -31.148755535835328, 39.411948155442367 ], [ -31.148766133561907, 39.411903185057753 ], [ -31.148767443905303, 39.41185365203512 ], [ -31.148761894057102, 39.411817614604182 ], [ -31.148751001173611, 39.411790321722393 ], [ -31.148724955422381, 39.411677285562114 ], [ -31.148745324164285, 39.411429841282896 ], [ -31.148809209357907, 39.411210209164878 ], [ -31.148896572552101, 39.410954820507975 ], [ -31.148902059271428, 39.410909859750149 ], [ -31.148900229953593, 39.410869286542322 ], [ -31.148890626905821, 39.410819579803139 ], [ -31.148863863548979, 39.410738066529788 ], [ -31.148842295770617, 39.410701593941354 ], [ -31.148710550700851, 39.410492273290714 ], [ -31.148596591186031, 39.410247285627982 ], [ -31.148563667989052, 39.410174684020767 ], [ -31.148474782705119, 39.40993901510349 ], [ -31.14846667108004, 39.409916362367184 ], [ -31.148434577693784, 39.409650063251547 ], [ -31.148428355035009, 39.409415620200704 ], [ -31.148412985281855, 39.40931176370804 ], [ -31.148376480661881, 39.409045394324906 ], [ -31.14825614466848, 39.408795710683236 ], [ -31.14818889309532, 39.408673008475532 ], [ -31.148164135237536, 39.408375381842646 ], [ -31.148184170562523, 39.408276593050594 ], [ -31.148234305101443, 39.408137650200757 ], [ -31.148259054416211, 39.408106509957442 ], [ -31.148290298374512, 39.408080068113264 ], [ -31.148327353581216, 39.408049123784963 ], [ -31.148419806717591, 39.407987526219138 ], [ -31.148448732233099, 39.407960957321954 ], [ -31.148529357558299, 39.407876647759593 ], [ -31.148572214198449, 39.407850300608082 ], [ -31.148608914195275, 39.407832775137265 ], [ -31.148640738889174, 39.407810757243453 ], [ -31.148684069505865, 39.407766488088612 ], [ -31.148786039854912, 39.407533856375352 ], [ -31.148799118614939, 39.407421442922207 ], [ -31.148788522844018, 39.40729955273116 ], [ -31.148753567056342, 39.40714141486886 ], [ -31.148758021215855, 39.407082832851088 ], [ -31.148790259965672, 39.406961713665346 ], [ -31.14881001727267, 39.406926079030896 ], [ -31.148863726193014, 39.40681872616895 ], [ -31.148940132119545, 39.406617312682179 ], [ -31.149067386728483, 39.406416617396644 ], [ -31.149116983891314, 39.406381277401429 ], [ -31.149157514578096, 39.406359397905241 ], [ -31.149187132688475, 39.406337344734503 ], [ -31.14920003130403, 39.40631511558631 ], [ -31.149221064015286, 39.406288330780413 ], [ -31.149261013595172, 39.406262027195318 ], [ -31.149313852200166, 39.40624025250154 ], [ -31.149369351357816, 39.406227620922756 ], [ -31.149623431295058, 39.40611462535152 ], [ -31.149653287237868, 39.406083566037694 ], [ -31.149717075212862, 39.406003402524128 ], [ -31.149785392283448, 39.405918896220328 ], [ -31.149810717050489, 39.405896684486883 ], [ -31.149830118818269, 39.405874468621526 ], [ -31.149841046545017, 39.405847703142022 ], [ -31.149849315380045, 39.405807290556467 ], [ -31.149853444270342, 39.405708249272962 ], [ -31.149832187659385, 39.405550240412296 ], [ -31.149837555377456, 39.405509781673985 ], [ -31.149852679323036, 39.405460468330986 ], [ -31.149877325517284, 39.405406801560325 ], [ -31.149903007680571, 39.405366665973467 ], [ -31.150088321595472, 39.405139773537783 ], [ -31.150290702124753, 39.404899817705306 ], [ -31.150317100193067, 39.404832573884825 ], [ -31.15033188524243, 39.404769740368877 ], [ -31.150333531299481, 39.404733818314597 ], [ -31.150372598444566, 39.40446405527824 ], [ -31.150406077839047, 39.404212404067607 ], [ -31.150467764452987, 39.403965616211835 ], [ -31.150490104700662, 39.403889297999314 ], [ -31.150514154931912, 39.403858146118822 ], [ -31.150544958896173, 39.403791152490221 ], [ -31.150550680037561, 39.40374169041521 ], [ -31.150572689585044, 39.403458142198289 ], [ -31.150671442449642, 39.403153469029817 ], [ -31.150711311589422, 39.403073015575281 ], [ -31.15086411603464, 39.402836685126303 ], [ -31.150949773775483, 39.402675870362785 ], [ -31.150999258994922, 39.402446817685494 ], [ -31.151032286920554, 39.40235273972668 ], [ -31.151099077142181, 39.402106032569499 ], [ -31.151169008450417, 39.40184594977039 ], [ -31.151270403003572, 39.401581682836998 ], [ -31.151397792903865, 39.401322513179949 ], [ -31.151502054446574, 39.401107935655489 ], [ -31.151611978078893, 39.400933991274144 ], [ -31.151650658286112, 39.400898476630907 ], [ -31.151692932242245, 39.400863199281275 ], [ -31.151737654237802, 39.400818770807092 ], [ -31.151754304383051, 39.400737947063583 ], [ -31.151779101383706, 39.40062130361509 ], [ -31.151804083699489, 39.400585571244648 ], [ -31.151842757696368, 39.400550236630934 ], [ -31.152287588416389, 39.400165377291508 ], [ -31.152315351105962, 39.400134283981977 ], [ -31.152331273139207, 39.400107417374507 ], [ -31.152338484345769, 39.400080592580899 ], [ -31.152331207938509, 39.400026327990396 ], [ -31.152340063594739, 39.39996799496204 ], [ -31.15235807226852, 39.399945666406495 ], [ -31.152392335727452, 39.399910261536327 ], [ -31.152427057583402, 39.399888288564441 ], [ -31.152523673513315, 39.399831169382686 ], [ -31.152737947389053, 39.399658881358803 ], [ -31.152752473809688, 39.399632082621828 ], [ -31.152765609991352, 39.399600756893904 ], [ -31.152775501741765, 39.399555955007315 ], [ -31.15278159642785, 39.399461448718291 ], [ -31.152775231138733, 39.399429814162445 ], [ -31.152765151328108, 39.399398119710156 ], [ -31.152699545559322, 39.399243911719822 ], [ -31.152662943457344, 39.399117192916819 ], [ -31.152699415439688, 39.399081642829117 ], [ -31.152750153326664, 39.399060014230493 ], [ -31.152801357522364, 39.399042717728086 ], [ -31.153065841984606, 39.398947809042596 ], [ -31.153102647483255, 39.398930463955317 ], [ -31.153185344373497, 39.398850688725531 ], [ -31.153192559857739, 39.39882368374176 ], [ -31.153187007331695, 39.398787646397494 ], [ -31.153169277873463, 39.398742225683733 ], [ -31.153151879913466, 39.398715010966704 ], [ -31.153158056428094, 39.398674564856165 ], [ -31.153171429799368, 39.398634233021923 ], [ -31.153183631556139, 39.398611902220921 ], [ -31.153214062689496, 39.398585265863971 ], [ -31.153250986736587, 39.398563417699584 ], [ -31.153298592020985, 39.398546063829428 ], [ -31.15347448629209, 39.398481372022701 ], [ -31.153697445836723, 39.398336159400017 ], [ -31.153882789375452, 39.398190528579562 ], [ -31.154078371364118, 39.398013346278269 ], [ -31.154308554139469, 39.3978142782586 ], [ -31.154737668003857, 39.397451773483517 ], [ -31.154894793403191, 39.397328038569505 ], [ -31.154925561416988, 39.39731501192648 ], [ -31.155063850885806, 39.397245036911002 ], [ -31.155297249303949, 39.397091156190633 ], [ -31.155535521510132, 39.396946182807874 ], [ -31.155774484469674, 39.39680139917386 ], [ -31.156014504556367, 39.396642937764433 ], [ -31.156137820571914, 39.396563804327791 ], [ -31.15621200913824, 39.396529031209056 ], [ -31.156487881015259, 39.396389245976621 ], [ -31.156671456210951, 39.396279532658895 ], [ -31.156720339827309, 39.396248772980719 ], [ -31.156938990855789, 39.396103484799617 ], [ -31.157143674395023, 39.396016719866196 ], [ -31.157391632477594, 39.395975508173294 ], [ -31.157458849256489, 39.395954138538805 ], [ -31.157623822305599, 39.395893682151865 ], [ -31.157668179511376, 39.395862850369006 ], [ -31.157871129924509, 39.395762451846188 ], [ -31.157980496773376, 39.395714628985893 ], [ -31.15800650926478, 39.395692516372456 ], [ -31.158018590490602, 39.395674688043066 ], [ -31.158035205726897, 39.395647831588803 ], [ -31.158154195982227, 39.395401946535074 ], [ -31.158158386501757, 39.395379488321915 ], [ -31.158163658459557, 39.395289473516911 ], [ -31.15814858554263, 39.395257701330237 ], [ -31.158110668824008, 39.395180607445496 ], [ -31.158102792503165, 39.39514894831553 ], [ -31.158100145379958, 39.395112776981321 ], [ -31.158102367412354, 39.395081277767233 ], [ -31.158105312010036, 39.395000236835543 ], [ -31.15812565442652, 39.394942085180929 ], [ -31.158148304058908, 39.394910909447923 ], [ -31.158322978909265, 39.394724378852978 ], [ -31.158384533811574, 39.394648860037449 ], [ -31.158556080444299, 39.394444349981654 ], [ -31.15860474503118, 39.394386556526335 ], [ -31.158791137019993, 39.394200300790359 ], [ -31.158815520190213, 39.394182667107941 ], [ -31.158870194499194, 39.394174522739398 ], [ -31.158904557458797, 39.394161551925102 ], [ -31.158934861389533, 39.394144011936106 ], [ -31.158971207975483, 39.394113052837184 ], [ -31.159022420972228, 39.394068724185466 ], [ -31.159198610576425, 39.39385527679368 ], [ -31.159241231560571, 39.39380648734155 ], [ -31.15934740981287, 39.393632475935426 ], [ -31.15946324201601, 39.393422487758592 ], [ -31.159479273314069, 39.393391298021072 ], [ -31.159489740273038, 39.39335533421832 ], [ -31.159578861755492, 39.393167537925358 ], [ -31.159637517953634, 39.393087377525724 ], [ -31.159752899793361, 39.392841433566716 ], [ -31.159780597898273, 39.392697714442825 ], [ -31.159769577474414, 39.392454365559225 ], [ -31.159778419166074, 39.392418376009253 ], [ -31.159792599896306, 39.392378056108704 ], [ -31.15980781844166, 39.392351267377251 ], [ -31.159827581723647, 39.392288511205884 ], [ -31.159817039821757, 39.392247801069161 ], [ -31.159798829565215, 39.39222498837934 ], [ -31.159771557944104, 39.392211132258367 ], [ -31.159733616216936, 39.392192422199905 ], [ -31.159514298549681, 39.392089934867357 ], [ -31.159485992774872, 39.392062458366624 ], [ -31.159455598945403, 39.392030442999506 ], [ -31.1594296215352, 39.391993902494882 ], [ -31.159389026389942, 39.391939201096029 ], [ -31.159216863323699, 39.391778896369686 ], [ -31.159176730502008, 39.391733121950345 ], [ -31.159181969568209, 39.391697255623846 ], [ -31.159209489023532, 39.391675166562507 ], [ -31.159259276156792, 39.391684964317868 ], [ -31.159309758577937, 39.391699277972549 ], [ -31.159339814364845, 39.391713178259856 ], [ -31.159381117211687, 39.391745365386932 ], [ -31.159520691576923, 39.391846771385367 ], [ -31.159552610175673, 39.391847276439748 ], [ -31.159593353395593, 39.391843326099199 ], [ -31.159675887664495, 39.391822107397736 ], [ -31.159710143369768, 39.391786700143513 ], [ -31.159734542565996, 39.391741946902393 ], [ -31.159732824199168, 39.391696870537977 ], [ -31.159731709872027, 39.391602339732671 ], [ -31.159738225563451, 39.391575324116168 ], [ -31.159751488903993, 39.391512465110452 ], [ -31.159751046161244, 39.391471913844597 ], [ -31.15973182536997, 39.391377096566558 ], [ -31.15971061239183, 39.391327117649027 ], [ -31.159600450099322, 39.391131664074642 ], [ -31.159532820842657, 39.39105410047727 ], [ -31.159487597218028, 39.390976712083344 ], [ -31.159460798403508, 39.390949348618086 ], [ -31.159428084972983, 39.390921711357045 ], [ -31.159370881528215, 39.390889272627859 ], [ -31.159339316063356, 39.390875348459161 ], [ -31.159316694637372, 39.390852465886987 ], [ -31.159294891505791, 39.390825001243591 ], [ -31.159287588439859, 39.390802451178772 ], [ -31.159284702829599, 39.390770871086183 ], [ -31.159286581660485, 39.390730356555494 ], [ -31.159319164801616, 39.390568605931591 ], [ -31.159343902759307, 39.390537462977044 ], [ -31.159381992783661, 39.390497521469143 ], [ -31.159425649251638, 39.390462263048548 ], [ -31.159469187420768, 39.390435922477735 ], [ -31.159589929428563, 39.390370169114703 ], [ -31.159634045538031, 39.39034834254398 ], [ -31.159751306369298, 39.390278118208769 ], [ -31.159780691145908, 39.390238038838071 ], [ -31.159807294841933, 39.390188905623198 ], [ -31.159849246067822, 39.390085957079627 ], [ -31.159856348426178, 39.390036605430964 ], [ -31.159856838733774, 39.389991473899599 ], [ -31.159840521990056, 39.389892197643462 ], [ -31.159760917866297, 39.389634159662009 ], [ -31.15971546715171, 39.389543342191807 ], [ -31.159528954812451, 39.389319561815036 ], [ -31.15936095766671, 39.38919536165519 ], [ -31.159342053143764, 39.389172447805542 ], [ -31.159315614745982, 39.38912698023271 ], [ -31.159190607558592, 39.388913361741032 ], [ -31.159066996273538, 39.388704090830231 ], [ -31.158971024634418, 39.388463721924104 ], [ -31.15896772217825, 39.388337622001643 ], [ -31.159015389211621, 39.388180705160721 ], [ -31.1590100757683, 39.388135481766284 ], [ -31.159002226126656, 39.388049854147575 ], [ -31.159006652569293, 39.388018389766962 ], [ -31.159020020321748, 39.38797805706254 ], [ -31.15904371979714, 39.387933382957037 ], [ -31.159169296388875, 39.387710125285103 ], [ -31.159277686110777, 39.387504614264152 ], [ -31.159307899477771, 39.387433013657876 ], [ -31.159313600202246, 39.387410489168964 ], [ -31.159359503197948, 39.387294088524072 ], [ -31.159392364034524, 39.387258659250143 ], [ -31.159428011576683, 39.387227598786197 ], [ -31.159458193909721, 39.387210145891075 ], [ -31.159496967103113, 39.387197154546719 ], [ -31.159540843391344, 39.387184334032348 ], [ -31.159573112469324, 39.387171419946533 ], [ -31.15970221049778, 39.387092373936873 ], [ -31.15981134160203, 39.387026436563957 ], [ -31.159865312674317, 39.387018280548787 ], [ -31.159909649727673, 39.387014476123873 ], [ -31.160036051870119, 39.386980526399164 ], [ -31.160130805497211, 39.386882916941595 ], [ -31.160265083474588, 39.386659704642717 ], [ -31.16033601104002, 39.386390622138585 ], [ -31.160332680888843, 39.386322905544866 ], [ -31.160322140614671, 39.386282195446803 ], [ -31.160192044186147, 39.386041377833379 ], [ -31.16017627685736, 39.38600517916457 ], [ -31.160169806636645, 39.385950927662691 ], [ -31.160170750507188, 39.385914993314614 ], [ -31.160176690752611, 39.385878957797466 ], [ -31.160207729194653, 39.385775836423306 ], [ -31.160277903126801, 39.385619364148866 ], [ -31.16033169515541, 39.385503086939089 ], [ -31.160367460793498, 39.385467523113803 ], [ -31.160499127788622, 39.385347972493179 ], [ -31.160658523139112, 39.385246879875709 ], [ -31.160845643333293, 39.385164335191192 ], [ -31.161147428378602, 39.385087926774951 ], [ -31.161416006208114, 39.385029192580596 ], [ -31.161455708201267, 39.385007295499051 ], [ -31.16163427007406, 39.384870374978796 ], [ -31.161722849471708, 39.38480870596036 ], [ -31.16177136798353, 39.384787038199661 ], [ -31.161822675585963, 39.384769739220481 ], [ -31.161925050635823, 39.384739821618176 ], [ -31.162220450316337, 39.384654390638083 ], [ -31.162340944302397, 39.384593224464126 ], [ -31.162383318913502, 39.384557944609234 ], [ -31.162408870132499, 39.384522218771707 ], [ -31.162456706403471, 39.384469005474095 ], [ -31.162494778846035, 39.384456092136567 ], [ -31.162552581624769, 39.384438985533301 ], [ -31.162804669272465, 39.384402423032334 ], [ -31.162884752571138, 39.384390172188866 ], [ -31.163024965093499, 39.384356257069484 ], [ -31.163310961447042, 39.3842706738874 ], [ -31.163385713993272, 39.384240319726409 ], [ -31.163435389315538, 39.38422767937687 ], [ -31.163491328797278, 39.384224057658024 ], [ -31.163804909502165, 39.384219997408216 ], [ -31.164082967852387, 39.384242315110775 ], [ -31.164387381826856, 39.384229188856366 ], [ -31.164709665587154, 39.384225263504597 ], [ -31.164895245340087, 39.38420566678316 ], [ -31.164966978297254, 39.384184182812696 ], [ -31.16519564043918, 39.384097781467624 ], [ -31.165273293406209, 39.384067471834257 ], [ -31.16545379107373, 39.383993644846413 ], [ -31.165615698095337, 39.383960248031244 ], [ -31.165686146519576, 39.383956763960647 ], [ -31.16574683838985, 39.383966730874207 ], [ -31.165901997407435, 39.383973771585346 ], [ -31.165960955878731, 39.383965691351023 ], [ -31.166048124891653, 39.383935531235494 ], [ -31.166142725010101, 39.383896478356583 ], [ -31.166224562647376, 39.383848214349442 ], [ -31.166290270259207, 39.383804110835079 ], [ -31.166508633845737, 39.383640870677972 ], [ -31.166703431458405, 39.383486358638507 ], [ -31.166746268588227, 39.383459914111114 ], [ -31.166928740332903, 39.383363770574078 ], [ -31.167170419057712, 39.383223421190493 ], [ -31.167433230261228, 39.383056284559615 ], [ -31.167503354508536, 39.382985310456007 ], [ -31.167530173884881, 39.382954198463722 ], [ -31.167562324160158, 39.38294569508237 ], [ -31.16759806683072, 39.382941843309027 ], [ -31.167651222757151, 39.382933670800753 ], [ -31.167709025460709, 39.382916471509681 ], [ -31.167782497524502, 39.38288167948906 ], [ -31.16803867167809, 39.382768495153158 ], [ -31.168214180077307, 39.382663230938178 ], [ -31.168251907991202, 39.3826322905567 ], [ -31.168270956564637, 39.38259646099241 ], [ -31.168277700633293, 39.382565032693172 ], [ -31.168274114837995, 39.382533441729123 ], [ -31.168263095908127, 39.382510834570901 ], [ -31.168242219432233, 39.382478971326002 ], [ -31.168218088950628, 39.382456066691695 ], [ -31.168210672414439, 39.382433335158993 ], [ -31.168249674554726, 39.382411424699022 ], [ -31.168287505868065, 39.382407605601252 ], [ -31.168319655806041, 39.382399102001742 ], [ -31.168363067889931, 39.382377260944821 ], [ -31.168412872439649, 39.382332905784786 ], [ -31.16843992375011, 39.382297382396345 ], [ -31.168462108901672, 39.382252592327319 ], [ -31.168498688175635, 39.382185684444373 ], [ -31.168522842788782, 39.382149935229201 ], [ -31.168626739315123, 39.382061562539711 ], [ -31.168665739453832, 39.382044156833658 ], [ -31.168700094671468, 39.382031182916897 ], [ -31.168755810269182, 39.382009445308164 ], [ -31.168907977734015, 39.381935347059446 ], [ -31.168952319896729, 39.381904510559806 ], [ -31.168989008699192, 39.381860038785433 ], [ -31.169016995935856, 39.381815339933013 ], [ -31.169080176445778, 39.381676771702494 ], [ -31.169228223369583, 39.381453856292794 ], [ -31.169386462443793, 39.381285069235204 ], [ -31.169500238143932, 39.38115180190686 ], [ -31.169527293139531, 39.38111609811186 ], [ -31.169550521765565, 39.381057989646003 ], [ -31.169552738710795, 39.381030904852786 ], [ -31.169547639777313, 39.38100388513481 ], [ -31.169533724102283, 39.380981052310254 ], [ -31.169504378274123, 39.380935631317705 ], [ -31.169411708141514, 39.380790015235192 ], [ -31.169406495102539, 39.380767409447444 ], [ -31.169408142400705, 39.380704366348624 ], [ -31.169434724258924, 39.38068676494548 ], [ -31.169480672378331, 39.38070550773589 ], [ -31.169524178679094, 39.380737725973361 ], [ -31.169576733684526, 39.38077909734362 ], [ -31.169608990767372, 39.380793119715555 ], [ -31.169639287402362, 39.380775486620408 ], [ -31.169659026326336, 39.380739847868909 ], [ -31.169695831695321, 39.380690872759061 ], [ -31.169725778087916, 39.3806822439904 ], [ -31.169803649524034, 39.380674459359355 ], [ -31.169853661887526, 39.380679841255755 ], [ -31.169882096097005, 39.380671278753688 ], [ -31.169901143274476, 39.380635448878856 ], [ -31.16990393753894, 39.380612968187997 ], [ -31.169917297484439, 39.380572634001858 ], [ -31.169953970391902, 39.380559786266218 ], [ -31.169988905255057, 39.380555740839846 ], [ -31.170026384970861, 39.38056534032836 ], [ -31.170147646708642, 39.380589771676028 ], [ -31.170196624362227, 39.380577027326638 ], [ -31.170288538807441, 39.3805560385753 ], [ -31.170492102992416, 39.380514191048938 ], [ -31.170529014845975, 39.380487741997456 ], [ -31.170562909818699, 39.380470165250379 ], [ -31.170615130936444, 39.380470986526355 ], [ -31.17064425856957, 39.380467028870015 ], [ -31.170691843830838, 39.380449757481976 ], [ -31.170752085025796, 39.380423585134899 ], [ -31.170845637968377, 39.380370997089258 ], [ -31.170868277397012, 39.380335403733994 ], [ -31.1708793127106, 39.380304042739645 ], [ -31.170895680564275, 39.380286280387935 ], [ -31.170927132934562, 39.380277765085687 ], [ -31.170961146783679, 39.380251180226999 ], [ -31.170983205867842, 39.380215577722815 ], [ -31.171053464623803, 39.380076940342285 ], [ -31.171123060515946, 39.379830263331243 ], [ -31.17112318705211, 39.379798731699978 ], [ -31.17113267333135, 39.379546604665776 ], [ -31.171121011501686, 39.379379649638118 ], [ -31.171112314577606, 39.37935257340979 ], [ -31.171100722331193, 39.379325271462186 ], [ -31.171084596871879, 39.379302583369281 ], [ -31.171052115213648, 39.379270539048683 ], [ -31.171014980842056, 39.379274370020497 ], [ -31.170962749189584, 39.379300668455599 ], [ -31.170933502171152, 39.379309218448718 ], [ -31.170885456592213, 39.379317472843248 ], [ -31.170851338593259, 39.379316936359324 ], [ -31.170715221283949, 39.379305786037548 ], [ -31.17068586583013, 39.379291809603842 ], [ -31.170648271440076, 39.379286624261411 ], [ -31.170620414611413, 39.379295286136632 ], [ -31.170545330740069, 39.379307530002656 ], [ -31.170278306025047, 39.379307925189892 ], [ -31.170231547020489, 39.379293585695031 ], [ -31.170182814860368, 39.379270294477728 ], [ -31.1701653006585, 39.379247494315564 ], [ -31.170155213114501, 39.379215891211395 ], [ -31.170153019940788, 39.379188737023348 ], [ -31.170170669276818, 39.379153065300478 ], [ -31.170214539831452, 39.379140240596371 ], [ -31.170250169094562, 39.379136206007907 ], [ -31.170294383107365, 39.379136901471142 ], [ -31.170384079889999, 39.379147412264999 ], [ -31.170424462069292, 39.379161472106404 ], [ -31.170450216458011, 39.379175481165944 ], [ -31.17048665151556, 39.379193983837496 ], [ -31.170523895412355, 39.379212589317227 ], [ -31.170559519994946, 39.379208734757768 ], [ -31.17059840283288, 39.379195741367987 ], [ -31.170632061173244, 39.379182755901354 ], [ -31.170661542165703, 39.379165199799509 ], [ -31.170675593773293, 39.379129471419411 ], [ -31.17066133570469, 39.379093117641993 ], [ -31.170620611128555, 39.379065537702175 ], [ -31.170580584852161, 39.379042294365895 ], [ -31.170513878533647, 39.378987186085837 ], [ -31.170485805120745, 39.378950795204275 ], [ -31.170469222352704, 39.378918999871928 ], [ -31.17040786019578, 39.378850371589479 ], [ -31.170346826127695, 39.378826977051475 ], [ -31.170312250805647, 39.378817333255391 ], [ -31.170272801125677, 39.378798693013039 ], [ -31.170245887224944, 39.378775745009726 ], [ -31.17023254808193, 39.378757515460897 ], [ -31.170223040406025, 39.378730426413711 ], [ -31.170162431470786, 39.378495217463438 ], [ -31.170143996872596, 39.378449879059055 ], [ -31.170112781252406, 39.378453802850856 ], [ -31.170065434023694, 39.378457562964748 ], [ -31.170029971331154, 39.378317442292072 ], [ -31.170021211030612, 39.378483896868751 ], [ -31.170089812224028, 39.378750856237872 ], [ -31.170040954618297, 39.378759097512173 ], [ -31.169852375195717, 39.378783070228209 ], [ -31.169470826874782, 39.378750128093571 ], [ -31.169422567107052, 39.378708825168708 ], [ -31.169406330545556, 39.378690459832029 ], [ -31.169293827103637, 39.378526512687955 ], [ -31.169230718570542, 39.378471460299842 ], [ -31.169200785162122, 39.378452969466473 ], [ -31.169021881040159, 39.378355550962006 ], [ -31.168994848165209, 39.378332690897814 ], [ -31.168973857194484, 39.378305240801588 ], [ -31.168933145936723, 39.378250540796742 ], [ -31.168920391667719, 39.378214390677542 ], [ -31.168904078643482, 39.378087906606858 ], [ -31.168922073882666, 39.378065665211942 ], [ -31.168941697020436, 39.378034439574876 ], [ -31.168940314300826, 39.378007388218712 ], [ -31.16893243584471, 39.377975729682142 ], [ -31.168921535066968, 39.377948618601245 ], [ -31.168886273222896, 39.377907520054428 ], [ -31.168860751500866, 39.377884593647963 ], [ -31.168839643022494, 39.377861646609176 ], [ -31.168824217250268, 39.377838879121349 ], [ -31.168817847447695, 39.377807244325638 ], [ -31.16883224337441, 39.377780531450149 ], [ -31.168850933180078, 39.377762805930416 ], [ -31.168889932470865, 39.377740895173346 ], [ -31.16890955624114, 39.377714084382895 ], [ -31.168932315763215, 39.377673898250762 ], [ -31.168981087244223, 39.377584567302222 ], [ -31.169048998259345, 39.377513557314465 ], [ -31.169094483295495, 39.377523283096579 ], [ -31.169144143132652, 39.377537669599214 ], [ -31.169212027155666, 39.377547657772574 ], [ -31.169304269860106, 39.377571724251275 ], [ -31.1693336231567, 39.377585700996065 ], [ -31.169361352158145, 39.377608571036788 ], [ -31.169526434756634, 39.377732892121536 ], [ -31.169563571939399, 39.377728880564703 ], [ -31.169591423552838, 39.377720399052137 ], [ -31.169620908111764, 39.37769824823264 ], [ -31.169780164810515, 39.377574615905047 ], [ -31.169846447244232, 39.377512589686859 ], [ -31.169885443741851, 39.377490768646119 ], [ -31.169926412178846, 39.377477898381919 ], [ -31.1700314403246, 39.377456935903425 ], [ -31.170075071100694, 39.37745320743285 ], [ -31.170183923573081, 39.377450324707674 ], [ -31.170406599080831, 39.37748085588904 ], [ -31.170450231017821, 39.377477127295862 ], [ -31.170511861072033, 39.377450976885925 ], [ -31.170812217525487, 39.377343076944072 ], [ -31.170855507277878, 39.377321323084033 ], [ -31.170903323921191, 39.377299550289166 ], [ -31.170936287369113, 39.37728646369812 ], [ -31.170975177242873, 39.377242025845327 ], [ -31.170986211120699, 39.377206249964352 ], [ -31.171000737021686, 39.377152329056003 ], [ -31.171058072111371, 39.377121695986709 ], [ -31.171091727863324, 39.377113215267329 ], [ -31.171189332248566, 39.377069790545576 ], [ -31.171210462664504, 39.377038588207178 ], [ -31.17121325516117, 39.377016107440191 ], [ -31.171224524804309, 39.376975740208266 ], [ -31.171247743961626, 39.376944570699479 ], [ -31.171293710329206, 39.37690916375189 ], [ -31.171420686610162, 39.376825656161913 ], [ -31.171452949968884, 39.376812648514644 ], [ -31.171570746159851, 39.376773955695512 ], [ -31.171688190911347, 39.376748681935752 ], [ -31.171719169242689, 39.376758268786148 ], [ -31.171738418226493, 39.37679911482229 ], [ -31.171735275764465, 39.376835014807213 ], [ -31.171725865153832, 39.376861986606514 ], [ -31.171725966081929, 39.376915957302188 ], [ -31.17176494543228, 39.376948104461619 ], [ -31.171802539546345, 39.376957705167676 ], [ -31.171856150608487, 39.376958547710935 ], [ -31.171905584375089, 39.376954908846201 ], [ -31.171958157715903, 39.376942130133486 ], [ -31.172174931118334, 39.376923011797494 ], [ -31.172216937791038, 39.376923671835314 ], [ -31.172368027256908, 39.376917035863165 ], [ -31.172414797141592, 39.376904254961183 ], [ -31.172454488568693, 39.37688685880125 ], [ -31.172501727248331, 39.376851651556571 ], [ -31.172680245590701, 39.376714713783095 ], [ -31.172864092404975, 39.376591553521827 ], [ -31.172949866458762, 39.376529831647467 ], [ -31.172982023745835, 39.376494207132758 ], [ -31.172992706573957, 39.376471850240918 ], [ -31.172998397197471, 39.376449505040526 ], [ -31.172997595479973, 39.376422372740542 ], [ -31.173012592844842, 39.376323589812934 ], [ -31.173053677470474, 39.376306215324128 ], [ -31.173090343093953, 39.376315801031112 ], [ -31.173114238355513, 39.376347710847654 ], [ -31.173123512056705, 39.376383805870056 ], [ -31.173141134621371, 39.376429221173126 ], [ -31.173177574666557, 39.376425198406565 ], [ -31.173190462237461, 39.376402876119428 ], [ -31.173184324354398, 39.376357821378335 ], [ -31.173192250249869, 39.376249737305258 ], [ -31.17320896990601, 39.376218465323944 ], [ -31.173229864365908, 39.376196268770457 ], [ -31.173252846223146, 39.37617860992777 ], [ -31.173299152812724, 39.376156812418472 ], [ -31.173344753834556, 39.376162123521745 ], [ -31.173376658639114, 39.376189564022994 ], [ -31.173444187557305, 39.376213149049796 ], [ -31.173475995646882, 39.376164184301871 ], [ -31.173473689548523, 39.376114593803088 ], [ -31.173480433085217, 39.376078570105157 ], [ -31.17352440932817, 39.376088270462922 ], [ -31.173555968865319, 39.376102280786768 ], [ -31.173581722782782, 39.37611629004877 ], [ -31.173600054535509, 39.376134506610526 ], [ -31.173681270340889, 39.376167406360182 ], [ -31.173748464292228, 39.376150441532417 ], [ -31.173867305347141, 39.37609824796013 ], [ -31.17405242703909, 39.375983935466358 ], [ -31.174172212882894, 39.37586877740307 ], [ -31.174255781169943, 39.37581143475888 ], [ -31.174293613447677, 39.375803018652647 ], [ -31.174323784722933, 39.375790067463107 ], [ -31.174358029726818, 39.37575447532079 ], [ -31.17438820341135, 39.375737019215876 ], [ -31.174528632172219, 39.375667143998989 ], [ -31.17465652562548, 39.375606081786614 ], [ -31.174679281162398, 39.375565894422841 ], [ -31.174700873559729, 39.375543618450294 ], [ -31.174737546486039, 39.375530679069861 ], [ -31.174791622129622, 39.375518102830043 ], [ -31.174879934860069, 39.375496963759183 ], [ -31.174927635353633, 39.375475097362248 ], [ -31.175033127089225, 39.375436207948241 ], [ -31.175096719244788, 39.375419275924443 ], [ -31.175375239546952, 39.375337960999921 ], [ -31.175401004365664, 39.375324850311927 ], [ -31.175440117559862, 39.375298434172095 ], [ -31.175499072684964, 39.375263409447996 ], [ -31.175762991015656, 39.375100865793229 ], [ -31.175834481763761, 39.375061442439872 ], [ -31.175875791161214, 39.375062090213071 ], [ -31.17590666160903, 39.37504905857034 ], [ -31.175939857519797, 39.375026965211688 ], [ -31.175998350359837, 39.374982923105541 ], [ -31.176074255091265, 39.374934468838418 ], [ -31.176115103753574, 39.374926099427007 ], [ -31.176202598442174, 39.374909540649888 ], [ -31.176237068344765, 39.374896476152543 ], [ -31.176324683646968, 39.374875325038431 ], [ -31.176655400439479, 39.374853479572842 ], [ -31.1769848260621, 39.374881256446294 ], [ -31.177055725826129, 39.374886782353713 ], [ -31.177262273679009, 39.374894523850884 ], [ -31.177626968810291, 39.374958800943752 ], [ -31.177886875424534, 39.375039545437922 ], [ -31.178035851881187, 39.375113956953307 ], [ -31.178287859912082, 39.375248456811249 ], [ -31.178405627039993, 39.375295439579411 ], [ -31.17867934814835, 39.375371803598227 ], [ -31.178973844104537, 39.375430473338739 ], [ -31.179096033134861, 39.375445809865255 ], [ -31.179416993608573, 39.375464438387908 ], [ -31.179716260103614, 39.375478040526048 ], [ -31.180102899102121, 39.375511119584274 ], [ -31.180341006576715, 39.375532953372428 ], [ -31.180403553823666, 39.37552492187087 ], [ -31.180479449997954, 39.375507999153278 ], [ -31.180553832031247, 39.375495737840595 ], [ -31.180849051640362, 39.375441700577234 ], [ -31.181152504090999, 39.375405900241354 ], [ -31.181506090879612, 39.375339349164939 ], [ -31.181799560314051, 39.375298977133646 ], [ -31.181981748970252, 39.375270290000685 ], [ -31.182335918454555, 39.375181219890536 ], [ -31.182489447407466, 39.37513406437585 ], [ -31.182675238331218, 39.375078312688444 ], [ -31.182989019581996, 39.375006720369043 ], [ -31.183068624454599, 39.374989943977567 ], [ -31.183416184573964, 39.374873648474029 ], [ -31.183677637240311, 39.37475168275337 ], [ -31.18393619547507, 39.374602551500566 ], [ -31.184174218369769, 39.374434990153247 ], [ -31.184219823785817, 39.37440876246427 ], [ -31.184264500733097, 39.374391440049969 ], [ -31.184554614873882, 39.374283254312836 ], [ -31.184858761898433, 39.37419348677254 ], [ -31.185204101187697, 39.374140220398864 ], [ -31.185484566302836, 39.37412657478292 ], [ -31.185550242645618, 39.374136609074647 ], [ -31.185900088855959, 39.374214144366057 ], [ -31.185963790891254, 39.374219731891642 ], [ -31.186025756231199, 39.374211688274762 ], [ -31.186085636217655, 39.374194512123225 ], [ -31.18614447104801, 39.374163894913913 ], [ -31.186409051726557, 39.374032962766748 ], [ -31.186478446739564, 39.374015934750446 ], [ -31.186795238381389, 39.373939783965653 ], [ -31.186823899298805, 39.37392680596205 ], [ -31.186878789152271, 39.373909551618766 ], [ -31.187117487349887, 39.373823172864995 ], [ -31.187172143293434, 39.373788075159183 ], [ -31.18722355267488, 39.373761756525525 ], [ -31.187290160407628, 39.373740269740878 ], [ -31.187361757353393, 39.373723365603048 ], [ -31.187644196716292, 39.373660282136491 ], [ -31.18794520581995, 39.373579377362681 ], [ -31.18800613038076, 39.373548701650442 ], [ -31.188275346595386, 39.373435766181004 ], [ -31.188340210045332, 39.373423351611329 ], [ -31.188486650776824, 39.373403107381662 ], [ -31.188795195984138, 39.373394306759792 ], [ -31.189116385723743, 39.373372367516104 ], [ -31.189234747389403, 39.373347090193818 ], [ -31.189515907888541, 39.373274972353848 ], [ -31.189830253814161, 39.373239319683265 ], [ -31.190090178445573, 39.37320281946635 ], [ -31.190164095262478, 39.373181444739259 ], [ -31.190224090881681, 39.373159763291696 ], [ -31.190277002548864, 39.373133646861859 ], [ -31.190402210691676, 39.373090455068848 ], [ -31.190530085007698, 39.373051899655557 ], [ -31.190856613602392, 39.372966969383192 ], [ -31.191156107584803, 39.37294450687488 ], [ -31.191439699598067, 39.372948916148566 ], [ -31.191739071811707, 39.372985103746615 ], [ -31.192049001942095, 39.373008030821822 ], [ -31.192188480401864, 39.373005603395953 ], [ -31.192535200290493, 39.372808359391804 ], [ -31.192758570456554, 39.372811828843204 ], [ -31.193121762314423, 39.372880539858151 ], [ -31.193403729117431, 39.372947988359734 ], [ -31.193687671856864, 39.372965821439152 ], [ -31.193930535966494, 39.372969592231946 ], [ -31.194372635334581, 39.373129622443301 ], [ -31.194755322129819, 39.373257285385868 ], [ -31.195138478589811, 39.373339723784717 ], [ -31.195340847633002, 39.373342863354729 ], [ -31.195503648213773, 39.373331873956218 ], [ -31.195627108120618, 39.373270809800793 ], [ -31.195769253105798, 39.373241480750643 ], [ -31.19609311502683, 39.373291461726467 ], [ -31.196434265209351, 39.373422980011718 ], [ -31.196735040529436, 39.37354918540165 ], [ -31.196978369440099, 39.373566561992391 ], [ -31.197281924315206, 39.373584781285302 ], [ -31.197723572391414, 39.373762811625532 ], [ -31.19861359034627, 39.373853090193407 ], [ -31.199102682343955, 39.373766149868857 ], [ -31.199350181854307, 39.373589693929944 ], [ -31.199839274702192, 39.373502659494605 ], [ -31.199989168695794, 39.373203238264665 ], [ -31.200200911609343, 39.372868554817934 ], [ -31.20082065203033, 39.372756507710854 ], [ -31.201209011627899, 39.372636465798024 ], [ -31.201634632814983, 39.372643046254858 ], [ -31.201855344209346, 39.372722951202022 ], [ -31.201870103653757, 39.372939416116445 ], [ -31.202006816593006, 39.373153352030172 ], [ -31.202267680622374, 39.373251896596116 ], [ -31.202536052919278, 39.373084946444543 ], [ -31.202946570744242, 39.37289298166327 ], [ -31.203575258818361, 39.372902691774293 ], [ -31.204201750290419, 39.372975433914803 ], [ -31.204786479893016, 39.373119697573642 ], [ -31.205084728132412, 39.373340536578141 ], [ -31.205098461861716, 39.373597439787055 ], [ -31.205156150135952, 39.373724557734739 ], [ -31.20535460578342, 39.373907726607378 ], [ -31.205796738720164, 39.374067715003619 ], [ -31.206441243125191, 39.374230911230619 ], [ -31.207171478405971, 39.374242168475817 ], [ -31.207963555141493, 39.374195718405325 ], [ -31.208898118113389, 39.374133618113746 ], [ -31.209891419072385, 39.374162333071311 ], [ -31.210458158974475, 39.374184567625591 ], [ -31.211168550140318, 39.37418197962559 ], [ -31.212179056481467, 39.374332662613639 ], [ -31.213003933410612, 39.374593108461575 ], [ -31.213544983822189, 39.374858200988491 ], [ -31.214255084551521, 39.37503578615857 ], [ -31.214596054510245, 39.375180673425682 ], [ -31.214956644146731, 39.375352889595632 ], [ -31.215418538879099, 39.375531254750882 ], [ -31.215680347848153, 39.375593835231747 ], [ -31.216126412986156, 39.375600677243241 ], [ -31.216248604602455, 39.375588945976197 ], [ -31.216433778031508, 39.375497181112138 ], [ -31.216757998603939, 39.375502152510919 ], [ -31.216841861800017, 39.375399914124564 ], [ -31.216964968482078, 39.37535215737082 ], [ -31.21724799764247, 39.375374605060259 ], [ -31.217449126124254, 39.375454181352886 ], [ -31.217773347860415, 39.375459149035358 ], [ -31.21803584597631, 39.375494705037589 ], [ -31.218194866998662, 39.375632379675231 ], [ -31.21837534603506, 39.375725152961543 ], [ -31.218576923149943, 39.375759774709088 ], [ -31.218800532091148, 39.375749683876954 ], [ -31.219084938602215, 39.3757225945619 ], [ -31.219308664593527, 39.375712504542662 ], [ -31.219592272181984, 39.375716845461298 ], [ -31.220159841801316, 39.375739046422595 ], [ -31.220624959518812, 39.375791122169659 ], [ -31.22087103783668, 39.375673343031053 ], [ -31.220876871241281, 39.375443590143568 ], [ -31.220920915572052, 39.375309115868582 ], [ -31.221065465869259, 39.375216812397596 ], [ -31.221306059300044, 39.375315005381168 ], [ -31.221670895374849, 39.37532058407907 ], [ -31.221936488870313, 39.375261664550372 ], [ -31.222410855799868, 39.374949064657088 ], [ -31.222943536870424, 39.373948097299319 ], [ -31.223684259277093, 39.372950304977046 ], [ -31.223690402572846, 39.37293688389483 ], [ -31.223701539046889, 39.372923448955021 ], [ -31.223715222327062, 39.372901133076518 ], [ -31.223834809975042, 39.372790335855377 ], [ -31.224065990850448, 39.372600152823551 ], [ -31.224363070073991, 39.372388451260193 ], [ -31.22460284650575, 39.372230023166217 ], [ -31.224680922451949, 39.372186075858352 ], [ -31.224746816349736, 39.372160141748033 ], [ -31.22481469024768, 39.372143157640963 ], [ -31.225038622839946, 39.372096930743204 ], [ -31.225339925399325, 39.372002419218951 ], [ -31.225600957948139, 39.371893777792671 ], [ -31.22588507003681, 39.371762962924983 ], [ -31.226253191504274, 39.371638024249286 ], [ -31.226569337196601, 39.37153022092523 ], [ -31.226874235996231, 39.371435670105001 ], [ -31.22695845937433, 39.371401004169272 ], [ -31.227023192650019, 39.37137045690131 ], [ -31.227055557640185, 39.371352930295565 ], [ -31.22708536358466, 39.3713172547222 ], [ -31.227126305875593, 39.371277334889996 ], [ -31.227369041712759, 39.371263104069378 ], [ -31.227445160249058, 39.371264263900379 ], [ -31.227493426698434, 39.371251394323984 ], [ -31.227534720999653, 39.371225084703646 ], [ -31.227569516144207, 39.371194080083349 ], [ -31.227612676862037, 39.371181132666941 ], [ -31.22765850734833, 39.371177416037405 ], [ -31.22770771063718, 39.371182580504936 ], [ -31.227918194172332, 39.37117677791187 ], [ -31.228252375952923, 39.371186463909609 ], [ -31.228588641204123, 39.371173474744246 ], [ -31.22891412029519, 39.371183026323877 ], [ -31.229250382020471, 39.371170126189732 ], [ -31.229354929820282, 39.371167122431224 ], [ -31.229443806849005, 39.371154960243267 ], [ -31.229508777760479, 39.37113793009533 ], [ -31.22957617862534, 39.371112016156964 ], [ -31.229651475681091, 39.371090547109937 ], [ -31.229685363275003, 39.371100072733725 ], [ -31.229726912788536, 39.371118724873469 ], [ -31.229883219102547, 39.371134619112894 ], [ -31.230177373919325, 39.371152699557278 ], [ -31.230237368940806, 39.371158027132971 ], [ -31.230287491553231, 39.371154374760934 ], [ -31.230340863092156, 39.371141582558948 ], [ -31.230402589476217, 39.371138106652232 ], [ -31.230459799597522, 39.371143391750905 ], [ -31.230516081490411, 39.371153257768711 ], [ -31.230564585403538, 39.371158590589275 ], [ -31.230737362288444, 39.371156624232093 ], [ -31.230799673494555, 39.371157571876168 ], [ -31.230853509212878, 39.371149380662466 ], [ -31.230963373495019, 39.371110506671329 ], [ -31.231005361521127, 39.371084206356251 ] ] ] ] } },
{ "type": "Feature", "properties": { "municipio": "Santa Cruz das Flores" }, "geometry": { "type": "MultiPolygon", "coordinates": [ [ [ [ -31.147346337299318, 39.425634228036813 ], [ -31.147895633270522, 39.42592218643621 ], [ -31.148309323363257, 39.426172125010822 ], [ -31.148601543617353, 39.426433553733382 ], [ -31.148896885262264, 39.426550874997474 ], [ -31.149050265750954, 39.426409160058192 ], [ -31.149271474157928, 39.426250504871405 ], [ -31.14959957935292, 39.426170131590993 ], [ -31.149885506976574, 39.426125126354897 ], [ -31.150284040555341, 39.425960188626888 ], [ -31.150693781620735, 39.425872191062638 ], [ -31.151395657090298, 39.426018402923894 ], [ -31.151745343272299, 39.426136671874957 ], [ -31.152170097331915, 39.425999263825958 ], [ -31.152459101287675, 39.425859698423857 ], [ -31.152799136434183, 39.425824464407796 ], [ -31.15347502147582, 39.425938807644989 ], [ -31.153853421790959, 39.426016891208747 ], [ -31.153988813333498, 39.426028139554454 ], [ -31.15449140107096, 39.42602701426965 ], [ -31.154967896960233, 39.425962495353289 ], [ -31.155336280763855, 39.425896259543364 ], [ -31.155451737349594, 39.425650322821141 ], [ -31.15555348966128, 39.425399753810467 ], [ -31.155803520607023, 39.425169464897294 ], [ -31.156067608448797, 39.424925883642373 ], [ -31.156424623891464, 39.424629626213708 ], [ -31.15677034596143, 39.424378326778388 ], [ -31.157111537545294, 39.424325259913083 ], [ -31.157637144728536, 39.424464136536329 ], [ -31.158160729933169, 39.42468866185375 ], [ -31.158954510432121, 39.424953590260465 ], [ -31.159559143353555, 39.425210835682918 ], [ -31.160273542784754, 39.425406927165881 ], [ -31.16107855360875, 39.425550296566968 ], [ -31.161741224423739, 39.425641858364436 ], [ -31.162240970870187, 39.425744357309036 ], [ -31.162877886196249, 39.425794962455818 ], [ -31.163404579751948, 39.425893287130521 ], [ -31.163872553648073, 39.426157452627734 ], [ -31.164356348812749, 39.426367807252774 ], [ -31.164960550387281, 39.4266116834538 ], [ -31.165311094763727, 39.426702715732532 ], [ -31.165761688050203, 39.42690803671465 ], [ -31.166215729128005, 39.427203506455569 ], [ -31.166377479003756, 39.427237590433798 ], [ -31.166947424959176, 39.427237654522159 ], [ -31.167598533667828, 39.427274851952006 ], [ -31.168125480445301, 39.427364239632816 ], [ -31.168733701802257, 39.427486529242017 ], [ -31.168962207032916, 39.427575628639907 ], [ -31.169298113509008, 39.427702547740751 ], [ -31.16987445973902, 39.427986504101426 ], [ -31.170042963955723, 39.428286476445734 ], [ -31.170449163927724, 39.42833341025878 ], [ -31.17117011133913, 39.428281589469002 ], [ -31.171907386039173, 39.428351742322974 ], [ -31.172544920048324, 39.428379870021033 ], [ -31.17299059179939, 39.42846795935246 ], [ -31.173378272962989, 39.428690282139044 ], [ -31.173920586659523, 39.428721321351759 ], [ -31.174476836735792, 39.428748072820838 ], [ -31.174917464123336, 39.429029694370726 ], [ -31.175267562343162, 39.429138798557801 ], [ -31.175538838234132, 39.429152063954596 ], [ -31.176042506546708, 39.429101489766801 ], [ -31.176642812304792, 39.428998280706317 ], [ -31.177037314942623, 39.428963919926744 ], [ -31.177431456696574, 39.428970097153588 ], [ -31.177943555074609, 39.429099751856747 ], [ -31.178377523678527, 39.429138083317298 ], [ -31.179052035297502, 39.429027013497631 ], [ -31.179789965902859, 39.428853863828323 ], [ -31.18001932836631, 39.42882591857245 ], [ -31.180293983508626, 39.428789672732492 ], [ -31.180837120175511, 39.428798168957506 ], [ -31.18121745032737, 39.428772582050684 ], [ -31.18162799726765, 39.428648270246804 ], [ -31.182440877907013, 39.428187963611322 ], [ -31.182690942237304, 39.427980232376228 ], [ -31.183063407362098, 39.427760807401881 ], [ -31.183272244758911, 39.427547835713234 ], [ -31.183611965041074, 39.427940470662151 ], [ -31.184526991699311, 39.428999977659601 ], [ -31.184725405474403, 39.429327335431218 ], [ -31.184846843377301, 39.429545463746535 ], [ -31.18492288494738, 39.42969080670408 ], [ -31.184980801818114, 39.429894429560967 ], [ -31.185099898676448, 39.430229649454411 ], [ -31.185224591931743, 39.430434314363723 ], [ -31.197615052631242, 39.438416092595467 ], [ -31.198995970855464, 39.439865529397196 ], [ -31.208139768521125, 39.443128648277735 ], [ -31.211157432816915, 39.444630268470121 ], [ -31.215705426841602, 39.446623718715436 ], [ -31.220166434403378, 39.449958200422209 ], [ -31.226445427970404, 39.455004984742168 ], [ -31.231239780155928, 39.460222563667891 ], [ -31.232088157292218, 39.461145538132307 ], [ -31.232306904338962, 39.461081200567932 ], [ -31.232374167717222, 39.461068798624481 ], [ -31.232679469096833, 39.461001362361522 ], [ -31.232713042633502, 39.460992862900945 ], [ -31.232747428309914, 39.460984375775517 ], [ -31.232779837697105, 39.460966758692635 ], [ -31.233012123707137, 39.460803608677999 ], [ -31.233197019483715, 39.460671363361584 ], [ -31.233411647847259, 39.4605169539999 ], [ -31.233513976673517, 39.460459945944152 ], [ -31.233579605590457, 39.460424813739031 ], [ -31.233611897212004, 39.46041178963327 ], [ -31.233861520480353, 39.460307555151864 ], [ -31.234041791680678, 39.460215601262419 ], [ -31.234125769287864, 39.460171828632753 ], [ -31.23440769772531, 39.460081597442013 ], [ -31.234466131973203, 39.460068970097147 ], [ -31.234542803797201, 39.460052114754347 ], [ -31.234575795602925, 39.460039011812434 ], [ -31.234842375534239, 39.459925932765813 ], [ -31.234930081207228, 39.459904829876074 ], [ -31.235058680356037, 39.459875247798024 ], [ -31.23517126281936, 39.459876956797906 ], [ -31.235181259465172, 39.459881523349871 ], [ -31.235206588034057, 39.459886502824546 ], [ -31.235313832054015, 39.459897139565086 ], [ -31.235417816677767, 39.459894122820941 ], [ -31.235549333853843, 39.459891704023981 ], [ -31.235587320417643, 39.459883270697915 ], [ -31.235623911430189, 39.459870312175333 ], [ -31.235713583231753, 39.459831128803671 ], [ -31.235750287937638, 39.459813666158297 ], [ -31.235773982148409, 39.459795915978525 ], [ -31.23581184008151, 39.459764956993268 ], [ -31.235867464643796, 39.459720842054857 ], [ -31.235900456079005, 39.459707737826491 ], [ -31.236185630932951, 39.459608452531043 ], [ -31.236272392697476, 39.459564809765162 ], [ -31.236431985547906, 39.459486053148829 ], [ -31.236502829678642, 39.459442169659397 ], [ -31.2365190905108, 39.459433406487655 ], [ -31.236541385392666, 39.459411220113843 ], [ -31.236582374748441, 39.459371297651934 ], [ -31.236612461251696, 39.459358150059451 ], [ -31.236664144563697, 39.459327399578108 ], [ -31.236680514207997, 39.459309718316568 ], [ -31.23668457056019, 39.459291760206625 ], [ -31.236687005381125, 39.459282787318912 ], [ -31.236687234969647, 39.459273690887592 ], [ -31.236686875378108, 39.459260261710192 ], [ -31.236711103644616, 39.459166027003192 ], [ -31.236732006440363, 39.459143729380031 ], [ -31.236798891907029, 39.459081675937398 ], [ -31.23692745457069, 39.458993528315006 ], [ -31.236991435418368, 39.458936024816389 ], [ -31.237021862584729, 39.458909366655753 ], [ -31.237035915734403, 39.458900569933412 ], [ -31.237073186878995, 39.458865186817526 ], [ -31.237076770706622, 39.458833706802544 ], [ -31.237081753841739, 39.458811257821125 ], [ -31.237100447736598, 39.458788927536325 ], [ -31.237124949997707, 39.458771369521791 ], [ -31.23729207147634, 39.458656686580476 ], [ -31.237310067073601, 39.458634434870824 ], [ -31.237419526960529, 39.458469504623956 ], [ -31.237566603387712, 39.458255501297664 ], [ -31.237693962810965, 39.458099760924725 ], [ -31.237718901938095, 39.458032566206398 ], [ -31.237721904506618, 39.458001077354623 ], [ -31.237736622122959, 39.457938232608598 ], [ -31.237759143298032, 39.457907039601459 ], [ -31.237788285654251, 39.457875947846546 ], [ -31.237904516152344, 39.457760492631088 ], [ -31.237938753271933, 39.457697943686668 ], [ -31.238050139550847, 39.457456458533848 ], [ -31.238113521020388, 39.457367321738744 ], [ -31.238242633046529, 39.457229537722668 ], [ -31.238253535647299, 39.457198168558506 ], [ -31.238280808408767, 39.457153623712117 ], [ -31.238312517558267, 39.4571359944417 ], [ -31.23835293683349, 39.457118587235378 ], [ -31.238395332698474, 39.457105804971199 ], [ -31.238436225382273, 39.457097324630098 ], [ -31.23850591687977, 39.457071351954106 ], [ -31.238535639855836, 39.457044862906642 ], [ -31.238561766906255, 39.45701813917659 ], [ -31.238628405689219, 39.456938061255457 ], [ -31.238648247887095, 39.456902412668796 ], [ -31.23871034207875, 39.456799742199934 ], [ -31.238737747348122, 39.456777632800048 ], [ -31.238823210684171, 39.456702254735077 ], [ -31.238868138117933, 39.456648966448405 ], [ -31.238911444992358, 39.456599979211951 ], [ -31.239042421376144, 39.456480331348004 ], [ -31.239241102383058, 39.456321255478493 ], [ -31.239248289331613, 39.456294334852828 ], [ -31.239248158065298, 39.456267213301231 ], [ -31.239252222487654, 39.456078161392469 ], [ -31.239261619079194, 39.456051184129308 ], [ -31.239273688648893, 39.456033437362954 ], [ -31.239289592801338, 39.456011063557369 ], [ -31.239307243930401, 39.455997816125326 ], [ -31.239340098702755, 39.455962365367007 ], [ -31.239347760675997, 39.455948876561919 ], [ -31.239384558496056, 39.455899879767621 ], [ -31.23951262552097, 39.455775683278667 ], [ -31.23952480727651, 39.45575343327193 ], [ -31.239605442952524, 39.455578964450837 ], [ -31.239692149528899, 39.455454140608445 ], [ -31.23977537111897, 39.455324669826972 ], [ -31.239836407228417, 39.455208467053126 ], [ -31.239856494570986, 39.455186156493056 ], [ -31.239897704083255, 39.455137317311241 ], [ -31.239962493906702, 39.455075140137112 ], [ -31.240191985705735, 39.45496148708812 ], [ -31.240423701968833, 39.454874896717691 ], [ -31.240462267814223, 39.454871065544246 ], [ -31.240672428239534, 39.454865145883517 ], [ -31.240699601931365, 39.45485213242339 ], [ -31.240723876876462, 39.454838894898842 ], [ -31.240743148853269, 39.454821256953039 ], [ -31.240759052229429, 39.454798883825838 ], [ -31.240772045012491, 39.454772141039662 ], [ -31.24077423277237, 39.454740639753226 ], [ -31.240764090032879, 39.454681833222715 ], [ -31.240748041328892, 39.454659155925839 ], [ -31.24073989493959, 39.45463650809895 ], [ -31.240738368926909, 39.454609366334836 ], [ -31.240743823196993, 39.454420334423709 ], [ -31.240759027800653, 39.454393444907403 ], [ -31.240803253991455, 39.454340146122171 ], [ -31.240840770051332, 39.454322604001092 ], [ -31.241036460278249, 39.454221952554768 ], [ -31.241085460131792, 39.454182149616841 ], [ -31.241214782453742, 39.454035535694565 ], [ -31.241310084030751, 39.453915345508406 ], [ -31.24133818320502, 39.453893246867892 ], [ -31.241472092308491, 39.453827608471784 ], [ -31.241509262813658, 39.453819161730472 ], [ -31.241580815054448, 39.453806819245486 ], [ -31.241743218315793, 39.453791165519405 ], [ -31.241775504282693, 39.45377822911027 ], [ -31.241965857340116, 39.453690920003794 ], [ -31.242016722031686, 39.453660154688393 ], [ -31.242045406450337, 39.453647163747917 ], [ -31.2420738624992, 39.45363858416323 ], [ -31.242160391766841, 39.453608358908475 ], [ -31.242186757791544, 39.453599747697382 ], [ -31.242233456765028, 39.453591353778869 ], [ -31.242267723333825, 39.453587457002548 ], [ -31.242352535362418, 39.453593153957442 ], [ -31.24237903207127, 39.453607069249401 ], [ -31.242434459383922, 39.453625926778429 ], [ -31.242461183317779, 39.453635429769626 ], [ -31.242490116186502, 39.453640281934824 ], [ -31.242557612972725, 39.453641302188174 ], [ -31.242724666956928, 39.453639412322055 ], [ -31.242762537232004, 39.45363547976735 ], [ -31.242800636227496, 39.453622451630743 ], [ -31.242827002184079, 39.453613840272816 ], [ -31.242852783157559, 39.453600715153634 ], [ -31.242877865966097, 39.453587669575889 ], [ -31.242899932734794, 39.453574398216688 ], [ -31.24292152548248, 39.453552199958899 ], [ -31.242939517920782, 39.453529948190088 ], [ -31.243010673921674, 39.453445521098523 ], [ -31.243032855633558, 39.453432251450209 ], [ -31.243059218539212, 39.453419135077766 ], [ -31.243088604941615, 39.453410569301163 ], [ -31.243196762823249, 39.453412203592201 ], [ -31.243228369082793, 39.453426285993885 ], [ -31.243256846840815, 39.45344923994805 ], [ -31.24331763247973, 39.453486107578094 ], [ -31.243346334415556, 39.453500146067242 ], [ -31.243405255393782, 39.453527975649976 ], [ -31.24343976544381, 39.453537505950891 ], [ -31.243476712185558, 39.453542569039818 ], [ -31.243507150848089, 39.453547623897215 ], [ -31.243539099076951, 39.453548106538314 ], [ -31.243578364472931, 39.453544104694465 ], [ -31.243612970500518, 39.45352669880495 ], [ -31.243633056882366, 39.453508982572451 ], [ -31.243650234720384, 39.453486717485333 ], [ -31.243700155987799, 39.453437918415176 ], [ -31.243755999142557, 39.453384702956626 ], [ -31.243784911755441, 39.453362615101291 ], [ -31.243817898719108, 39.453349509412227 ], [ -31.243851357138652, 39.453350014777371 ], [ -31.2438801681357, 39.453355044952282 ], [ -31.243910382699237, 39.453369015150066 ], [ -31.243968603742914, 39.453392328961776 ], [ -31.243993480284054, 39.453415229248449 ], [ -31.24407413982944, 39.453470595593998 ], [ -31.244110975696572, 39.453480071623751 ], [ -31.244151521636297, 39.453485278951241 ], [ -31.244195784431227, 39.453485947380095 ], [ -31.24423725825547, 39.453481978662836 ], [ -31.244269544742455, 39.453468951465126 ], [ -31.244326575450021, 39.453456387998266 ], [ -31.24447168252081, 39.453462993848895 ], [ -31.244505496403949, 39.453477109237504 ], [ -31.244536181138486, 39.453495502090462 ], [ -31.244555943925832, 39.453518415147386 ], [ -31.24458023906611, 39.453536710617016 ], [ -31.244611037759611, 39.45355519526921 ], [ -31.244648566278073, 39.453564861783214 ], [ -31.244770684279313, 39.453589139848781 ], [ -31.244815643848362, 39.453594413574351 ], [ -31.244952847162963, 39.453596484694856 ], [ -31.245039527539941, 39.453615722638432 ], [ -31.245078226358199, 39.45363432551035 ], [ -31.245356539132789, 39.453746733090576 ], [ -31.245602946333747, 39.453912536475698 ], [ -31.245814365428579, 39.45405546799109 ], [ -31.245837739098814, 39.454082759128553 ], [ -31.245927040979105, 39.454196728389263 ], [ -31.245959235322342, 39.454219828755903 ], [ -31.245995032569326, 39.45423829745323 ], [ -31.246033145684269, 39.454252477257604 ], [ -31.246069979987883, 39.454262042744695 ], [ -31.246100892433912, 39.454276023805434 ], [ -31.24612518507703, 39.454289814902438 ], [ -31.246149365590039, 39.454312704232365 ], [ -31.246215754183545, 39.454385783396511 ], [ -31.246220185588182, 39.454412968929581 ], [ -31.24622221731758, 39.454651668192454 ], [ -31.246239588852006, 39.454737522710765 ], [ -31.246253549104392, 39.454764761873079 ], [ -31.246273315069907, 39.454787584589639 ], [ -31.246300284062414, 39.454810515947791 ], [ -31.246334685285198, 39.45482905448435 ], [ -31.246370706690829, 39.454838607616864 ], [ -31.246472495132718, 39.454867261495707 ], [ -31.246593578865085, 39.454905036808711 ], [ -31.246619377615442, 39.454919030713036 ], [ -31.246641352308831, 39.45494188577527 ], [ -31.2466942355261, 39.454974217664329 ], [ -31.246729675244577, 39.45497916690082 ], [ -31.246771033435888, 39.454979790555306 ], [ -31.246814826147233, 39.454971441073965 ], [ -31.24685373618264, 39.454958513037518 ], [ -31.246929587358743, 39.454946232083223 ], [ -31.246969551621131, 39.454942239635741 ], [ -31.247166937696459, 39.454949810561835 ], [ -31.247198776880847, 39.454959300388467 ], [ -31.247229462987448, 39.454977692556348 ], [ -31.247253059992079, 39.454996067946347 ], [ -31.247261093329094, 39.455023308640492 ], [ -31.247261811992157, 39.45505025796826 ], [ -31.247274143929737, 39.45507756346246 ], [ -31.247296231824599, 39.45509591609413 ], [ -31.247337479401992, 39.455100952697236 ], [ -31.247372449039613, 39.45510147983498 ], [ -31.247445642278944, 39.455107178141063 ], [ -31.247480969203398, 39.455116629463575 ], [ -31.247512577128237, 39.455130710732917 ], [ -31.247541169926109, 39.455149161365377 ], [ -31.247568255659242, 39.455172094191482 ], [ -31.247634417257782, 39.455254269059886 ], [ -31.247739842048652, 39.455481010925219 ], [ -31.24786125336778, 39.455649610805388 ], [ -31.247899486081199, 39.455663701706705 ], [ -31.247939224717125, 39.45567331037315 ], [ -31.248030903165102, 39.45569271151826 ], [ -31.248055310607516, 39.455706594043093 ], [ -31.248135619954716, 39.45574834746995 ], [ -31.248190246157282, 39.455776109932032 ], [ -31.248207221457793, 39.455794385360072 ], [ -31.24822327281597, 39.455821745893054 ], [ -31.24824373905863, 39.455844488730023 ], [ -31.248270122672594, 39.455862995997954 ], [ -31.248304053661393, 39.455872517040262 ], [ -31.248341701376958, 39.45587749905426 ], [ -31.248662587008468, 39.455882332991308 ], [ -31.248718131855902, 39.455901278508804 ], [ -31.248744517877782, 39.455919695607861 ], [ -31.248775431606735, 39.455933675981839 ], [ -31.248858535526942, 39.45597988672268 ], [ -31.24888492163852, 39.455998302890485 ], [ -31.248958969143324, 39.456058072103801 ], [ -31.248976528964029, 39.456080860238345 ], [ -31.249049564438575, 39.45618106739385 ], [ -31.24907978126457, 39.456195037192415 ], [ -31.249118708278175, 39.456204633235387 ], [ -31.249160654905403, 39.456209679723059 ], [ -31.249300901023968, 39.456238911158742 ], [ -31.249362953591213, 39.456253269247881 ], [ -31.249397695933645, 39.456262892287484 ], [ -31.249428832242614, 39.456263361093157 ], [ -31.249498767111817, 39.456255315012413 ], [ -31.249531639398178, 39.456246800095556 ], [ -31.249590065704247, 39.45623425507133 ], [ -31.249672790489569, 39.456239915283852 ], [ -31.249729035224782, 39.456258781660004 ], [ -31.249782146523987, 39.456282104855184 ], [ -31.249805739011308, 39.456296064845468 ], [ -31.249828411083911, 39.456318930709372 ], [ -31.249916064172165, 39.45638773285603 ], [ -31.249926196749211, 39.456419419784389 ], [ -31.249938060740401, 39.456437617124756 ], [ -31.249957241837787, 39.456456015599734 ], [ -31.250176295637463, 39.456526795307305 ], [ -31.250202095721935, 39.456540788442098 ], [ -31.250227672523788, 39.45656369794429 ], [ -31.250441227853905, 39.456738096667955 ], [ -31.250470406421655, 39.456761060315543 ], [ -31.250689639766506, 39.456912929348512 ], [ -31.250726361153351, 39.456927086685283 ], [ -31.251284141013592, 39.457075037822797 ], [ -31.251315752869072, 39.457089028025834 ], [ -31.251364812874876, 39.457130310135149 ], [ -31.251460479323299, 39.457194816827972 ], [ -31.251522419483791, 39.457218363009986 ], [ -31.251553447052739, 39.457227839446055 ], [ -31.251678251031784, 39.457261249722251 ], [ -31.25175541343685, 39.457284934580898 ], [ -31.251925656460372, 39.457332453379117 ], [ -31.251972711534986, 39.457337754958203 ], [ -31.252091349921734, 39.457357468149453 ], [ -31.252118661075713, 39.457371483578598 ], [ -31.252158536297891, 39.457403617444619 ], [ -31.252270958771049, 39.457495314766938 ], [ -31.252288632680024, 39.457513599204987 ], [ -31.252386125939353, 39.457681744771648 ], [ -31.252521402928412, 39.457882082660269 ], [ -31.252552679766485, 39.45790949214377 ], [ -31.252585346345271, 39.457937101801555 ], [ -31.252608944465663, 39.457950881115067 ], [ -31.252649852959635, 39.457969605693194 ], [ -31.252707383759883, 39.457992904783964 ], [ -31.25282487145428, 39.458030798900381 ], [ -31.252857524817102, 39.458035704407877 ], [ -31.252887964872894, 39.458036161829519 ], [ -31.252924912525984, 39.458041312044287 ], [ -31.252980820493111, 39.458069091531002 ], [ -31.2531024071913, 39.458147591204821 ], [ -31.253154126860302, 39.458170892861752 ], [ -31.253296722500242, 39.458217993372585 ], [ -31.253328558198575, 39.458223066661006 ], [ -31.253361322018858, 39.45822355886925 ], [ -31.25365549561608, 39.458223383688178 ], [ -31.253789350475312, 39.458243503006813 ], [ -31.253916230494731, 39.458254418393643 ], [ -31.253905670934842, 39.458267684460395 ], [ -31.253883492118391, 39.458285461138367 ], [ -31.253857488521412, 39.458307505089167 ], [ -31.253832294805431, 39.458329650394674 ], [ -31.253820811925053, 39.458352002517138 ], [ -31.253808405669357, 39.458383350602688 ], [ -31.253790303933279, 39.458410107328604 ], [ -31.253776073948796, 39.458486566378461 ], [ -31.253776143914447, 39.458711721332591 ], [ -31.253775788198503, 39.458846951764691 ], [ -31.253772095475526, 39.458873835699613 ], [ -31.25375194580262, 39.458954620647816 ], [ -31.253628132005982, 39.459141964717602 ], [ -31.253605840267987, 39.459164244557051 ], [ -31.253454691822277, 39.459310544403166 ], [ -31.253298403288937, 39.459429918429059 ], [ -31.253197486897641, 39.459486965270266 ], [ -31.253127212392609, 39.459508433998302 ], [ -31.253102470636833, 39.459512477069495 ], [ -31.253026162755436, 39.459542864012583 ], [ -31.253000379123144, 39.459556081433533 ], [ -31.252885412032811, 39.459621836604022 ], [ -31.252837453327722, 39.459652650322226 ], [ -31.252813536843078, 39.45967481458981 ], [ -31.252784853123348, 39.459692403197053 ], [ -31.252752565217111, 39.459705432717961 ], [ -31.252718066346738, 39.459718519100718 ], [ -31.246385981544407, 39.469925795873486 ], [ -31.247721409546838, 39.472702990876222 ], [ -31.251924610901501, 39.480577763379323 ], [ -31.251704567573473, 39.482462074526765 ], [ -31.251785517910353, 39.482683939162925 ], [ -31.251810880136407, 39.482715853964017 ], [ -31.251866828962388, 39.4827752581173 ], [ -31.252050394079667, 39.482985241058131 ], [ -31.252067738199134, 39.483021631135259 ], [ -31.252126434598644, 39.483171083438997 ], [ -31.252165981936528, 39.483360971171287 ], [ -31.252179743471196, 39.483568400679353 ], [ -31.252198485851398, 39.483604631562798 ], [ -31.252223733579545, 39.483641139547032 ], [ -31.252366963312085, 39.483841505732265 ], [ -31.252380593060415, 39.483877659722992 ], [ -31.252448072937614, 39.484112926152527 ], [ -31.252549477632542, 39.484330682023405 ], [ -31.252551369851748, 39.484371254544122 ], [ -31.252546436103675, 39.484452267628519 ], [ -31.252537898196426, 39.484533316630007 ], [ -31.25255751075338, 39.484790386987136 ], [ -31.25257334909978, 39.484826574152372 ], [ -31.252677907301138, 39.485062396889006 ], [ -31.252725210413864, 39.485207262807876 ], [ -31.252725702240987, 39.485243399472964 ], [ -31.252757984480489, 39.4854960652168 ], [ -31.252821410648298, 39.485744785149372 ], [ -31.252905743442533, 39.485975798772444 ], [ -31.252948226010986, 39.486053109691341 ], [ -31.252980796188577, 39.486085133462836 ], [ -31.254109415544491, 39.488701290456071 ], [ -31.254125341002727, 39.488706124638846 ], [ -31.254149757421473, 39.488715501143155 ], [ -31.254172668636521, 39.488729269833044 ], [ -31.254192671765558, 39.488743084039719 ], [ -31.254217204441225, 39.488752462275968 ], [ -31.254229073638129, 39.488770750210719 ], [ -31.254238263354392, 39.488779898015075 ], [ -31.254253851823631, 39.488793556713574 ], [ -31.254296876645387, 39.488816726434003 ], [ -31.254408720816208, 39.488849940299652 ], [ -31.254438362035344, 39.488854980406487 ], [ -31.254506482860485, 39.488865012218355 ], [ -31.254531713032019, 39.488874400862215 ], [ -31.254671129064, 39.488934966858245 ], [ -31.25468531832945, 39.488948784686684 ], [ -31.25479092474313, 39.489026862481786 ], [ -31.254818136011327, 39.489045380695288 ], [ -31.254894858485379, 39.489055541420015 ], [ -31.254961245554618, 39.489074467531744 ], [ -31.254988212118366, 39.489074872353726 ], [ -31.255116064935443, 39.489072376797417 ], [ -31.255190920402168, 39.489073500412296 ], [ -31.255334118516206, 39.48907114485197 ], [ -31.255434654639195, 39.489063643954722 ], [ -31.255607726272331, 39.489061646297998 ], [ -31.25563585662093, 39.489066663427366 ], [ -31.255761648692335, 39.489095489407653 ], [ -31.255797574210643, 39.48910963325703 ], [ -31.255865472654037, 39.489128581531943 ], [ -31.255895926311766, 39.489129038464846 ], [ -31.255957538464163, 39.489138971771872 ], [ -31.255989975533467, 39.489148468229466 ], [ -31.256053342345357, 39.489171943399185 ], [ -31.256121937248324, 39.489190992071613 ], [ -31.256152053391261, 39.489204957659936 ], [ -31.256420794558867, 39.489357828921577 ], [ -31.256494163974374, 39.489385868684579 ], [ -31.256520675879809, 39.489399870216097 ], [ -31.256569744605276, 39.489418535658601 ], [ -31.256640541226695, 39.489433202251028 ], [ -31.256684602122014, 39.489442872845856 ], [ -31.256696225712819, 39.489443047167931 ], [ -31.256712041292744, 39.489452294147874 ], [ -31.256732742558377, 39.489466118390645 ], [ -31.256749843906647, 39.489479799445782 ], [ -31.256762526383298, 39.489498099321743 ], [ -31.256723013639856, 39.489506516547529 ], [ -31.256681995814827, 39.489519325985249 ], [ -31.256643882811549, 39.489532268170919 ], [ -31.256612862751609, 39.489549822520281 ], [ -31.256584862565095, 39.489567512251767 ], [ -31.256563962169349, 39.48958963316155 ], [ -31.256549005101594, 39.489634456882897 ], [ -31.256553805608355, 39.489675072041386 ], [ -31.256586762982934, 39.489752238766073 ], [ -31.256595619062342, 39.489774805970015 ], [ -31.256602872118496, 39.489833567588811 ], [ -31.2566066175429, 39.489860563037041 ], [ -31.256624185749324, 39.489883440197822 ], [ -31.256642235781072, 39.489919659973353 ], [ -31.256666500333445, 39.490023634673712 ], [ -31.256673282171239, 39.490073380329868 ], [ -31.256673420563722, 39.490095815882597 ], [ -31.256666009095191, 39.490131833988464 ], [ -31.256654636247518, 39.49014959290588 ], [ -31.256639541908473, 39.490171980198021 ], [ -31.256624160620021, 39.490261756414952 ], [ -31.256624885412542, 39.490293300649739 ], [ -31.256618286065887, 39.49032473593833 ], [ -31.256577563842434, 39.490414222178714 ], [ -31.256562471668673, 39.490436519393889 ], [ -31.256544044856103, 39.490503905638668 ], [ -31.256537406243769, 39.490625437327346 ], [ -31.256537868651115, 39.490895734339446 ], [ -31.25650955619793, 39.490953872413449 ], [ -31.256495858718548, 39.490976191437056 ], [ -31.256464147700186, 39.490998149269714 ], [ -31.256430083848361, 39.490993223531881 ], [ -31.256370767540442, 39.490951790643102 ], [ -31.256343783877707, 39.490928771310294 ], [ -31.256320394215575, 39.490901482085768 ], [ -31.256309222712833, 39.490883204830226 ], [ -31.256247677218965, 39.490819304065141 ], [ -31.256178611711206, 39.490791149414328 ], [ -31.256141642030393, 39.490786179999866 ], [ -31.25610909390436, 39.490781096711927 ], [ -31.256034347944393, 39.490775470424374 ], [ -31.256000175109889, 39.490774957722721 ], [ -31.255968910762945, 39.490778993543259 ], [ -31.255819827861288, 39.490839914383081 ], [ -31.255791825516557, 39.490853008890141 ], [ -31.255662662938359, 39.49096369126773 ], [ -31.25560726982107, 39.491025928527826 ], [ -31.255590087160417, 39.491048104142031 ], [ -31.255575787243572, 39.491183034561203 ], [ -31.255576619268503, 39.49120557151705 ], [ -31.255582679788876, 39.491228277034743 ], [ -31.255603272184523, 39.491246514639371 ], [ -31.255611314701824, 39.491273664694944 ], [ -31.255625281737064, 39.491296398763168 ], [ -31.255642853374077, 39.491319186021116 ], [ -31.255650198480133, 39.491346325608184 ], [ -31.255648598043933, 39.491377834947258 ], [ -31.255622107978965, 39.491395547096118 ], [ -31.255592931966905, 39.491395109258029 ], [ -31.255557841020579, 39.491408007229538 ], [ -31.255547632900047, 39.491434973494044 ], [ -31.255552882027686, 39.491457575836876 ], [ -31.255586720896723, 39.491471508243983 ], [ -31.255615665883472, 39.491476537608534 ], [ -31.255717195425284, 39.491541128801472 ], [ -31.25573790191196, 39.491559459093125 ], [ -31.255764797413857, 39.491613920499077 ], [ -31.255783185078506, 39.491636630783532 ], [ -31.255806677968273, 39.491655092070651 ], [ -31.255840289628221, 39.491678120880501 ], [ -31.255853447987732, 39.491705347680607 ], [ -31.255862300661562, 39.491728004079441 ], [ -31.255866743311422, 39.4917550100038 ], [ -31.255866765462834, 39.491782038797112 ], [ -31.255849574476578, 39.49179989052454 ], [ -31.255769018880461, 39.491794086789362 ], [ -31.255650099657316, 39.491787888399422 ], [ -31.255596171499644, 39.491791493912011 ], [ -31.255510704547849, 39.491893822031933 ], [ -31.255509802857549, 39.491929937744629 ], [ -31.255505523987456, 39.491956901987855 ], [ -31.255465499013727, 39.492046308164717 ], [ -31.255409228728428, 39.492176193841395 ], [ -31.255266911057362, 39.492403714512463 ], [ -31.255105617645917, 39.492604100986256 ], [ -31.255084715845729, 39.492626221588367 ], [ -31.254992241302727, 39.492692495964775 ], [ -31.254947977413096, 39.492718770715115 ], [ -31.254898595553584, 39.492745147906895 ], [ -31.254785757804409, 39.492783997848669 ], [ -31.254612391596261, 39.492857886970548 ], [ -31.254557085889271, 39.492888589859675 ], [ -31.254506670614784, 39.492928376844212 ], [ -31.254445353745908, 39.492999533442081 ], [ -31.254397502848708, 39.493048367769802 ], [ -31.254370198134083, 39.49306606738778 ], [ -31.254342199370235, 39.493083666478235 ], [ -31.254298383370525, 39.49309201823209 ], [ -31.254267114316956, 39.493091548622274 ], [ -31.254159207219647, 39.493044789853961 ], [ -31.254126768626445, 39.493035292856803 ], [ -31.2539757456844, 39.493001490196932 ], [ -31.253815441309186, 39.492990073273077 ], [ -31.253736752819105, 39.492997900942441 ], [ -31.253703747306162, 39.493006413976943 ], [ -31.253566350254971, 39.493153099454943 ], [ -31.253541616637669, 39.493184262082458 ], [ -31.253512579603221, 39.493210765056276 ], [ -31.253341665244939, 39.493307392849964 ], [ -31.25330331941678, 39.493324836206327 ], [ -31.253270790358464, 39.49334687185047 ], [ -31.2531629077682, 39.493475800584889 ], [ -31.253120286542995, 39.49352471386657 ], [ -31.253095079472033, 39.49354685859636 ], [ -31.253066150345926, 39.493569038381018 ], [ -31.253035357735126, 39.493582090271758 ], [ -31.253004675449905, 39.493586043932446 ], [ -31.252974103652058, 39.493585584452376 ], [ -31.25284725167835, 39.493547728809446 ], [ -31.252813304126189, 39.49353811956815 ], [ -31.252780859763252, 39.493524207315609 ], [ -31.252615329289124, 39.49351712406586 ], [ -31.252295819208108, 39.493566469297086 ], [ -31.252035445157947, 39.493571473832333 ], [ -31.252004989624787, 39.493571015845632 ], [ -31.251968381280772, 39.493584070092652 ], [ -31.25193503799289, 39.49360609311325 ], [ -31.251869528599322, 39.493668085392017 ], [ -31.251831546991404, 39.493708147383956 ], [ -31.251781940970325, 39.49374335034792 ], [ -31.251731880265659, 39.493796745307399 ], [ -31.25171678577216, 39.493819042730877 ], [ -31.251695882564263, 39.493841161786477 ], [ -31.251647194988823, 39.493867548920193 ], [ -31.25161698771058, 39.49388502402789 ], [ -31.251483782356157, 39.493896625126737 ], [ -31.251446003381179, 39.493896056829129 ], [ -31.25139941370233, 39.493926890208428 ], [ -31.251381527032056, 39.493944639792403 ], [ -31.251353412031563, 39.493962146305613 ], [ -31.251324707897574, 39.493975319254602 ], [ -31.251125589077343, 39.493976738350504 ], [ -31.251084903988506, 39.493976126210825 ], [ -31.250787286025428, 39.494079854427333 ], [ -31.250521748224994, 39.494174874736572 ], [ -31.250471890883404, 39.49419223398651 ], [ -31.250441680920229, 39.494209798841894 ], [ -31.250398695331437, 39.49424068515961 ], [ -31.25037557951244, 39.49426286166694 ], [ -31.250358280346564, 39.494289630612741 ], [ -31.250339827566787, 39.494329895957989 ], [ -31.250293486338112, 39.494378661183951 ], [ -31.250261067617853, 39.494396192742883 ], [ -31.250065209033782, 39.494411353951527 ], [ -31.249978026208609, 39.494410041399163 ], [ -31.249933511445729, 39.494418380974643 ], [ -31.249866919201704, 39.494435307805617 ], [ -31.249830199330258, 39.49445277448276 ], [ -31.249677919828887, 39.49460824094276 ], [ -31.249649463013398, 39.494639345752653 ], [ -31.249630539334479, 39.494670595011961 ], [ -31.249624749054504, 39.494697447052999 ], [ -31.249625696584541, 39.49471998486397 ], [ -31.249634545282653, 39.494742732653904 ], [ -31.249648401453275, 39.494769880540979 ], [ -31.249649116360136, 39.494797009835047 ], [ -31.24964622992648, 39.494823995701658 ], [ -31.249634744843313, 39.494850761086511 ], [ -31.249615116930897, 39.494877584946266 ], [ -31.249475286845531, 39.494888903768121 ], [ -31.249430186136962, 39.494892819532431 ], [ -31.249413694729395, 39.4949105006216 ], [ -31.249399995213174, 39.494937412827255 ], [ -31.249371652259832, 39.49496401529305 ], [ -31.249338874528604, 39.494968026517235 ], [ -31.249305624304146, 39.494958425852865 ], [ -31.249277240892834, 39.494935564912709 ], [ -31.249172620761641, 39.494933989115694 ], [ -31.24913856011219, 39.494928881084995 ], [ -31.249080531349957, 39.49489647367632 ], [ -31.249055522392403, 39.494878167500218 ], [ -31.249028779682398, 39.494868754880798 ], [ -31.24898728590474, 39.494872544611418 ], [ -31.248934411999556, 39.494894272541714 ], [ -31.248851706166345, 39.4949787086558 ], [ -31.248718887961605, 39.495201949331118 ], [ -31.248674527619297, 39.495259753512848 ], [ -31.248620858691392, 39.495313092729241 ], [ -31.2484695486955, 39.495522449713732 ], [ -31.248322555761089, 39.495758990967552 ], [ -31.24830072386203, 39.495790196171541 ], [ -31.248284705428549, 39.49582148808075 ], [ -31.248278561239299, 39.496006094060057 ], [ -31.248278584741549, 39.496037627723254 ], [ -31.248302137862918, 39.49613708928981 ], [ -31.248310879867777, 39.496168754341241 ], [ -31.248324505146023, 39.496205088868535 ], [ -31.248458467640859, 39.496427753363108 ], [ -31.248477432845959, 39.496455158564395 ], [ -31.24853409026565, 39.496514484833973 ], [ -31.248652983955484, 39.496637906430642 ], [ -31.248705922704062, 39.496701771571473 ], [ -31.248782037853356, 39.496824548495852 ], [ -31.24880030696557, 39.496851943156997 ], [ -31.248810322654535, 39.497032196721186 ], [ -31.248769641954087, 39.497202857810755 ], [ -31.248669151254873, 39.497444513915696 ], [ -31.248547480996162, 39.497658912465894 ], [ -31.248538084026588, 39.497685800186829 ], [ -31.248534963830789, 39.497870450794871 ], [ -31.248531173585395, 39.49793346118431 ], [ -31.248523756011075, 39.497964883614706 ], [ -31.248495206660667, 39.498032115902014 ], [ -31.248477791601747, 39.498063386778512 ], [ -31.248365470656147, 39.498192425061163 ], [ -31.248237513046703, 39.498397718725151 ], [ -31.248224173141431, 39.498433465764357 ], [ -31.248205944996457, 39.498469320226548 ], [ -31.248178882044357, 39.498500446549492 ], [ -31.248142633225374, 39.498526838534978 ], [ -31.248102079725456, 39.498553346724712 ], [ -31.247929344061554, 39.498568762645768 ], [ -31.247609428829897, 39.498572949700907 ], [ -31.247479460699182, 39.49857099108349 ], [ -31.247170831109049, 39.498588861743109 ], [ -31.246964731291047, 39.498603773086607 ], [ -31.246673560956314, 39.498648844949962 ], [ -31.246381103926844, 39.498689571979035 ], [ -31.246086347400198, 39.49876161666382 ], [ -31.245944809712462, 39.49884056785951 ], [ -31.245833822272868, 39.498888536748723 ], [ -31.245716913036976, 39.498945334923889 ], [ -31.245671242601144, 39.498967170044743 ], [ -31.245530251067695, 39.498996576149139 ], [ -31.245442027725069, 39.499008668999828 ], [ -31.245136678893463, 39.499067126809223 ], [ -31.245016387486924, 39.499110449556667 ], [ -31.244961885701724, 39.499136565838874 ], [ -31.244926894752407, 39.499140632479182 ], [ -31.24486284619254, 39.499148675126655 ], [ -31.244797283395712, 39.499152189989466 ], [ -31.244502032620698, 39.49918827509233 ], [ -31.244173640003176, 39.499210344157362 ], [ -31.24387119560733, 39.499268843399136 ], [ -31.243590172693128, 39.499377218359612 ], [ -31.243311488827729, 39.499503557415004 ], [ -31.243050597383238, 39.499648363561299 ], [ -31.24280169020177, 39.499802179856154 ], [ -31.242551854636073, 39.499969676409158 ], [ -31.242314346353091, 39.500137179532402 ], [ -31.242097645605103, 39.500309590929859 ], [ -31.241896406668786, 39.500482234881844 ], [ -31.241722147893647, 39.500677902014729 ], [ -31.241556610140801, 39.500869015735312 ], [ -31.241390617861921, 39.501082735929202 ], [ -31.241209396348573, 39.50129622542778 ], [ -31.241035037010995, 39.501518828235511 ], [ -31.240875324725032, 39.501741652444572 ], [ -31.240851866549793, 39.501781841327848 ], [ -31.240817073474371, 39.501921054296872 ], [ -31.240779262556696, 39.502064636356721 ], [ -31.240656279371866, 39.502274411404088 ], [ -31.240576493952386, 39.502408348269242 ], [ -31.240542499978467, 39.502520454762042 ], [ -31.240538212269303, 39.502547508326714 ], [ -31.240536832823782, 39.502569921742285 ], [ -31.240439077715195, 39.50278926837548 ], [ -31.240344356409857, 39.503026590260831 ], [ -31.240264056501083, 39.503268545177967 ], [ -31.240174563267885, 39.503506035247995 ], [ -31.240070767343429, 39.503729614740777 ], [ -31.239989276198795, 39.503935693465657 ], [ -31.239910013840895, 39.50416865314233 ], [ -31.239824234351094, 39.504397190276343 ], [ -31.239809623504108, 39.504460036390334 ], [ -31.239755347970004, 39.504679860604256 ], [ -31.239710079409107, 39.504800805800443 ], [ -31.239594425732577, 39.505037809038107 ], [ -31.239453776547549, 39.505279029410872 ], [ -31.239351826740311, 39.505489121498123 ], [ -31.239237529897473, 39.505667673401234 ], [ -31.239187714046736, 39.505770529972175 ], [ -31.239137627168375, 39.505999426138075 ], [ -31.239071037438386, 39.506246182745514 ], [ -31.239051762110808, 39.506286433690249 ], [ -31.238943716820881, 39.506419942031812 ], [ -31.23873035186892, 39.506578882693567 ], [ -31.238688277530546, 39.506605364457151 ], [ -31.238391625102633, 39.506690965217736 ], [ -31.238098449835775, 39.506758599326311 ], [ -31.237787394289356, 39.506871009440523 ], [ -31.237744735417664, 39.506888382147963 ], [ -31.237550610640174, 39.506948506885664 ], [ -31.2372936237449, 39.507079844229082 ], [ -31.237257251401807, 39.507110826719199 ], [ -31.23716198181917, 39.507226417518289 ], [ -31.237143746604026, 39.507257674157756 ], [ -31.236963273041464, 39.507408101527773 ], [ -31.236930033528303, 39.507430120784441 ], [ -31.236901679514084, 39.507456719916497 ], [ -31.236912621841785, 39.507484005245168 ], [ -31.237008446908355, 39.507521406801004 ], [ -31.237266742201893, 39.507656053208549 ], [ -31.237289539952798, 39.507674418459438 ], [ -31.23733945320939, 39.507738242771644 ], [ -31.237548603722548, 39.507921515748158 ], [ -31.237662026812199, 39.508035855673228 ], [ -31.237678200119095, 39.508058625275837 ], [ -31.237695087072446, 39.50810843403832 ], [ -31.237687909482421, 39.50816238278999 ], [ -31.237679804425373, 39.5082254173224 ], [ -31.237679821549239, 39.508252356726253 ], [ -31.237690879201395, 39.508275048758868 ], [ -31.237706353883269, 39.508297896960613 ], [ -31.237823934701169, 39.508358152089549 ], [ -31.23785707576268, 39.508372259274147 ], [ -31.237892783133447, 39.50839532410594 ], [ -31.237896520860527, 39.508422319917642 ], [ -31.237893740632618, 39.508444892232021 ], [ -31.237885155305175, 39.508471700312498 ], [ -31.237870750699358, 39.508494006290043 ], [ -31.237852855603663, 39.508511754471641 ], [ -31.23782635429221, 39.508524867293374 ], [ -31.237782638285996, 39.5085287994523 ], [ -31.237755196704466, 39.5085192835366 ], [ -31.237713202387809, 39.508482698813935 ], [ -31.237672136908373, 39.508441532288181 ], [ -31.237651547848312, 39.508423201503625 ], [ -31.237628750875171, 39.508404746237808 ], [ -31.237358431713151, 39.508400647901816 ], [ -31.237314244461732, 39.508390968020699 ], [ -31.237278538476581, 39.508367902132427 ], [ -31.237246550563878, 39.508340388651327 ], [ -31.237056111013924, 39.508139288460136 ], [ -31.236875331144233, 39.507956444985439 ], [ -31.236675474968226, 39.507750696452142 ], [ -31.236609178447296, 39.507700047816705 ], [ -31.23653870381542, 39.507667445342506 ], [ -31.236447885280445, 39.507639039015736 ], [ -31.23640730641673, 39.50763391841754 ], [ -31.2363761427419, 39.507629030768875 ], [ -31.236205965379096, 39.507689516603726 ], [ -31.235947823522114, 39.50783876278372 ], [ -31.235740732799794, 39.508006712713524 ], [ -31.235549697502531, 39.508202025336708 ], [ -31.235363891941212, 39.508392912161533 ], [ -31.235166926141275, 39.50859272815498 ], [ -31.234978568617905, 39.508797000104728 ], [ -31.234814499549451, 39.508988306199022 ], [ -31.234658114632921, 39.509193062282321 ], [ -31.234519050388432, 39.50940276631281 ], [ -31.234410224081579, 39.509621759062824 ], [ -31.234270704408164, 39.50984938523802 ], [ -31.234142338827539, 39.51006826195772 ], [ -31.234032828280061, 39.510318777111522 ], [ -31.234004047187145, 39.510421950914136 ], [ -31.233886197514884, 39.510740002346417 ], [ -31.233873998024325, 39.510762430512429 ], [ -31.2338616885107, 39.51101901744277 ], [ -31.233861361971972, 39.511059466212096 ], [ -31.233853937330448, 39.511095481542291 ], [ -31.233827677998551, 39.511126526492617 ], [ -31.233593011489035, 39.511294233540852 ], [ -31.233403361844065, 39.511493978256105 ], [ -31.233293486385175, 39.51172655859687 ], [ -31.233227099243202, 39.511964303884767 ], [ -31.233119887961195, 39.512178905960312 ], [ -31.233104667046469, 39.512205792972416 ], [ -31.233090274291445, 39.512255127719492 ], [ -31.233087238225551, 39.51246230281447 ], [ -31.233093309446282, 39.512511947766122 ], [ -31.233147272404711, 39.512764947067524 ], [ -31.233152885106886, 39.51282809964853 ], [ -31.233191226108236, 39.513008964635389 ], [ -31.233176621414614, 39.513098839076363 ], [ -31.233060345230811, 39.513326816942019 ], [ -31.23290011013497, 39.513536016744624 ], [ -31.23288430527267, 39.513558390874088 ], [ -31.232862119516209, 39.51360310132069 ], [ -31.232820496572444, 39.513841133620062 ], [ -31.232706310866369, 39.514069142873645 ], [ -31.232685405846045, 39.514122972587742 ], [ -31.232686458512294, 39.514366157715081 ], [ -31.232786229492397, 39.514620033873683 ], [ -31.232887614241832, 39.514833211384484 ], [ -31.232965686683528, 39.514938008562432 ], [ -31.233056100010788, 39.515070022510798 ], [ -31.233208415650221, 39.515288568108289 ], [ -31.23328171298769, 39.515375273015934 ], [ -31.233425863041372, 39.515544231665992 ], [ -31.23356220349363, 39.515667933578797 ], [ -31.2338734901724, 39.515925022530375 ], [ -31.234294009068137, 39.51625566611083 ], [ -31.234545594368793, 39.516399136274373 ], [ -31.234641195307937, 39.516441221467112 ], [ -31.234931116712378, 39.516508601186729 ], [ -31.235146490735964, 39.516556919705003 ], [ -31.235213934166683, 39.516562538809218 ], [ -31.235243004128687, 39.516562979328619 ], [ -31.235266602000092, 39.516549823952325 ], [ -31.235316674777895, 39.516469497568615 ], [ -31.235375536218161, 39.516294703301604 ], [ -31.235386565416267, 39.516263337595298 ], [ -31.235402712045939, 39.516227453721697 ], [ -31.235428162168759, 39.516200810932141 ], [ -31.235467104159405, 39.516183472811413 ], [ -31.235513034383757, 39.516179575181241 ], [ -31.235558732084908, 39.516180268967119 ], [ -31.235602110052984, 39.516194532216517 ], [ -31.235636424004223, 39.516212981618779 ], [ -31.235666334549109, 39.516267584195127 ], [ -31.235675886872183, 39.516294667411984 ], [ -31.235751967431082, 39.516363484558617 ], [ -31.235782560615235, 39.516386472400285 ], [ -31.235801529339749, 39.516413789545382 ], [ -31.235804564300928, 39.516436359049408 ], [ -31.235792953838196, 39.516467716873173 ], [ -31.235763539753762, 39.516476280100747 ], [ -31.235728772140011, 39.516475752318172 ], [ -31.235696208023672, 39.516466248242097 ], [ -31.235664928782068, 39.51646577429738 ], [ -31.235638571619891, 39.516532856170969 ], [ -31.235638356550936, 39.516568981036833 ], [ -31.235643262352863, 39.516605003448859 ], [ -31.235722867663284, 39.516736851259452 ], [ -31.235736018956413, 39.516759575235781 ], [ -31.235746866805176, 39.516822807142816 ], [ -31.235746768015844, 39.516854338808812 ], [ -31.235742363389146, 39.516885896108867 ], [ -31.235711556035579, 39.516894348073706 ], [ -31.235557455604145, 39.516837951131635 ], [ -31.235518608724583, 39.516819342788317 ], [ -31.235452786068457, 39.516809423795429 ], [ -31.23542220438091, 39.516808959474133 ], [ -31.235385583016473, 39.516817323077632 ], [ -31.235373516419422, 39.516866692495014 ], [ -31.235408830159709, 39.517020392333961 ], [ -31.235413261569892, 39.517047578011663 ], [ -31.235414777011613, 39.517272841632078 ], [ -31.2354157187936, 39.517295380262333 ], [ -31.235527231791092, 39.517513303307148 ], [ -31.235550276322616, 39.517549601103845 ], [ -31.235742019908447, 39.51775973224963 ], [ -31.235906802423273, 39.518001077998463 ], [ -31.236045036026514, 39.518169853509171 ], [ -31.236256660062558, 39.518366770952412 ], [ -31.236356781446098, 39.518579926252386 ], [ -31.236450628964135, 39.518806590054176 ], [ -31.236501021284777, 39.518883936533875 ], [ -31.236628181411959, 39.519003079896493 ], [ -31.236851067571063, 39.5191596242515 ], [ -31.237029549751345, 39.519347028661613 ], [ -31.237047819642655, 39.519369829232389 ], [ -31.237113592720455, 39.519501466247114 ], [ -31.237122567745342, 39.519749366377184 ], [ -31.23707827434183, 39.519978439912009 ], [ -31.237034920548329, 39.520225546231686 ], [ -31.237018188664262, 39.520454946817971 ], [ -31.237016805367034, 39.520482045119181 ], [ -31.23702096062204, 39.520635271749001 ], [ -31.236972883816819, 39.520751577004845 ], [ -31.236944539899341, 39.520809799453659 ], [ -31.236805143958115, 39.520861652950884 ], [ -31.236707422402024, 39.520788093387786 ], [ -31.236560020458391, 39.520664228212041 ], [ -31.236479527673652, 39.520627058893758 ], [ -31.236330791225999, 39.520615792083959 ], [ -31.235048458357245, 39.520749492802821 ], [ -31.234755318716868, 39.520780989410085 ], [ -31.234439149514198, 39.520807721547769 ], [ -31.234124958095727, 39.520839076933981 ], [ -31.233812154272375, 39.52084774894751 ], [ -31.233503162543915, 39.520816115392186 ], [ -31.233192069602271, 39.520757239701631 ], [ -31.232917737446556, 39.520735141232549 ], [ -31.232590623135764, 39.520734672737383 ], [ -31.232269791594401, 39.52073880374828 ], [ -31.231930835027203, 39.520774192162349 ], [ -31.231608495944712, 39.52078271317415 ], [ -31.231298010280579, 39.520787089021368 ], [ -31.230967774859177, 39.520818012386954 ], [ -31.230658928509008, 39.520840339925059 ], [ -31.230340534304847, 39.520840088845368 ], [ -31.230115156844221, 39.520809628475305 ], [ -31.229824670383184, 39.520796105313053 ], [ -31.229516279022114, 39.520800509195766 ], [ -31.229208704359031, 39.520800238747 ], [ -31.228912753795029, 39.520800324824798 ], [ -31.228611211891405, 39.520768611606954 ], [ -31.228321865180718, 39.520705639593906 ], [ -31.228047146187215, 39.52058432760834 ], [ -31.228005391760316, 39.520570266487134 ], [ -31.227965733913877, 39.520556057124615 ], [ -31.227818979210603, 39.52054931540151 ], [ -31.227787700099491, 39.520553343283773 ], [ -31.227694794344202, 39.520574540904207 ], [ -31.227423191332225, 39.520674010415298 ], [ -31.227380640020098, 39.520691290741816 ], [ -31.227335872893164, 39.520704212588797 ], [ -31.227287850770836, 39.520707894853821 ], [ -31.226962019282414, 39.520711934931398 ], [ -31.226668278741748, 39.520712049008374 ], [ -31.226356297881861, 39.520743237790278 ], [ -31.22608860705968, 39.520748252816063 ], [ -31.226057442943972, 39.520743183071041 ], [ -31.225923463267723, 39.520696090216028 ], [ -31.225645141545215, 39.5205748076785 ], [ -31.2256026905537, 39.520556140105434 ], [ -31.225352778458394, 39.520520791955761 ], [ -31.225105891886361, 39.52048089452034 ], [ -31.224787611836302, 39.520471619351383 ], [ -31.224451781689691, 39.520470905606871 ], [ -31.224110718032755, 39.520474704973552 ], [ -31.224020708685167, 39.520464320700377 ], [ -31.223740319488115, 39.520401564289621 ], [ -31.223452605613467, 39.520334100280543 ], [ -31.223141418567785, 39.520306730306181 ], [ -31.222837908482241, 39.520288575807086 ], [ -31.222539275504644, 39.520252476576907 ], [ -31.222234255589854, 39.520238803169732 ], [ -31.221604688797942, 39.520238183390987 ], [ -31.221015934298681, 39.520229174324641 ], [ -31.220680897413882, 39.520165484822414 ], [ -31.220481231524786, 39.520158013831193 ], [ -31.220172962922646, 39.520157708844003 ], [ -31.219915516294115, 39.520185300726816 ], [ -31.219806210105624, 39.520197232004271 ], [ -31.219481893064192, 39.520201274305329 ], [ -31.21917698169484, 39.520151465586508 ], [ -31.218860323900678, 39.520110665951343 ], [ -31.21855635709391, 39.520115018457894 ], [ -31.218264956108818, 39.520137491244604 ], [ -31.21794076746146, 39.520191173823349 ], [ -31.217647515822971, 39.520254160380979 ], [ -31.217309833762524, 39.52029412058134 ], [ -31.217259597545571, 39.520293349976122 ], [ -31.217008760043278, 39.520239860189882 ], [ -31.216708724316334, 39.520172281477279 ], [ -31.216601624141664, 39.520152529402921 ], [ -31.216271375784601, 39.520156471718153 ], [ -31.216226956145274, 39.520160294796881 ], [ -31.216184861112929, 39.520159649585004 ], [ -31.216103113924252, 39.520171999473718 ], [ -31.215822409051849, 39.52019922525794 ], [ -31.215783688343429, 39.520207640512737 ], [ -31.215757180845589, 39.520220658019724 ], [ -31.215747884403985, 39.52024303866677 ], [ -31.215747077610381, 39.520274560264482 ], [ -31.215728941052504, 39.520301401041145 ], [ -31.215693712149989, 39.520314284632811 ], [ -31.215660222133508, 39.520313770444517 ], [ -31.215636030815315, 39.52029537959833 ], [ -31.215615671374447, 39.520268128870278 ], [ -31.215590668396406, 39.520249635455379 ], [ -31.215560316065979, 39.520240159705516 ], [ -31.215524732940839, 39.520239614240801 ], [ -31.215482872209137, 39.520257080987037 ], [ -31.215437295965909, 39.520278815324914 ], [ -31.215396487097788, 39.520309721757549 ], [ -31.215379745814861, 39.520336583904189 ], [ -31.215453253411077, 39.520391679924785 ], [ -31.215537920148492, 39.520438027632686 ], [ -31.215578042432099, 39.520461257160527 ], [ -31.215610839903341, 39.520484285013062 ], [ -31.215619570891707, 39.520511357198892 ], [ -31.21561445917628, 39.520542902793181 ], [ -31.215592021229639, 39.520565082550952 ], [ -31.215553540413634, 39.520591429830482 ], [ -31.215476097327471, 39.520608260117463 ], [ -31.21542958320229, 39.520607546773604 ], [ -31.215383182077371, 39.520602419487979 ], [ -31.21531084378417, 39.520556170894992 ], [ -31.215237567710556, 39.520496573486255 ], [ -31.215201163346975, 39.520468986182536 ], [ -31.215159528364993, 39.520445822489556 ], [ -31.215115454366067, 39.520436136787033 ], [ -31.215072660343235, 39.520435479534555 ], [ -31.215040568987561, 39.520439401406108 ], [ -31.215008827118133, 39.52045693329697 ], [ -31.215008718857341, 39.520488465614996 ], [ -31.214995816138821, 39.520510790809098 ], [ -31.214971166287476, 39.520533026569268 ], [ -31.214962818578979, 39.520636509099695 ], [ -31.214962939771343, 39.520659034331501 ], [ -31.214958529094538, 39.52068590561327 ], [ -31.21488538949562, 39.520702801604429 ], [ -31.214831548028748, 39.520706569520222 ], [ -31.214783752784992, 39.520696826529949 ], [ -31.214749560255264, 39.520669182064417 ], [ -31.214735832792705, 39.520641942965263 ], [ -31.214734429472021, 39.52061038742881 ], [ -31.214724772968584, 39.520587715718882 ], [ -31.214686046169405, 39.520569101385995 ], [ -31.214637082809208, 39.520550420780083 ], [ -31.214598355101366, 39.52052730155004 ], [ -31.21456799820713, 39.520490707150039 ], [ -31.214546475572405, 39.520454427758402 ], [ -31.214532049764738, 39.520418078100782 ], [ -31.214514016639903, 39.520386358068706 ], [ -31.21448715030888, 39.520358826082266 ], [ -31.214446095676252, 39.520340266903908 ], [ -31.214347133817046, 39.520316132035724 ], [ -31.214047224952409, 39.52027098258602 ], [ -31.213837213787929, 39.520267755948929 ], [ -31.213741048236624, 39.520275287618304 ], [ -31.213692908207598, 39.520283557396958 ], [ -31.213641857852402, 39.52028736766416 ], [ -31.213593717781684, 39.520295638301874 ], [ -31.213491979359347, 39.52034813173838 ], [ -31.213257347212405, 39.52048408503164 ], [ -31.213049916559889, 39.520607120831173 ], [ -31.212811452326161, 39.520774547353753 ], [ -31.212643574999813, 39.520970177311938 ], [ -31.212423949100383, 39.521169515904198 ], [ -31.212356049058943, 39.521236133460391 ], [ -31.212186778653656, 39.52145877041243 ], [ -31.211988317555754, 39.521658343638116 ], [ -31.211789955029033, 39.521795031194763 ], [ -31.211538451532348, 39.521935315369632 ], [ -31.211499966522673, 39.521957157268261 ], [ -31.211472526470764, 39.521979259231671 ], [ -31.211456715133952, 39.522001540154804 ], [ -31.211447300337973, 39.522028424370681 ], [ -31.211443836463083, 39.522163514806977 ], [ -31.211443839811899, 39.522190633163753 ], [ -31.211448378759108, 39.522213227276168 ], [ -31.211500028241108, 39.522299522434032 ], [ -31.211624379444615, 39.522522260302793 ], [ -31.211642412487617, 39.522558486518577 ], [ -31.21165462924953, 39.522590207573408 ], [ -31.211663146461163, 39.522743501780781 ], [ -31.211670245399258, 39.522775144078679 ], [ -31.211745038902183, 39.522893509420776 ], [ -31.211862745617989, 39.523012444913576 ], [ -31.211898335887508, 39.52304002072718 ], [ -31.211925321913597, 39.523067374948752 ], [ -31.211928119461781, 39.523098951048866 ], [ -31.211923005073182, 39.523125991562154 ], [ -31.211904868591752, 39.523152741617636 ], [ -31.21187242927871, 39.523170171800921 ], [ -31.211835101950509, 39.523178607158897 ], [ -31.211762074555242, 39.523190998027133 ], [ -31.211544613841578, 39.52319666225344 ], [ -31.211310515524705, 39.523166122189814 ], [ -31.211216318608589, 39.523155662630792 ], [ -31.211094221529063, 39.523180723134651 ], [ -31.210775240104066, 39.523198427792245 ], [ -31.210731631625311, 39.523197756388804 ], [ -31.210610347178694, 39.523222828893473 ], [ -31.21057953188658, 39.5232313641147 ], [ -31.210560813921695, 39.523253599251049 ], [ -31.210555001254779, 39.523280628947511 ], [ -31.210541980949397, 39.523307457563526 ], [ -31.21039768584367, 39.523431370522566 ], [ -31.210365828831193, 39.523457818947733 ], [ -31.210345596657138, 39.523480120826534 ], [ -31.210372004163531, 39.523529989844448 ], [ -31.210393171130821, 39.523552930150323 ], [ -31.210407129288445, 39.523575669345767 ], [ -31.21041748480275, 39.523598262064105 ], [ -31.210421906726769, 39.523625449354938 ], [ -31.210433433499418, 39.52371121720406 ], [ -31.210432626516184, 39.52374264863009 ], [ -31.210428326687435, 39.523769701613666 ], [ -31.210419730977545, 39.523819031598862 ], [ -31.210422873043946, 39.523841694330265 ], [ -31.210429504995638, 39.523864319804424 ], [ -31.210464633332602, 39.523914413188805 ], [ -31.210597568743971, 39.524002050494708 ], [ -31.210710962295682, 39.524062358574483 ], [ -31.210752599492736, 39.524080928040725 ], [ -31.210789117132631, 39.524104104616612 ], [ -31.210822615419861, 39.524131558451124 ], [ -31.21084436487028, 39.524159012492596 ], [ -31.21085018435425, 39.524190635134175 ], [ -31.21084786461341, 39.524222133369491 ], [ -31.210839961058571, 39.52424903988819 ], [ -31.21081682264284, 39.524271207906565 ], [ -31.210748099020467, 39.524283574287992 ], [ -31.210707397117616, 39.524282948522128 ], [ -31.210668671256212, 39.524291452062542 ], [ -31.2106339059949, 39.524313350026588 ], [ -31.21063263023218, 39.524335854631452 ], [ -31.210628444876207, 39.524358404533203 ], [ -31.21060589034839, 39.524389591197931 ], [ -31.210576239522496, 39.524411657990612 ], [ -31.210545192476804, 39.524429199327834 ], [ -31.210508677683524, 39.524433141913654 ], [ -31.21048088247278, 39.524414605314504 ], [ -31.210442032093049, 39.52436904956798 ], [ -31.210420277998978, 39.524310062335424 ], [ -31.210409457047749, 39.524278361754575 ], [ -31.210390497547937, 39.524251041594709 ], [ -31.210345608549364, 39.524245845472819 ], [ -31.210317466486579, 39.524263521582803 ], [ -31.210300258747736, 39.524285780829409 ], [ -31.210277004548754, 39.524312450904183 ], [ -31.210249564813576, 39.524329957619358 ], [ -31.2101404820562, 39.524332873473178 ], [ -31.210103271861453, 39.524336715124527 ], [ -31.210076172233538, 39.524318279239544 ], [ -31.210071746948497, 39.524291272081349 ], [ -31.210076048117944, 39.524264219135091 ], [ -31.210067903303067, 39.524241570341331 ], [ -31.210033478577646, 39.524223020722815 ], [ -31.210000334365422, 39.524213500516474 ], [ -31.209957421829735, 39.524212840438189 ], [ -31.209928016735685, 39.524311492387909 ], [ -31.209906975742108, 39.524365226474856 ], [ -31.209893254934361, 39.524392133416086 ], [ -31.209770463956634, 39.524471329201113 ], [ -31.209515918854922, 39.524589038637764 ], [ -31.209472315523534, 39.52461530583097 ], [ -31.209427427106114, 39.524632723703441 ], [ -31.209391144132052, 39.52463216465943 ], [ -31.20937951365033, 39.524604866265847 ], [ -31.20938439367584, 39.524582418114527 ], [ -31.209410437616462, 39.524560385251704 ], [ -31.20944823099126, 39.524533848370467 ], [ -31.209480902889524, 39.524507412762766 ], [ -31.209540663133716, 39.52441823740935 ], [ -31.209551476824938, 39.524391284821085 ], [ -31.209557980525126, 39.524337327732781 ], [ -31.209557860500116, 39.524310297689773 ], [ -31.209554366277388, 39.524278709911641 ], [ -31.209406775384338, 39.524163817418149 ], [ -31.209362349267622, 39.524140608652374 ], [ -31.209315596180435, 39.52411736491527 ], [ -31.209118132188298, 39.52410531329825 ], [ -31.209070918170717, 39.524104585704528 ], [ -31.208974399791696, 39.524125623390049 ], [ -31.208661237879049, 39.524201883926601 ], [ -31.20835540277784, 39.524278257470748 ], [ -31.208213177631855, 39.524294174200129 ], [ -31.207920822049623, 39.5242986777479 ], [ -31.207627418523508, 39.524280550058478 ], [ -31.207368310593314, 39.524209073574845 ], [ -31.207083735827339, 39.524105489489429 ], [ -31.206800090655882, 39.523997504303885 ], [ -31.206507141163122, 39.523880365142695 ], [ -31.206383632861595, 39.523815392928441 ], [ -31.206309086082026, 39.523773699629388 ], [ -31.206273150833677, 39.523755126490506 ], [ -31.206251168096784, 39.523736857894292 ], [ -31.206237907860153, 39.523714128981986 ], [ -31.205982408132854, 39.523611081085647 ], [ -31.205945658254048, 39.523597000118428 ], [ -31.205710968081295, 39.523422196211015 ], [ -31.205691781177418, 39.523403790482398 ], [ -31.205653165206506, 39.523349227076658 ], [ -31.205637233676381, 39.523321862807329 ], [ -31.205632107627206, 39.523236192448529 ], [ -31.205638715304072, 39.523011054769327 ], [ -31.205648710881849, 39.52296165667299 ], [ -31.205720914422947, 39.522836636628277 ], [ -31.205862766594137, 39.52263611028237 ], [ -31.205883112370842, 39.522609485388607 ], [ -31.205899043802834, 39.522582613049948 ], [ -31.205924137883127, 39.522371365357586 ], [ -31.20592283495807, 39.522137095805192 ], [ -31.205925742121821, 39.522110021494193 ], [ -31.205935156702019, 39.522083228736598 ], [ -31.205948877782941, 39.522060826213512 ], [ -31.20603003708997, 39.521985587639094 ], [ -31.206059108758406, 39.521958917214732 ], [ -31.206079571296158, 39.521927699137976 ], [ -31.206090250585124, 39.521765781312496 ], [ -31.206090018303701, 39.521743164284452 ], [ -31.206054308056167, 39.52166612160898 ], [ -31.206038839974575, 39.521643358588612 ], [ -31.20602918503409, 39.52162068620293 ], [ -31.205993129109835, 39.521525438580419 ], [ -31.205985801085042, 39.521502802111478 ], [ -31.205981958142644, 39.521453189443889 ], [ -31.205965305585249, 39.521223188653714 ], [ -31.205965303222282, 39.521196159519505 ], [ -31.205947619981693, 39.521146424190519 ], [ -31.205874929436359, 39.521032682579644 ], [ -31.205860857358356, 39.521014445935911 ], [ -31.205822711120486, 39.520973314278926 ], [ -31.205754211424718, 39.520895676090142 ], [ -31.205740955338737, 39.520872857083248 ], [ -31.205731300593346, 39.520850184674572 ], [ -31.205722224271646, 39.520777967847778 ], [ -31.205720707191222, 39.520755510273112 ], [ -31.205715472477419, 39.520732905203779 ], [ -31.205708146556727, 39.520705673801409 ], [ -31.205692561721101, 39.520687413781161 ], [ -31.205670580077744, 39.520669145091361 ], [ -31.205569411645953, 39.520644969594535 ], [ -31.205526618491081, 39.520639804888276 ], [ -31.205496963215285, 39.520634932227217 ], [ -31.205460100251006, 39.520625353314649 ], [ -31.205454166736654, 39.520602738344238 ], [ -31.205468470246224, 39.520580344865337 ], [ -31.205550562735123, 39.520527554261108 ], [ -31.205585327625606, 39.520505656897285 ], [ -31.205699864037005, 39.520462376827787 ], [ -31.205952898477072, 39.520434658303344 ], [ -31.205993599167492, 39.520435286601696 ], [ -31.206026390959522, 39.520431287949464 ], [ -31.206179179263749, 39.520343549372846 ], [ -31.206210225093223, 39.520321504317423 ], [ -31.206235457108846, 39.520303874369134 ], [ -31.206247080698851, 39.520277115671604 ], [ -31.206246963083199, 39.52024999465673 ], [ -31.206235209758844, 39.520168726840332 ], [ -31.20623171832213, 39.520137139898324 ], [ -31.206231713522509, 39.520110200818209 ], [ -31.206238108194185, 39.520087686069729 ], [ -31.206385314595718, 39.519995356203793 ], [ -31.206411707392096, 39.519982339077686 ], [ -31.206450077413734, 39.519933288690368 ], [ -31.206479606553394, 39.519861666793936 ], [ -31.206487391886398, 39.519839353685697 ], [ -31.206491328211136, 39.519659132102333 ], [ -31.206491554983707, 39.51962318779222 ], [ -31.206498178929063, 39.519591756059086 ], [ -31.206512827530457, 39.51956044906558 ], [ -31.206534572149348, 39.519533665429854 ], [ -31.206561896884462, 39.519516067700849 ], [ -31.206627595825925, 39.519508071838295 ], [ -31.206919815878219, 39.51953519336174 ], [ -31.206997728949005, 39.519558918796335 ], [ -31.207029361656293, 39.519572830381456 ], [ -31.20704111583559, 39.519654098144237 ], [ -31.207041701684258, 39.519685641141052 ], [ -31.207057169711359, 39.519708403132171 ], [ -31.207109851440823, 39.519749758634639 ], [ -31.207157645354854, 39.519786624857048 ], [ -31.207179046898148, 39.519804883418729 ], [ -31.207203235752644, 39.519823275972662 ], [ -31.207233468587514, 39.519837346101866 ], [ -31.207265797993031, 39.51985135936863 ], [ -31.207343360044664, 39.519861565506119 ], [ -31.207424646203901, 39.519867233185259 ], [ -31.207751170525572, 39.51986325769235 ], [ -31.2077875672692, 39.519863818985463 ], [ -31.20782244949546, 39.519859942157304 ], [ -31.207854545544343, 39.519855842159579 ], [ -31.207889193632038, 39.519838447146249 ], [ -31.207914543132681, 39.519816223690519 ], [ -31.207932564446434, 39.519793977324859 ], [ -31.207946864680206, 39.519771673577338 ], [ -31.207956031647569, 39.519645770985221 ], [ -31.20795893501791, 39.519614282694093 ], [ -31.207952303086156, 39.519591656171997 ], [ -31.207933345793396, 39.519564334740394 ], [ -31.207931946698729, 39.519532780105195 ], [ -31.20797438691848, 39.519497305618195 ], [ -31.208011014450651, 39.51948435584324 ], [ -31.208031118854702, 39.519408174356187 ], [ -31.208031231391669, 39.519376643029283 ], [ -31.207988425530733, 39.519258768543978 ], [ -31.207976791790671, 39.51923165014145 ], [ -31.207960741641703, 39.519204373540575 ], [ -31.207938062748955, 39.519181500475391 ], [ -31.207903643377946, 39.519162860218763 ], [ -31.207731541473038, 39.519155792375685 ], [ -31.207693636232484, 39.519159623459274 ], [ -31.207658285382781, 39.519150068565828 ], [ -31.207655139740996, 39.519127585890089 ], [ -31.207655950136235, 39.519096065326082 ], [ -31.207667691078935, 39.519064712435778 ], [ -31.207700134080156, 39.519047103272555 ], [ -31.207870486434597, 39.519040719722192 ], [ -31.207903972857622, 39.519036821341921 ], [ -31.207936181962154, 39.519028308306595 ], [ -31.207958621775962, 39.519006130065812 ], [ -31.207964435002527, 39.518979101395672 ], [ -31.207944779007512, 39.5189517691907 ], [ -31.20792268098268, 39.518933500028361 ], [ -31.207915236308374, 39.518910860969726 ], [ -31.207915231992448, 39.518883831790191 ], [ -31.207911383185252, 39.518775567692742 ], [ -31.207913587068376, 39.518748662660492 ], [ -31.20792172191539, 39.518717255035881 ], [ -31.207923434662469, 39.518478526973439 ], [ -31.207919246615511, 39.518442334377596 ], [ -31.207872254520936, 39.518347098841616 ], [ -31.207856322014166, 39.518319734842358 ], [ -31.207835737675786, 39.518296893154712 ], [ -31.207774217427122, 39.518259996625453 ], [ -31.207741078152377, 39.518245880914904 ], [ -31.207660143470878, 39.518226614235509 ], [ -31.207613860386623, 39.518216980827056 ], [ -31.207574322881413, 39.518198352536643 ], [ -31.207546762455969, 39.518170809157112 ], [ -31.207531408074402, 39.518143633323461 ], [ -31.20751569357466, 39.517994642522005 ], [ -31.20748963555112, 39.517904145362188 ], [ -31.207475094045492, 39.517876982058141 ], [ -31.207456139676122, 39.517849571395111 ], [ -31.207264616136804, 39.517774541336102 ], [ -31.207220776639947, 39.517755845664482 ], [ -31.207146348588697, 39.517682621671334 ], [ -31.207087266848152, 39.517605218725244 ], [ -31.206920040983903, 39.517462900958066 ], [ -31.206887713904035, 39.51744888763433 ], [ -31.206755500226787, 39.517442433797626 ], [ -31.206708290781318, 39.517441705346201 ], [ -31.206627244983917, 39.517426850994383 ], [ -31.206592591676007, 39.517417306545241 ], [ -31.206566192151019, 39.51739897074831 ], [ -31.206546306621156, 39.517380644470229 ], [ -31.206512695113126, 39.517298950137615 ], [ -31.206478146037622, 39.517176787748859 ], [ -31.206476629473617, 39.517149825325539 ], [ -31.206489530433014, 39.517100471938143 ], [ -31.20650476264494, 39.517073587790897 ], [ -31.206602658344416, 39.516998606086716 ], [ -31.206834851891017, 39.516844429844035 ], [ -31.206865311748132, 39.516817960791371 ], [ -31.206909726333233, 39.516759993767892 ], [ -31.206925884585928, 39.516728709093606 ], [ -31.206951928078457, 39.516702082683238 ], [ -31.207148894221035, 39.516619529142055 ], [ -31.20719877557805, 39.516602279213885 ], [ -31.207240865795701, 39.516580404226815 ], [ -31.207268418434083, 39.516553890219335 ], [ -31.207285157866018, 39.516522614457486 ], [ -31.207296870330534, 39.516266022072827 ], [ -31.207328834744331, 39.516126686267107 ], [ -31.207337193467882, 39.516027709315381 ], [ -31.207334164977546, 39.51600072357494 ], [ -31.207315327423739, 39.515973314686931 ], [ -31.207287531279423, 39.515950451754655 ], [ -31.207252415967702, 39.515931801474451 ], [ -31.207214273354548, 39.515917788632038 ], [ -31.207174506811409, 39.515908076286777 ], [ -31.207044392974691, 39.515906069047062 ], [ -31.206833704814009, 39.515956877640377 ], [ -31.206788355866497, 39.515969782592776 ], [ -31.206702314135619, 39.515977374584402 ], [ -31.206375806915624, 39.515981347527038 ], [ -31.206201391671769, 39.516005775742926 ], [ -31.20617139304742, 39.516014322428255 ], [ -31.206115347531632, 39.516013457358675 ], [ -31.206060931800781, 39.516008022468775 ], [ -31.206024997066784, 39.515989539365421 ], [ -31.206007555384748, 39.515962150914888 ], [ -31.206018360712136, 39.515908350466454 ], [ -31.206027081326052, 39.515881365861858 ], [ -31.206038822375699, 39.515850014024572 ], [ -31.206053118869558, 39.515827800534431 ], [ -31.206072769463365, 39.515800984639249 ], [ -31.206160435316857, 39.515730261035493 ], [ -31.206400296523494, 39.515567284346631 ], [ -31.206440754996564, 39.515545474557868 ], [ -31.206477728637825, 39.515523520879114 ], [ -31.206511099568218, 39.515496916640743 ], [ -31.206535165621972, 39.515465754045991 ], [ -31.20657317501675, 39.515371829653887 ], [ -31.206594564191445, 39.515304497709302 ], [ -31.206604207606144, 39.515241579461815 ], [ -31.206602809149548, 39.515210023903279 ], [ -31.206533143743965, 39.515091914560834 ], [ -31.206492560110178, 39.515032636880811 ], [ -31.206437901900802, 39.514977826129154 ], [ -31.206367900954394, 39.514931608081518 ], [ -31.20632766568373, 39.514913057800626 ], [ -31.206284524687142, 39.514894373463441 ], [ -31.206098712069149, 39.514850962734691 ], [ -31.205879183584557, 39.514847574920282 ], [ -31.205602571441634, 39.514888263794553 ], [ -31.205308396387792, 39.514937870700116 ], [ -31.205144449472467, 39.514948854344503 ], [ -31.205048639523142, 39.514942780603135 ], [ -31.205000963700982, 39.514933124656856 ], [ -31.204962824058342, 39.514914517076271 ], [ -31.204887118812053, 39.514809737039684 ], [ -31.204872582052111, 39.514777979432374 ], [ -31.204853044325439, 39.514746144577821 ], [ -31.204791416341994, 39.514713658673884 ], [ -31.204757695314996, 39.51469511927921 ], [ -31.204684556703423, 39.514684979782643 ], [ -31.204648162701137, 39.514684418479767 ], [ -31.204611073716237, 39.514688260284771 ], [ -31.204494453033458, 39.514727002329963 ], [ -31.204451083798478, 39.514744351716061 ], [ -31.204401432766456, 39.514752684422447 ], [ -31.204357829720919, 39.514752010747451 ], [ -31.20432969291133, 39.514742477117082 ], [ -31.204310039496622, 39.514715144337863 ], [ -31.204298408376658, 39.514660907287542 ], [ -31.204293869159365, 39.514611284665726 ], [ -31.204285721008265, 39.514530162404498 ], [ -31.204285719198349, 39.514503133255417 ], [ -31.204163384723294, 39.514343575834786 ], [ -31.204114198140346, 39.514302273011985 ], [ -31.204088386759324, 39.514288269502984 ], [ -31.203993385135465, 39.51425085360767 ], [ -31.203764206506257, 39.514202174949801 ], [ -31.203724556308522, 39.514188048472938 ], [ -31.203695833565604, 39.514174180074086 ], [ -31.203676763349883, 39.514151361055681 ], [ -31.203654786128936, 39.514105883638869 ], [ -31.203648852259413, 39.514078853799667 ], [ -31.203645697504271, 39.513835455549454 ], [ -31.203648017388332, 39.513799542673937 ], [ -31.203659063794259, 39.513768090238642 ], [ -31.203756838857757, 39.513611932453038 ], [ -31.203770784976303, 39.51352205271855 ], [ -31.203768458168884, 39.513499492487128 ], [ -31.203754734943189, 39.5134677464116 ], [ -31.203736362773267, 39.513449443945319 ], [ -31.203711360781053, 39.513431128203244 ], [ -31.203690198983328, 39.513408187662662 ], [ -31.203679144814615, 39.51332702043451 ], [ -31.203682050030263, 39.513300036213224 ], [ -31.203689952890208, 39.513218981789628 ], [ -31.203693555728442, 39.513192008349947 ], [ -31.203701576612829, 39.513160599241594 ], [ -31.203705294284497, 39.513129122721892 ], [ -31.203705290335751, 39.513102184533558 ], [ -31.203692152319796, 39.513074862251507 ], [ -31.203671683623423, 39.513052112613828 ], [ -31.203594477345693, 39.513001276687298 ], [ -31.203545873923098, 39.512968991445888 ], [ -31.20342843598873, 39.512926634241566 ], [ -31.203392391271539, 39.512917067341668 ], [ -31.203369482693954, 39.512903288741754 ], [ -31.203372154522796, 39.512880806674545 ], [ -31.203454237362838, 39.512773869837062 ], [ -31.203477257837843, 39.512751701412228 ], [ -31.203496906173608, 39.512724976003192 ], [ -31.203543281070242, 39.512505047766822 ], [ -31.203555950032388, 39.512406047594489 ], [ -31.203556176990109, 39.512370103263315 ], [ -31.203550364215562, 39.51234289418975 ], [ -31.203530012970635, 39.512315640586188 ], [ -31.203502337826347, 39.512288184574146 ], [ -31.203467804688529, 39.512274136209548 ], [ -31.203431878615188, 39.512259977106531 ], [ -31.203201542621901, 39.512224883243356 ], [ -31.203165498274501, 39.512215317181585 ], [ -31.203134451269751, 39.512205917567002 ], [ -31.20311073372191, 39.512191946215239 ], [ -31.203102940799916, 39.512160292648609 ], [ -31.203103634715003, 39.512133364346532 ], [ -31.203108053665535, 39.512101809488769 ], [ -31.203126306472168, 39.512070557708668 ], [ -31.203143393778383, 39.512052892567375 ], [ -31.203310122449871, 39.511960778116219 ], [ -31.203343256087429, 39.511943361906418 ], [ -31.203374299192006, 39.511925822372334 ], [ -31.203394529829314, 39.511899015880211 ], [ -31.203404864775592, 39.51172808305035 ], [ -31.203385677155115, 39.511651114709075 ], [ -31.203380556287122, 39.51162409741584 ], [ -31.20330276464426, 39.511510275274539 ], [ -31.2032800909077, 39.511487400480519 ], [ -31.203264159372587, 39.511460125958791 ], [ -31.20326357840187, 39.511423988038686 ], [ -31.203281593314401, 39.511320655768181 ], [ -31.203286706249646, 39.511289201724274 ], [ -31.203287964359003, 39.511014517793996 ], [ -31.203293776283182, 39.510987579409431 ], [ -31.203311682954464, 39.5109697467106 ], [ -31.203339702645756, 39.510952160441036 ], [ -31.203506547035044, 39.510941224058172 ], [ -31.203537009350846, 39.510941694919552 ], [ -31.203549213896689, 39.510919449383827 ], [ -31.203564213778034, 39.510901571715145 ], [ -31.203574661736223, 39.510667484309124 ], [ -31.203574179040722, 39.510428722185097 ], [ -31.203573595843231, 39.510397179178398 ], [ -31.20351916887266, 39.510220651220479 ], [ -31.203430912134859, 39.510066123683394 ], [ -31.203413469118033, 39.51003432095753 ], [ -31.203226732259672, 39.509891876483735 ], [ -31.203196038981741, 39.509868787595238 ], [ -31.203163017368226, 39.509854763412903 ], [ -31.203089885240725, 39.509844623043527 ], [ -31.202962921722897, 39.509833651207522 ], [ -31.202921414583482, 39.509833009421953 ], [ -31.202887577081498, 39.509823567499538 ], [ -31.202857928688328, 39.509814099344574 ], [ -31.202839558687714, 39.509768677534311 ], [ -31.202878031294112, 39.509629712882145 ], [ -31.202883494887953, 39.509611778839115 ], [ -31.2028866359476, 39.509602727598107 ], [ -31.202878612249261, 39.509575574393502 ], [ -31.202803733617813, 39.509579012407421 ], [ -31.202760717710969, 39.509582761994224 ], [ -31.202712115962392, 39.509577595667494 ], [ -31.202661542132503, 39.509567713772874 ], [ -31.202614102217122, 39.509544546848467 ], [ -31.202580733790235, 39.509516912472662 ], [ -31.202557592927516, 39.509480605841247 ], [ -31.202536081859126, 39.50941261112375 ], [ -31.202503859575618, 39.50916894424418 ], [ -31.20247756795257, 39.508893744077334 ], [ -31.202460824400767, 39.508861952025804 ], [ -31.202438501116202, 39.508825478720468 ], [ -31.202428380000914, 39.508712701668259 ], [ -31.202429306205342, 39.508676768137626 ], [ -31.202466853898393, 39.508573738052192 ], [ -31.202486848406799, 39.508533503574228 ], [ -31.202498705534321, 39.50849314414311 ], [ -31.202500447687868, 39.508452627374588 ], [ -31.202493587430503, 39.508411888367036 ], [ -31.20241208159182, 39.508329541264096 ], [ -31.202316741855388, 39.508278515032195 ], [ -31.202215823517925, 39.508245420958978 ], [ -31.202168151334135, 39.508231259075444 ], [ -31.201925508829888, 39.508227506394896 ], [ -31.201523005575943, 39.508243714702409 ], [ -31.201285474470769, 39.508213101637779 ], [ -31.2012246705035, 39.50819855684496 ], [ -31.20093179506528, 39.508027347655293 ], [ -31.200767510356737, 39.507970837268402 ], [ -31.200647177768541, 39.507901313246101 ], [ -31.200561024213066, 39.507886555847101 ], [ -31.200377213009979, 39.507856591537646 ], [ -31.200281992042928, 39.507828088866788 ], [ -31.200220254492674, 39.507768570628983 ], [ -31.200168751658545, 39.50770912075378 ], [ -31.200038415091516, 39.507576554292832 ], [ -31.19985669748586, 39.507519592450997 ], [ -31.199752057624526, 39.507491033562424 ], [ -31.199640913067697, 39.507484717908014 ], [ -31.199491397308559, 39.507477987919707 ], [ -31.199323631887765, 39.507470794804938 ], [ -31.199205158222455, 39.507473555090499 ], [ -31.199126450941584, 39.507476750333346 ], [ -31.199050298069782, 39.507444037254515 ], [ -31.198996814256507, 39.507375726651979 ], [ -31.198987164729314, 39.507326024609434 ], [ -31.198845206708434, 39.507107595276494 ], [ -31.198707554878897, 39.507006266868963 ], [ -31.198680698469218, 39.50700585063931 ], [ -31.198585942309332, 39.506959424464114 ], [ -31.198549671120617, 39.506954267328574 ], [ -31.198506886896173, 39.506953605084412 ], [ -31.19848037616627, 39.50702085620334 ], [ -31.19848049328316, 39.507047886253744 ], [ -31.198463753606184, 39.507074565823295 ], [ -31.198352374835363, 39.507081849975442 ], [ -31.198316681356459, 39.507081296675146 ], [ -31.198284125845976, 39.507076377249547 ], [ -31.198153333579945, 39.507020203085609 ], [ -31.198097061006226, 39.507001401352412 ], [ -31.197964639001249, 39.50700835888815 ], [ -31.19779838634895, 39.507001187033744 ], [ -31.197767458779975, 39.506987282995325 ], [ -31.197739442389803, 39.506973244797834 ], [ -31.197674684164969, 39.506949716324669 ], [ -31.197511335537442, 39.506911236199315 ], [ -31.197210220523242, 39.506888458246955 ], [ -31.196998390955262, 39.506898687811535 ], [ -31.196964558328002, 39.506916182385112 ], [ -31.196932816058698, 39.506933799474552 ], [ -31.196906889167277, 39.506951416676294 ], [ -31.1968457346584, 39.507013534999167 ], [ -31.196830387020864, 39.507044830877632 ], [ -31.196830388378807, 39.507071769932814 ], [ -31.196838526095444, 39.507121448690242 ], [ -31.196856775874906, 39.507148851049855 ], [ -31.196878635623232, 39.507176128316488 ], [ -31.19697117776613, 39.507276668988339 ], [ -31.196995123430966, 39.507335692772237 ], [ -31.196994309696706, 39.50736721413432 ], [ -31.196978962041214, 39.507398510030328 ], [ -31.196959082428251, 39.507465683460318 ], [ -31.196960706998446, 39.507488323034742 ], [ -31.196979773257766, 39.507511142187823 ], [ -31.197012444370635, 39.507538588047701 ], [ -31.197127543253117, 39.507639478512033 ], [ -31.197130448831238, 39.507671056666538 ], [ -31.197122076629466, 39.507711470491849 ], [ -31.197103590752029, 39.507751726531275 ], [ -31.197090101369152, 39.507769626798179 ], [ -31.196925700277855, 39.50799682224153 ], [ -31.196893145823594, 39.508018841470964 ], [ -31.196852801882496, 39.508036234988374 ], [ -31.196801410594897, 39.508053547192489 ], [ -31.196752349372353, 39.508066210476343 ], [ -31.19665608293278, 39.508078232311135 ], [ -31.19633252099219, 39.50808222208515 ], [ -31.196178121648757, 39.508120370481635 ], [ -31.196140565467278, 39.508137897112981 ], [ -31.196066155073481, 39.508177285893893 ], [ -31.195992910434622, 39.50819858320768 ], [ -31.19595140187608, 39.508202533867312 ], [ -31.195877693910482, 39.508187785985506 ], [ -31.195870486008747, 39.508156140121386 ], [ -31.195877114572809, 39.508124709937881 ], [ -31.195898159559256, 39.508098007486964 ], [ -31.195957570488037, 39.508017933303627 ], [ -31.195958155235086, 39.507995328012377 ], [ -31.195948622775216, 39.507972655778524 ], [ -31.19591851270723, 39.50795407979129 ], [ -31.195880843523032, 39.507953495071654 ], [ -31.195840613770258, 39.507961970397403 ], [ -31.195806664076287, 39.507979462807569 ], [ -31.19577631828562, 39.508001516007141 ], [ -31.195750854121492, 39.508028239931072 ], [ -31.195652724232481, 39.508143751746587 ], [ -31.195620170482073, 39.508165770626107 ], [ -31.195550759099021, 39.508205236683359 ], [ -31.195514251920653, 39.508213679592139 ], [ -31.195473440912451, 39.508217640910672 ], [ -31.195388684303001, 39.508207315225135 ], [ -31.195352643436113, 39.508193241955809 ], [ -31.195331254107789, 39.5081793051787 ], [ -31.195336950219314, 39.508152455500166 ], [ -31.195362996805084, 39.508130245566122 ], [ -31.195406248107464, 39.508085868588843 ], [ -31.19541496937445, 39.50805897487858 ], [ -31.195409971831353, 39.508027364207351 ], [ -31.195384974895344, 39.5080134615228 ], [ -31.19534346901191, 39.508012817056418 ], [ -31.195264874953317, 39.508016102432038 ], [ -31.195235343088616, 39.508033663273594 ], [ -31.195207903674689, 39.508055761453768 ], [ -31.194991179525541, 39.508228084247691 ], [ -31.194784102445308, 39.508391636855166 ], [ -31.194664224452705, 39.508610420737092 ], [ -31.194622823812249, 39.508749516383986 ], [ -31.194627239336096, 39.508803642307164 ], [ -31.194621424748881, 39.508857520123755 ], [ -31.194598283974884, 39.50888427897543 ], [ -31.194480153951517, 39.509008489688213 ], [ -31.194462013613535, 39.509035326192127 ], [ -31.194336668478808, 39.509245015061218 ], [ -31.194283529908006, 39.509302842662535 ], [ -31.194242489671289, 39.509315629491866 ], [ -31.194214002892171, 39.509324196596822 ], [ -31.194184122764373, 39.509323732341024 ], [ -31.194153542374337, 39.50932785214647 ], [ -31.193915317863723, 39.509319557301346 ], [ -31.193882993754737, 39.509305630529674 ], [ -31.193858233766903, 39.509278127447509 ], [ -31.193839282403875, 39.509250893921532 ], [ -31.193792784453649, 39.509164490829171 ], [ -31.193786391272347, 39.509132857508092 ], [ -31.193784998617343, 39.50910130279992 ], [ -31.19379349310034, 39.508997824107489 ], [ -31.193839190170991, 39.508890508803603 ], [ -31.193932914523813, 39.508666724444275 ], [ -31.193944900692607, 39.508540686530743 ], [ -31.193932817702265, 39.508387425670399 ], [ -31.193934222459383, 39.508279241833179 ], [ -31.193950383513265, 39.508243545140068 ], [ -31.193972477499091, 39.508207759541904 ], [ -31.194057939741558, 39.508078447678265 ], [ -31.194096084672136, 39.507952816196237 ], [ -31.194085157732371, 39.507898678270308 ], [ -31.19406609117479, 39.50787585864493 ], [ -31.193985179415044, 39.507797929685644 ], [ -31.19395355469954, 39.507784014704221 ], [ -31.193917630640694, 39.507769941906496 ], [ -31.193854969252719, 39.507746354697964 ], [ -31.193834274447436, 39.507732518537388 ], [ -31.193813581171334, 39.507714177543612 ], [ -31.193769053935398, 39.507668528027772 ], [ -31.193752315483128, 39.507641149581495 ], [ -31.19369570172913, 39.507523235448353 ], [ -31.193688496042729, 39.507491589487785 ], [ -31.193686404702156, 39.507460023912323 ], [ -31.19367734751415, 39.507306719933595 ], [ -31.193667815888681, 39.507284047529232 ], [ -31.193657471455236, 39.507234334271239 ], [ -31.193658881659076, 39.50706308345525 ], [ -31.193674113715968, 39.507040795917696 ], [ -31.19381375714951, 39.506840249489386 ], [ -31.193839451877466, 39.506827134229468 ], [ -31.193879678854731, 39.506818749646392 ], [ -31.193915485250933, 39.506814890406062 ], [ -31.19419637643259, 39.506801144548753 ], [ -31.194222303928434, 39.506783527965773 ], [ -31.194244741910747, 39.506756937550406 ], [ -31.194254740815104, 39.506734568628147 ], [ -31.194257649274075, 39.506707585591165 ], [ -31.194256837084616, 39.506685048701428 ], [ -31.194251610059631, 39.506603881015835 ], [ -31.194239869383082, 39.506581174334251 ], [ -31.194220806612098, 39.506558264693631 ], [ -31.19419301818656, 39.50653990362688 ], [ -31.194161398652152, 39.506525808589593 ], [ -31.194126754051819, 39.506511755737606 ], [ -31.193972245281159, 39.50644637887774 ], [ -31.193970040738044, 39.506419225398709 ], [ -31.193977140571022, 39.506284191894252 ], [ -31.193991791734604, 39.50625288557508 ], [ -31.194012834505653, 39.506226273521875 ], [ -31.194052718034715, 39.506172745797734 ], [ -31.194123528446266, 39.506047711016052 ], [ -31.19413224875677, 39.506020817380509 ], [ -31.194156780823732, 39.505971736141809 ], [ -31.194175383666121, 39.505954005759328 ], [ -31.194199799142208, 39.505940870539064 ], [ -31.1942371213649, 39.505900906712583 ], [ -31.194236308322044, 39.505873865852919 ], [ -31.194245031682247, 39.505819943126113 ], [ -31.194265145830673, 39.505802236208787 ], [ -31.194291772815472, 39.505784540375103 ], [ -31.194322580133107, 39.505771594529328 ], [ -31.194355600708175, 39.505763007720233 ], [ -31.194390592701833, 39.505759136577325 ], [ -31.194508944555729, 39.505760974242726 ], [ -31.194582887114269, 39.505771042473604 ], [ -31.194614741529932, 39.505780546993201 ], [ -31.19464252746749, 39.505798997117274 ], [ -31.194820978568455, 39.505927902117222 ], [ -31.194842018639431, 39.505955348127983 ], [ -31.194894331751605, 39.506014722826102 ], [ -31.194917932768689, 39.506028603934922 ], [ -31.194930489754409, 39.506051232230583 ], [ -31.194931183289629, 39.506078362228685 ], [ -31.194926184781167, 39.506105222730326 ], [ -31.194898741474141, 39.506181469144572 ], [ -31.194877699072563, 39.506208080465846 ], [ -31.194869675418555, 39.506234984978441 ], [ -31.194869907669066, 39.506257512859747 ], [ -31.194881648502733, 39.506280219482328 ], [ -31.194914084515908, 39.506289732052963 ], [ -31.194944660916782, 39.506290206925094 ], [ -31.194947450516754, 39.506263311217047 ], [ -31.194989190355383, 39.506223416657697 ], [ -31.195029183809783, 39.506224036854306 ], [ -31.19509417628414, 39.506211441494827 ], [ -31.195103707734731, 39.506184650477884 ], [ -31.195132659661226, 39.506131042714145 ], [ -31.195154168800464, 39.506113357305367 ], [ -31.19518067683299, 39.506100254372932 ], [ -31.195213464685512, 39.506096168561989 ], [ -31.195249270627702, 39.506092309800593 ], [ -31.195274265722126, 39.506106211583656 ], [ -31.19529333336536, 39.506128941837012 ], [ -31.195318910406066, 39.506151863257962 ], [ -31.19535041583503, 39.506170370967681 ], [ -31.195390757265631, 39.506184511908977 ], [ -31.19548004435514, 39.506217431292903 ], [ -31.195564795743195, 39.506259289901372 ], [ -31.195595837888771, 39.506268780642138 ], [ -31.195629902094641, 39.506269309481723 ], [ -31.195726049654816, 39.506261792387846 ], [ -31.195760693745896, 39.506244400867146 ], [ -31.195810107954447, 39.506218048709847 ], [ -31.195851031926612, 39.506209674258251 ], [ -31.195893118072267, 39.506210326641593 ], [ -31.195994380970909, 39.50620288872674 ], [ -31.196123779797009, 39.506173363129754 ], [ -31.196186208890765, 39.506178926087841 ], [ -31.19635444117122, 39.506167931339625 ], [ -31.196441404553024, 39.506146756560753 ], [ -31.196468841467372, 39.506129162891021 ], [ -31.196493952004072, 39.506111623212973 ], [ -31.19651267307367, 39.506089299334043 ], [ -31.196514766626258, 39.506066808442007 ], [ -31.19651337276682, 39.506035252823182 ], [ -31.196513259521886, 39.505900107193419 ], [ -31.19651977112925, 39.505873179098579 ], [ -31.196576163123435, 39.505684851966905 ], [ -31.196576162986098, 39.505657823729415 ], [ -31.196579421937958, 39.505531739226598 ], [ -31.196581514334625, 39.505477804417048 ], [ -31.19657070232287, 39.505446102660017 ], [ -31.196550360397243, 39.50541866869024 ], [ -31.196527107386075, 39.505391368839398 ], [ -31.196517576205963, 39.50536860746805 ], [ -31.196515368536996, 39.505337039218098 ], [ -31.196516879856684, 39.505278590535589 ], [ -31.196526299022867, 39.505251617456459 ], [ -31.196575594277267, 39.505117328558782 ], [ -31.196575949831811, 39.504878579382783 ], [ -31.196562933394798, 39.504792695942257 ], [ -31.196547471994318, 39.504769931751781 ], [ -31.196490392017271, 39.504674445863074 ], [ -31.196447144695345, 39.504633231073043 ], [ -31.19642215005635, 39.504614824691771 ], [ -31.196263925383199, 39.50446380183805 ], [ -31.196252184377343, 39.504441095345065 ], [ -31.196120358204826, 39.504227234685835 ], [ -31.196053048682948, 39.504131588915733 ], [ -31.196028864836066, 39.504108780274812 ], [ -31.196003989102689, 39.50409028465166 ], [ -31.195853789345595, 39.503939385798176 ], [ -31.195850769154621, 39.503912219678575 ], [ -31.195831818137595, 39.503889492223365 ], [ -31.19580345529139, 39.503861932714372 ], [ -31.195728585781026, 39.503802298356405 ], [ -31.195643371494402, 39.503751422972748 ], [ -31.195610936541478, 39.503741910626495 ], [ -31.195327625377939, 39.503678860570652 ], [ -31.195229854782742, 39.503668333635183 ], [ -31.195123361416755, 39.503680284644354 ], [ -31.195098135189717, 39.503697822240042 ], [ -31.195087902819409, 39.503729197338593 ], [ -31.195085808616945, 39.503756193957777 ], [ -31.195083597743068, 39.503810217003938 ], [ -31.195074990868733, 39.503837202583618 ], [ -31.195059295235602, 39.503854978268876 ], [ -31.195050572829881, 39.503908900193629 ], [ -31.195021852793793, 39.504007560127889 ], [ -31.194943488959147, 39.504141487929964 ], [ -31.194756540510284, 39.504318686757045 ], [ -31.194661440965817, 39.504339734817293 ], [ -31.194419510669558, 39.504300029766668 ], [ -31.194042727620683, 39.504226515652597 ], [ -31.193915427196593, 39.504202014198739 ], [ -31.193806261709398, 39.504177884523621 ], [ -31.193720466178405, 39.504154027840855 ], [ -31.193595027568779, 39.504111535548631 ], [ -31.193551086095379, 39.504097247940443 ], [ -31.19325568447136, 39.503998057075172 ], [ -31.192975626716368, 39.503917213538472 ], [ -31.192697898445335, 39.503809286322721 ], [ -31.192602688881912, 39.503753748445412 ], [ -31.192580721004909, 39.503730793359473 ], [ -31.192568398143898, 39.503703662694647 ], [ -31.192511905784468, 39.503608184019157 ], [ -31.192487031619962, 39.503585182818249 ], [ -31.192370899637666, 39.503497786289422 ], [ -31.192272318019064, 39.503455710266685 ], [ -31.192234070939552, 39.503446106583617 ], [ -31.192092124037124, 39.503425880192651 ], [ -31.192063060256189, 39.503425428107555 ], [ -31.191960058665881, 39.503419321911949 ], [ -31.191932623399563, 39.50340988541646 ], [ -31.191764989082646, 39.503344211373218 ], [ -31.191582126194838, 39.503273795291221 ], [ -31.191540273106835, 39.503264224470378 ], [ -31.191417973863825, 39.503244302965868 ], [ -31.19134438710088, 39.50322063451371 ], [ -31.191079106331369, 39.503108302199223 ], [ -31.190851485583313, 39.503028268763622 ], [ -31.190576671798986, 39.502920381875654 ], [ -31.190326973775971, 39.502790271022953 ], [ -31.190183291939253, 39.502698029515976 ], [ -31.190161325218796, 39.502675073093982 ], [ -31.189976616399914, 39.502514529557253 ], [ -31.189816207758746, 39.502336344768928 ], [ -31.189688357425812, 39.502109114365766 ], [ -31.189657554208008, 39.502063677035842 ], [ -31.189633261026234, 39.502045189133632 ], [ -31.189532712357959, 39.501971547078846 ], [ -31.189470984846853, 39.501943556420592 ], [ -31.189436224246283, 39.501934096229476 ], [ -31.189397978442962, 39.501924490738055 ], [ -31.189218951058596, 39.501903683219552 ], [ -31.188903670563118, 39.501925801847833 ], [ -31.188787063371738, 39.501964528498753 ], [ -31.188584771411776, 39.502060392693437 ], [ -31.18855268264149, 39.502064488442841 ], [ -31.188371677286788, 39.502061668209521 ], [ -31.188267401957919, 39.50204643909499 ], [ -31.188240781525643, 39.502037014434293 ], [ -31.188205559118817, 39.502022950824625 ], [ -31.188121160975868, 39.50199920191065 ], [ -31.188043274206397, 39.501975464347922 ], [ -31.187718584189913, 39.501965808985197 ], [ -31.187468070609441, 39.501871898343637 ], [ -31.187314155735066, 39.501864903972674 ], [ -31.187120352400946, 39.501911525691042 ], [ -31.187008409673414, 39.501855722267088 ], [ -31.186931250883649, 39.501660812660042 ], [ -31.186724352987834, 39.501486313209917 ], [ -31.186541619867352, 39.501384448287197 ], [ -31.186437822594023, 39.501292732572452 ], [ -31.186310778307856, 39.501178131544002 ], [ -31.18628195551528, 39.501137138090961 ], [ -31.18624093517759, 39.5010418978394 ], [ -31.186230593016383, 39.501019212178427 ], [ -31.186222832800887, 39.500870342589131 ], [ -31.186212605410006, 39.5008432439598 ], [ -31.186156016979552, 39.500698207332611 ], [ -31.186138705390086, 39.500639374964713 ], [ -31.186099543837983, 39.500553173376488 ], [ -31.186037247981904, 39.500489044003643 ], [ -31.185667518322692, 39.500140909638588 ], [ -31.185455618484525, 39.500015973363581 ], [ -31.185255929993748, 39.49986870309165 ], [ -31.185020557404552, 39.49969835189421 ], [ -31.184817155154832, 39.499523993754366 ], [ -31.184637357576648, 39.499340905028859 ], [ -31.184509042932895, 39.499217271591313 ], [ -31.184436169335076, 39.499139641774718 ], [ -31.184378401665064, 39.499098196621283 ], [ -31.184201388184839, 39.498942269040342 ], [ -31.184032415107648, 39.498705290228614 ], [ -31.183880272899064, 39.49857236511204 ], [ -31.183728474852021, 39.498484312630005 ], [ -31.18361374213972, 39.49845558159452 ], [ -31.183514235287863, 39.49845402743118 ], [ -31.183409844438941, 39.498470325271633 ], [ -31.183367412515921, 39.498478671803213 ], [ -31.183319047648514, 39.498496025395063 ], [ -31.18309978442479, 39.498591705844511 ], [ -31.183047935396718, 39.498604409906939 ], [ -31.182761844591749, 39.49864489668235 ], [ -31.182591422880162, 39.498660252393847 ], [ -31.182277203975691, 39.498668855173221 ], [ -31.181946707118346, 39.498686302293763 ], [ -31.181705487645768, 39.498714063848276 ], [ -31.18166271233989, 39.498708800624826 ], [ -31.181622957089246, 39.498699168975108 ], [ -31.181588669953943, 39.498676109198932 ], [ -31.181562521246732, 39.498648670983627 ], [ -31.181545786150725, 39.498621471037872 ], [ -31.181501627150659, 39.498557713105249 ], [ -31.181470246305377, 39.498534697863683 ], [ -31.181434566693653, 39.498511526158978 ], [ -31.181359827172415, 39.498478822780143 ], [ -31.181320650977195, 39.498473795940029 ], [ -31.181285199384703, 39.49846864627176 ], [ -31.18125392916512, 39.498468156972066 ], [ -31.181212075947876, 39.498485521477029 ], [ -31.181183822366812, 39.498507603631133 ], [ -31.181154054065182, 39.498534257025824 ], [ -31.181132775270754, 39.498569872775391 ], [ -31.181115095425596, 39.498610139790699 ], [ -31.181104622863362, 39.498650518688258 ], [ -31.181057833835851, 39.498884037059334 ], [ -31.18096791092179, 39.499125979260249 ], [ -31.180916585067667, 39.499363931402279 ], [ -31.180888049327891, 39.499593139493932 ], [ -31.180890544627161, 39.499832024036273 ], [ -31.180897341153951, 39.500075389742157 ], [ -31.18089349322598, 39.500111457534437 ], [ -31.180878606304749, 39.500151678114804 ], [ -31.18077462185456, 39.500375291418422 ], [ -31.180718338210387, 39.500446488091598 ], [ -31.180651940767078, 39.500513110769056 ], [ -31.180628803497743, 39.500535182762185 ], [ -31.180457398728407, 39.500726297429033 ], [ -31.18025822733204, 39.500862739595206 ], [ -31.180181612508122, 39.500875144707578 ], [ -31.180155566365947, 39.500897261155707 ], [ -31.180147654010973, 39.50092416637834 ], [ -31.18014834653971, 39.500951115332519 ], [ -31.180157865536728, 39.501005322592327 ], [ -31.180168203373881, 39.501028097907827 ], [ -31.180176797342103, 39.501059766425172 ], [ -31.180176557432176, 39.501095710482176 ], [ -31.180167132616052, 39.501122682121363 ], [ -31.180151778975958, 39.501153975684325 ], [ -31.18012852027935, 39.501185145471261 ], [ -31.180111075322522, 39.501211901432058 ], [ -31.180108861567948, 39.501238804879343 ], [ -31.180110826823334, 39.501274964557858 ], [ -31.180108484643242, 39.501337994900716 ], [ -31.180088949471433, 39.501364628032043 ], [ -31.18005987935603, 39.501391201957375 ], [ -31.179879166921388, 39.501604603232927 ], [ -31.179816481333635, 39.50169380868833 ], [ -31.17978520454669, 39.501720257887548 ], [ -31.179711254801457, 39.501768653125708 ], [ -31.179670096718684, 39.501786027935076 ], [ -31.179436979407527, 39.501890583224757 ], [ -31.179403609857161, 39.501916999538423 ], [ -31.179301973873145, 39.502023613083892 ], [ -31.179302781228905, 39.502046149982561 ], [ -31.179294743171909, 39.502104587121728 ], [ -31.179272419984745, 39.502122166734267 ], [ -31.179240909450442, 39.502135277763841 ], [ -31.179204169907855, 39.502148216772156 ], [ -31.179167664146988, 39.502156654580965 ], [ -31.17913534451467, 39.502169572712269 ], [ -31.179104879965628, 39.502191619694372 ], [ -31.178990577841521, 39.502284430775553 ], [ -31.1789547694998, 39.502292879443324 ], [ -31.178867921521878, 39.502305123341394 ], [ -31.178710638316055, 39.502289055090593 ], [ -31.178683205378299, 39.502279616417347 ], [ -31.178646934645204, 39.502279048044542 ], [ -31.17851207439098, 39.502290540193592 ], [ -31.178464525519839, 39.502303219468907 ], [ -31.178419760646513, 39.502320627400294 ], [ -31.178286750380664, 39.502377105778592 ], [ -31.178243620335092, 39.502385350272583 ], [ -31.178197816851309, 39.502384632343102 ], [ -31.178041108849914, 39.502373257244898 ], [ -31.178013333668304, 39.502350208403641 ], [ -31.177915937647036, 39.502267595202568 ], [ -31.177699517835794, 39.502120050666576 ], [ -31.17750346095966, 39.501918765933333 ], [ -31.177274600438356, 39.501775620484665 ], [ -31.177157444286014, 39.501697112422157 ], [ -31.176902304534647, 39.50158950189838 ], [ -31.176864522016349, 39.501584494506169 ], [ -31.176758158951497, 39.501569222332336 ], [ -31.176726304096448, 39.501564307880201 ], [ -31.176695385645008, 39.501550309214082 ], [ -31.176666096194133, 39.501531830344234 ], [ -31.176638204124266, 39.501513283291693 ], [ -31.176504550837048, 39.501398567976231 ], [ -31.176492119315331, 39.501375848692852 ], [ -31.176447500398403, 39.501298657220083 ], [ -31.176424143692724, 39.501275677324593 ], [ -31.17631978042667, 39.501179439836278 ], [ -31.176116396017541, 39.501009571756228 ], [ -31.175857536921725, 39.500901990689009 ], [ -31.175827316441186, 39.500888002747971 ], [ -31.175809192846241, 39.500860599110773 ], [ -31.175799784791518, 39.500829007604274 ], [ -31.175779451291636, 39.500801570179313 ], [ -31.175755972527458, 39.500783272377348 ], [ -31.175727963217252, 39.500769229018445 ], [ -31.175630668983786, 39.50074076380546 ], [ -31.175601835371381, 39.50075824052302 ], [ -31.17558380673221, 39.50078057187914 ], [ -31.175572290442876, 39.500802914457296 ], [ -31.175484477333072, 39.500936681521701 ], [ -31.175455525848751, 39.500958660299496 ], [ -31.175400873773807, 39.500993931260723 ], [ -31.175371695824101, 39.500997888867282 ], [ -31.175273333656158, 39.501032473576132 ], [ -31.175243802333718, 39.501049939248837 ], [ -31.175214848348027, 39.501072008923991 ], [ -31.175188914492026, 39.501094216105031 ], [ -31.175113097697018, 39.501156093634847 ], [ -31.175082289081502, 39.501169034362086 ], [ -31.17504775808948, 39.501182006731881 ], [ -31.175009043630741, 39.501190408555168 ], [ -31.174968235860828, 39.501194362744478 ], [ -31.174774794946501, 39.501195741727543 ], [ -31.174740155508207, 39.501186188058739 ], [ -31.174676922449848, 39.501158256937586 ], [ -31.174525944734398, 39.501070205389354 ], [ -31.17451885665669, 39.501061084367855 ], [ -31.174518286523643, 39.501029541472462 ], [ -31.174543075959292, 39.500939924831911 ], [ -31.174564836032818, 39.500886119203784 ], [ -31.174580889586064, 39.500854837388808 ], [ -31.174588035013603, 39.500697281699082 ], [ -31.174590370306728, 39.500661369680351 ], [ -31.174646110169295, 39.500504487059366 ], [ -31.17471380571126, 39.50038851509624 ], [ -31.174734972864108, 39.500357313560585 ], [ -31.174878849710847, 39.500134331331331 ], [ -31.174932004889072, 39.500049574755948 ], [ -31.175035076613067, 39.499834872080456 ], [ -31.175143499730382, 39.49960673786935 ], [ -31.175284003167359, 39.499374783424742 ], [ -31.175440307770419, 39.499178934546947 ], [ -31.175608122730786, 39.498960922958005 ], [ -31.175623362462833, 39.498934042962539 ], [ -31.175629878982328, 39.498907206239103 ], [ -31.175629192080105, 39.498875661502197 ], [ -31.175617575315872, 39.49884845096048 ], [ -31.175602122102902, 39.498825684149395 ], [ -31.175388290064024, 39.498637632304877 ], [ -31.175357724987059, 39.498614628232673 ], [ -31.175102946100967, 39.498515939078658 ], [ -31.175056801116916, 39.498501700916094 ], [ -31.175013680116297, 39.498483004464184 ], [ -31.174945923537912, 39.498432478216294 ], [ -31.17472694991941, 39.498329935695203 ], [ -31.174522370847999, 39.498286180996871 ], [ -31.174375089464338, 39.498279363820849 ], [ -31.174032164322153, 39.498273979759958 ], [ -31.173883499906481, 39.498231101431109 ], [ -31.173813880338155, 39.498198474563644 ], [ -31.173785174983756, 39.498184419805227 ], [ -31.173752625597697, 39.498179493635554 ], [ -31.173536319108024, 39.498108433744825 ], [ -31.173464726962671, 39.498066765971913 ], [ -31.173314011197778, 39.497911235227427 ], [ -31.173189351960946, 39.497706651464661 ], [ -31.17317238861526, 39.497683860599352 ], [ -31.173005258249532, 39.497600148170825 ], [ -31.172956908044, 39.497585784419712 ], [ -31.172608174398238, 39.497580303974971 ], [ -31.172454600473774, 39.497618433945178 ], [ -31.172404027390659, 39.49763565816032 ], [ -31.172184084062675, 39.497650310025854 ], [ -31.171883242827199, 39.497645581430227 ], [ -31.171586007009015, 39.497645322623192 ], [ -31.1715335755936, 39.497649092772562 ], [ -31.171388369364887, 39.497696272562528 ], [ -31.17128582706572, 39.497726283318386 ], [ -31.171126916277299, 39.497741713213472 ], [ -31.171075299621389, 39.497745496876121 ], [ -31.170804998860749, 39.497822331523381 ], [ -31.170762448476058, 39.497839591178831 ], [ -31.170453550153919, 39.497924827249761 ], [ -31.170123845350815, 39.497996311381698 ], [ -31.169681834430143, 39.498110894410971 ], [ -31.169484511247688, 39.498234012806257 ], [ -31.169415216297551, 39.498268870154682 ], [ -31.169269421479523, 39.498316218194127 ], [ -31.168973091274172, 39.498361105518143 ], [ -31.168667133155459, 39.498360701811933 ], [ -31.168346523837769, 39.498364661361045 ], [ -31.167446661773919, 39.498363998054863 ], [ -31.167142792933539, 39.498368219117928 ], [ -31.166841027823395, 39.498345442582774 ], [ -31.166543667670833, 39.498349763830255 ], [ -31.166248741104678, 39.498367727346832 ], [ -31.165957273321744, 39.498453137192492 ], [ -31.165675441045106, 39.498556897043017 ], [ -31.165410928722007, 39.498665344330419 ], [ -31.165131529586009, 39.498787070535776 ], [ -31.164862927302959, 39.498940409449453 ], [ -31.164827579717187, 39.498957870731203 ], [ -31.164763391898557, 39.498992986107645 ], [ -31.164494235635075, 39.499083338569505 ], [ -31.164179945887376, 39.499231540526047 ], [ -31.164038198774282, 39.499319308390064 ], [ -31.163971327504672, 39.499372400312772 ], [ -31.163830945140894, 39.499514337708334 ], [ -31.163775896737214, 39.499644017549926 ], [ -31.163732749734002, 39.499683879496963 ], [ -31.163657171898709, 39.499709804613452 ], [ -31.163574864351457, 39.499717514778141 ], [ -31.16342415978411, 39.499809735286313 ], [ -31.163333658373084, 39.499934349853255 ], [ -31.163313004019482, 39.50008277251861 ], [ -31.16330633519588, 39.500168258269618 ], [ -31.163223718209423, 39.500324621333888 ], [ -31.163193821536137, 39.500360277718727 ], [ -31.163173108515817, 39.500400493075198 ], [ -31.16314720742648, 39.500584781431307 ], [ -31.163143238797431, 39.500620666462396 ], [ -31.163162130482387, 39.500733585205985 ], [ -31.163196042683207, 39.500797188042775 ], [ -31.163259815858286, 39.500888381015642 ], [ -31.163282933220895, 39.500920280235356 ], [ -31.16331473928518, 39.501010877913643 ], [ -31.163321353994753, 39.501037921404112 ], [ -31.163324928802496, 39.501092125209269 ], [ -31.163322232010888, 39.50114154577264 ], [ -31.163309302907106, 39.501190893837006 ], [ -31.163299858935311, 39.501244802717231 ], [ -31.163299026622653, 39.501276413563367 ], [ -31.163274815463925, 39.501339097866712 ], [ -31.16325527397283, 39.501365728018257 ], [ -31.163231891531364, 39.501396892407406 ], [ -31.163204442589699, 39.501419072938397 ], [ -31.163171425342298, 39.501427470741064 ], [ -31.163105510405607, 39.501422015184488 ], [ -31.163043900284709, 39.501416536629094 ], [ -31.163008909066004, 39.501415983598505 ], [ -31.162973678320199, 39.50142894220108 ], [ -31.16295437151382, 39.501446655520077 ], [ -31.162955057368269, 39.501473605320385 ], [ -31.162977133155128, 39.501492063704355 ], [ -31.162999910011841, 39.501510442166811 ], [ -31.16301617806133, 39.501528628557821 ], [ -31.163016164066832, 39.501555657393389 ], [ -31.1630025511352, 39.501577966454818 ], [ -31.162975104420884, 39.501600056868241 ], [ -31.162893475687845, 39.501634895511181 ], [ -31.162851737190206, 39.50164766021576 ], [ -31.16282334161021, 39.501701359589426 ], [ -31.162796575887064, 39.501754993720454 ], [ -31.162776220340334, 39.501781610919778 ], [ -31.162739238558832, 39.501803640650934 ], [ -31.162705181857671, 39.501798508261302 ], [ -31.162677983930763, 39.501784653892422 ], [ -31.162650909366132, 39.501766116431206 ], [ -31.162578415097663, 39.501674875364102 ], [ -31.162491850016245, 39.501592421485789 ], [ -31.162466984323345, 39.501569504157459 ], [ -31.162440737839471, 39.501519536839545 ], [ -31.162405907868994, 39.501433395068943 ], [ -31.162389299557599, 39.501401599490251 ], [ -31.162377688814239, 39.501374386864534 ], [ -31.162244282875584, 39.501277677691974 ], [ -31.162204067650038, 39.501259113447077 ], [ -31.162161529837636, 39.501244836210937 ], [ -31.162071910981435, 39.501225400629778 ], [ -31.162028436034952, 39.501220209209116 ], [ -31.161728973722507, 39.501219979946796 ], [ -31.161419618101188, 39.501237703780582 ], [ -31.161378116968898, 39.501241462026449 ], [ -31.161228353437686, 39.501297745863056 ], [ -31.161007731905549, 39.501474358933152 ], [ -31.160986794613926, 39.501496551865927 ], [ -31.160911083844894, 39.501553916857681 ], [ -31.160837119274767, 39.501602389843434 ], [ -31.160692115706013, 39.501672173625238 ], [ -31.160637460610449, 39.501707257332889 ], [ -31.160612224359326, 39.501724877321408 ], [ -31.160586748240391, 39.501751593287949 ], [ -31.160572555741137, 39.501769388044096 ], [ -31.160568922111104, 39.501823387734312 ], [ -31.160568330777455, 39.501845812485996 ], [ -31.160495626821408, 39.5019302538321 ], [ -31.160473989372932, 39.501952524783285 ], [ -31.160360958548072, 39.502018219225945 ], [ -31.16030257823865, 39.502053424002234 ], [ -31.160284784203981, 39.50207107161809 ], [ -31.160270932915893, 39.502097971515255 ], [ -31.160262320193141, 39.502120268394762 ], [ -31.160258820106328, 39.502142737198042 ], [ -31.16025892142158, 39.502165353103699 ], [ -31.160275528918149, 39.502197148964456 ], [ -31.160298306454283, 39.502215438766093 ], [ -31.160342343064364, 39.502256678455446 ], [ -31.160363723248395, 39.502275036223807 ], [ -31.160377544635629, 39.502297778289879 ], [ -31.160382343342892, 39.502446603189064 ], [ -31.160408707283494, 39.502496482718797 ], [ -31.160444946432811, 39.502555618318112 ], [ -31.160460395398506, 39.502578387034895 ], [ -31.160479450699629, 39.502596707084969 ], [ -31.160554076951414, 39.502606987040238 ], [ -31.160591858760448, 39.502607584978499 ], [ -31.160629403088521, 39.502617188827962 ], [ -31.16071503701443, 39.502704044083195 ], [ -31.160739204995455, 39.502726950740296 ], [ -31.160744302836118, 39.502754149652787 ], [ -31.160735223520739, 39.502988255892966 ], [ -31.160727882257799, 39.503019672702848 ], [ -31.160713914573229, 39.503050985550644 ], [ -31.160687166446856, 39.50307299636674 ], [ -31.160656812100054, 39.503095040203384 ], [ -31.16063076024184, 39.503117152121611 ], [ -31.160613307405868, 39.503143904961007 ], [ -31.160603873614896, 39.503170874803118 ], [ -31.160535585887132, 39.503255385136541 ], [ -31.160499881158309, 39.50328626383665 ], [ -31.160456966470289, 39.503312703765715 ], [ -31.160409057624339, 39.50333888443965 ], [ -31.160313712621747, 39.503368910102623 ], [ -31.160265577700166, 39.503377157874148 ], [ -31.160220926603412, 39.50339005660976 ], [ -31.160043918728068, 39.503513390101858 ], [ -31.159988430515511, 39.503575578527155 ], [ -31.159807548377422, 39.503766422909898 ], [ -31.159771148090329, 39.503792785526812 ], [ -31.159727077757875, 39.503810107106183 ], [ -31.159681267720856, 39.503813976700371 ], [ -31.159635463751037, 39.503813252337132 ], [ -31.159592803774224, 39.503803567159864 ], [ -31.159409294410192, 39.503705972184363 ], [ -31.159383033988174, 39.503683032117863 ], [ -31.159361772455604, 39.503660172112099 ], [ -31.159351454222818, 39.503610455470579 ], [ -31.15936507803238, 39.503565713827989 ], [ -31.159373698585558, 39.503538731213332 ], [ -31.159372437810337, 39.503507177369578 ], [ -31.159345244850016, 39.50348872826693 ], [ -31.159304556262715, 39.50348808388474 ], [ -31.159263630010933, 39.503496445403499 ], [ -31.159235259268844, 39.50350059191701 ], [ -31.159203051987252, 39.503509091502416 ], [ -31.159171203591765, 39.503503992147486 ], [ -31.159144128365782, 39.503481040023303 ], [ -31.159142051546539, 39.503449563349449 ], [ -31.159148458398683, 39.503427140626243 ], [ -31.159165333184337, 39.50339587401799 ], [ -31.159225820838632, 39.503333765168819 ], [ -31.159250365466374, 39.503311539602876 ], [ -31.159270025287594, 39.503284912022949 ], [ -31.159276437036667, 39.503257894432679 ], [ -31.159272269988961, 39.503226294559241 ], [ -31.159242863405574, 39.50321240531148 ], [ -31.159204387578942, 39.503207201003605 ], [ -31.159143337051571, 39.503233353208493 ], [ -31.159108205442781, 39.503273340329756 ], [ -31.159092148186037, 39.503300115039437 ], [ -31.159077138620916, 39.503322401501514 ], [ -31.159057018890287, 39.503340012084173 ], [ -31.159031781646242, 39.503357631701597 ], [ -31.159001201005999, 39.503361742253801 ], [ -31.158970626476634, 39.50336125885935 ], [ -31.158947972543036, 39.503338285725086 ], [ -31.158948106994078, 39.50330675397781 ], [ -31.15895672267159, 39.503284367154137 ], [ -31.158976266342243, 39.503257737784779 ], [ -31.159040577428684, 39.503218212891383 ], [ -31.159096512888478, 39.50319197882294 ], [ -31.159122564034387, 39.503169957338557 ], [ -31.159143502429377, 39.503147764773374 ], [ -31.159151425471027, 39.503120772027195 ], [ -31.159092647358829, 39.503034340103468 ], [ -31.159044787455805, 39.502974929932648 ], [ -31.159020769913127, 39.502893463292629 ], [ -31.159017997997719, 39.502861886408454 ], [ -31.159011264812097, 39.502839345655083 ], [ -31.158996751260535, 39.502811996629468 ], [ -31.158977577672889, 39.502793764562348 ], [ -31.158955616450502, 39.502775397338134 ], [ -31.158925519962569, 39.502756812049299 ], [ -31.158886697271051, 39.502742772657143 ], [ -31.158846827850205, 39.502737547058132 ], [ -31.158813800972013, 39.502750628492379 ], [ -31.158731137841649, 39.5027672482383 ], [ -31.158694867236122, 39.502766674535998 ], [ -31.158663254579917, 39.502752659195814 ], [ -31.158772364045781, 39.502641766718305 ], [ -31.158796787325631, 39.502624134259541 ], [ -31.158814018838527, 39.502574944986918 ], [ -31.158813458203376, 39.502543312128708 ], [ -31.158756910373601, 39.502425292288009 ], [ -31.158741815980086, 39.502393519285341 ], [ -31.15865326533736, 39.50233355532788 ], [ -31.158425620220097, 39.502172281917709 ], [ -31.158401567052298, 39.502149467601235 ], [ -31.158374256012355, 39.50213552034149 ], [ -31.15833462475636, 39.502121288662543 ], [ -31.158303353301196, 39.502120793152471 ], [ -31.158269866901566, 39.502124857473156 ], [ -31.158242656295826, 39.502137940814507 ], [ -31.158218354328088, 39.502150980143796 ], [ -31.158156590998253, 39.502204149582923 ], [ -31.158036522698154, 39.502373340633923 ], [ -31.158019066724989, 39.502400182226509 ], [ -31.157996616666907, 39.502426765376235 ], [ -31.157963934099421, 39.502453276448335 ], [ -31.157877662574045, 39.50247001949532 ], [ -31.157838368176744, 39.502473811443593 ], [ -31.157808729409286, 39.502464332898384 ], [ -31.157789672506997, 39.502446101585683 ], [ -31.157775040591869, 39.502423255373515 ], [ -31.157772031697906, 39.50239626964197 ], [ -31.157772747623127, 39.502369161854794 ], [ -31.157783688886855, 39.50234239633393 ], [ -31.157801026035362, 39.502320056832431 ], [ -31.157810595986749, 39.502257141659683 ], [ -31.15779517645877, 39.502180405983189 ], [ -31.157789261024867, 39.50215778802459 ], [ -31.157789277054423, 39.502130759239691 ], [ -31.157822453871606, 39.502054703710705 ], [ -31.15784199969389, 39.502032399208275 ], [ -31.157857363439128, 39.502001108835913 ], [ -31.15787051841097, 39.501969783453816 ], [ -31.157879743656132, 39.501897853127694 ], [ -31.157879302616763, 39.501857303478012 ], [ -31.157820798108585, 39.501707808389114 ], [ -31.157690950996329, 39.501502945079224 ], [ -31.157664232289612, 39.501470988583044 ], [ -31.157637157144258, 39.501448125307071 ], [ -31.157607991879409, 39.501425139697517 ], [ -31.157577196480929, 39.501406632179503 ], [ -31.157545468087068, 39.501397030348159 ], [ -31.157477466345046, 39.501386942682409 ], [ -31.157409925372452, 39.501385872862961 ], [ -31.157376324198374, 39.501389935109174 ], [ -31.157180619418789, 39.50148143488358 ], [ -31.15714399536499, 39.501489863876898 ], [ -31.157101680163734, 39.501493607683955 ], [ -31.157051576547047, 39.501492814138288 ], [ -31.157001012236783, 39.501483002685141 ], [ -31.156955564406651, 39.501468858500665 ], [ -31.156912327740503, 39.501454658364274 ], [ -31.156857244536173, 39.50142225189208 ], [ -31.156826570683119, 39.501399152068259 ], [ -31.156808026974971, 39.501304257259648 ], [ -31.156807586573024, 39.501263706716053 ], [ -31.156787494924011, 39.501227440371636 ], [ -31.156763445022673, 39.501204534773066 ], [ -31.156665824702348, 39.501153435159253 ], [ -31.156634215573977, 39.501139329230945 ], [ -31.156604812785766, 39.501125349284642 ], [ -31.156586456431835, 39.501107038789797 ], [ -31.156559738754087, 39.501070667315666 ], [ -31.156490942623552, 39.501033448240214 ], [ -31.156445492462353, 39.501023807760127 ], [ -31.156381915378322, 39.501004780858736 ], [ -31.15635740619085, 39.50097285911275 ], [ -31.156350694141089, 39.500923199405037 ], [ -31.156350711926962, 39.50089608055044 ], [ -31.156461947832401, 39.500726752023674 ], [ -31.156573625476568, 39.500602298597627 ], [ -31.156606664638538, 39.500562279041219 ], [ -31.15662423729415, 39.500531023859963 ], [ -31.156632956338708, 39.500337455804825 ], [ -31.156632399413329, 39.50030131815101 ], [ -31.156623816260474, 39.500269649040924 ], [ -31.156491812830335, 39.500177460403492 ], [ -31.156209064720699, 39.500037833789754 ], [ -31.155889655390759, 39.499969701373495 ], [ -31.155859896540125, 39.499964815369204 ], [ -31.15555957486286, 39.499860947078169 ], [ -31.155521692462052, 39.499837821715985 ], [ -31.1554932260483, 39.499814846670198 ], [ -31.155417800464079, 39.499782116696053 ], [ -31.155373173027481, 39.49976338908106 ], [ -31.155284490955012, 39.499739458312924 ], [ -31.154983680081809, 39.499680539083641 ], [ -31.154852698142637, 39.499628997571719 ], [ -31.154806216712785, 39.499601231528757 ], [ -31.154609760109132, 39.499417832433842 ], [ -31.154463607796174, 39.499280368465314 ], [ -31.154437467374404, 39.499253015352529 ], [ -31.154280691153442, 39.499187459906032 ], [ -31.154050380682346, 39.499048569772732 ], [ -31.153890211178165, 39.49883880682772 ], [ -31.153875852706513, 39.498748572960665 ], [ -31.153875870176549, 39.498721545097339 ], [ -31.153879372097592, 39.498699076517909 ], [ -31.153967244528729, 39.498533793994667 ], [ -31.15400063867833, 39.498484771127842 ], [ -31.154013556339706, 39.498462452085789 ], [ -31.154030655884295, 39.498444704299359 ], [ -31.154043811303868, 39.49841779409234 ], [ -31.154050215713454, 39.498395461699857 ], [ -31.1540443220774, 39.498341310911528 ], [ -31.154025530642098, 39.498282360342834 ], [ -31.154005801089927, 39.49823249464972 ], [ -31.15399930648087, 39.498205452553584 ], [ -31.153988280222983, 39.498182663131168 ], [ -31.153831594802767, 39.497977550366457 ], [ -31.153680029780862, 39.497772337633442 ], [ -31.153649612095371, 39.497713292416428 ], [ -31.153628051197082, 39.497618349157378 ], [ -31.153625979302216, 39.497586783258804 ], [ -31.153477676921451, 39.497368197662091 ], [ -31.153424961589867, 39.497277265162339 ], [ -31.153382104015559, 39.497218112336888 ], [ -31.153361083055582, 39.49719065922249 ], [ -31.153345059280372, 39.497163376496168 ], [ -31.153340657370702, 39.49713636760967 ], [ -31.153320941420453, 39.496892705545427 ], [ -31.153313964397586, 39.496716907683513 ], [ -31.153305400845674, 39.496658208687045 ], [ -31.153298065076303, 39.496496009740078 ], [ -31.153296139483292, 39.496239205874325 ], [ -31.153342490979469, 39.496109212692112 ], [ -31.15336064269691, 39.496078057282539 ], [ -31.153373685335708, 39.495862033883739 ], [ -31.153384091855116, 39.495772013177756 ], [ -31.153453929675202, 39.495628968638798 ], [ -31.153471264049116, 39.495606719811157 ], [ -31.153485968868008, 39.495516857472865 ], [ -31.153487732373147, 39.495480936846491 ], [ -31.153505188251785, 39.495454095003936 ], [ -31.153531819325174, 39.495432083951741 ], [ -31.153590774296621, 39.495401486595298 ], [ -31.153621702710716, 39.495388463375171 ], [ -31.153647518970981, 39.495375268843652 ], [ -31.15366542911023, 39.495357624070614 ], [ -31.153678348642359, 39.495335214984344 ], [ -31.153786638952244, 39.49522431402427 ], [ -31.153947627372869, 39.49504676829455 ], [ -31.153976009912, 39.495015685171474 ], [ -31.154014641186702, 39.49495764565463 ], [ -31.154134964720619, 39.49475233465715 ], [ -31.154194409108332, 39.494676786421202 ], [ -31.154216162931249, 39.494650102813722 ], [ -31.154226193469459, 39.494600619625473 ], [ -31.15423982500803, 39.494551282814875 ], [ -31.15425379371781, 39.494519970729989 ], [ -31.154258806818991, 39.494493112273403 ], [ -31.15422072575624, 39.494420430961256 ], [ -31.15419610305652, 39.49439292079466 ], [ -31.154166584952165, 39.494379028507225 ], [ -31.154132765588134, 39.494369481751242 ], [ -31.154101855062514, 39.494355476337063 ], [ -31.154098152777166, 39.494328389381465 ], [ -31.154103165438126, 39.494305944769799 ], [ -31.154124564179803, 39.494292679971984 ], [ -31.154368037252976, 39.494183924253662 ], [ -31.154625719060874, 39.494030345162358 ], [ -31.154663391745579, 39.494008509139348 ], [ -31.154804001915448, 39.493884605755127 ], [ -31.15482796613097, 39.493857867018832 ], [ -31.154855545918199, 39.493804337701938 ], [ -31.154950187988472, 39.493580598732095 ], [ -31.154966131737272, 39.49355373265135 ], [ -31.15500217813462, 39.49334266903076 ], [ -31.155028977399692, 39.493239483888296 ], [ -31.155036900771481, 39.493212490489263 ], [ -31.155039012359683, 39.492996294159148 ], [ -31.155030668133907, 39.492951203361486 ], [ -31.155022905341532, 39.492914952188976 ], [ -31.154919379864211, 39.492845827223405 ], [ -31.154731007108705, 39.492770761176708 ], [ -31.154702186510576, 39.492761294847455 ], [ -31.154680115647984, 39.49274283498103 ], [ -31.154664668246877, 39.492720156514004 ], [ -31.154658754516916, 39.49269753840364 ], [ -31.154658773996022, 39.492670419546627 ], [ -31.154665416940396, 39.49263908119201 ], [ -31.15474088741173, 39.492586221189022 ], [ -31.154766702412239, 39.492573026373528 ], [ -31.15481729286595, 39.492528781036171 ], [ -31.154845807190117, 39.492470671599982 ], [ -31.154860234897921, 39.492443961655205 ], [ -31.154886200520298, 39.492372296312581 ], [ -31.154895381749391, 39.492187745199793 ], [ -31.154885765473438, 39.492138040153812 ], [ -31.154878719989, 39.491885568672743 ], [ -31.15487722354877, 39.491858606842769 ], [ -31.154720096868477, 39.491644207276416 ], [ -31.154696172742085, 39.491612294452246 ], [ -31.154640058267653, 39.491566446133554 ], [ -31.154476568768406, 39.491482765040125 ], [ -31.154417077590558, 39.491450287441353 ], [ -31.154371656376167, 39.491409022627998 ], [ -31.154354700229288, 39.491390644813585 ], [ -31.15433797755011, 39.491363440305371 ], [ -31.154333696990602, 39.491331839317397 ], [ -31.154278877108762, 39.491263397056684 ], [ -31.154259950837318, 39.491235977352304 ], [ -31.154245436620613, 39.491208808800344 ], [ -31.154230383861822, 39.491118473757311 ], [ -31.154229828068747, 39.491082336068395 ], [ -31.154164457731479, 39.49096876875668 ], [ -31.154149829282336, 39.490945922129391 ], [ -31.154127178463511, 39.490923038199412 ], [ -31.154100805337041, 39.490904600899576 ], [ -31.154071407339387, 39.490890619501258 ], [ -31.154042587603929, 39.490881153025825 ], [ -31.153984709964472, 39.490871224160855 ], [ -31.153943448181515, 39.490866155003779 ], [ -31.153908703063593, 39.490856503390788 ], [ -31.15387930274369, 39.490842612004244 ], [ -31.153851534934642, 39.490824152497268 ], [ -31.153825164842228, 39.490801209436803 ], [ -31.153788817971254, 39.490746574887538 ], [ -31.153775938942228, 39.490714747209388 ], [ -31.153770606803931, 39.490692138287862 ], [ -31.153727784707048, 39.490583432816969 ], [ -31.153690424526342, 39.490483644486034 ], [ -31.153681030158264, 39.490451961343226 ], [ -31.153611918624673, 39.490374372162023 ], [ -31.153582761596052, 39.490351295581114 ], [ -31.153559530530551, 39.490323987574918 ], [ -31.153533418868655, 39.49026492058973 ], [ -31.153521932422414, 39.490233205101227 ], [ -31.153504277569866, 39.490210490510691 ], [ -31.153483021427824, 39.490192043360331 ], [ -31.153291357719162, 39.490184585520865 ], [ -31.153243237719696, 39.490188235755134 ], [ -31.153198373256025, 39.490183109097245 ], [ -31.153110978475475, 39.49016370203038 ], [ -31.152965170580753, 39.490071199982985 ], [ -31.152721196016635, 39.489896232466712 ], [ -31.152678900165217, 39.489877540895371 ], [ -31.152634979477551, 39.489858734289143 ], [ -31.152328877590502, 39.48978179415478 ], [ -31.15228122817047, 39.489772027933206 ], [ -31.152038732433418, 39.489651139751572 ], [ -31.152010154392315, 39.4896325759291 ], [ -31.151975065104804, 39.489613999577131 ], [ -31.151936950876063, 39.4895998790657 ], [ -31.151811782612253, 39.48957987135951 ], [ -31.151494736715108, 39.489529874197885 ], [ -31.151461619833441, 39.48952024775199 ], [ -31.151430709572942, 39.48950633263879 ], [ -31.151406549135267, 39.48948342417529 ], [ -31.151372056502751, 39.489442332903771 ], [ -31.151217608296914, 39.489237161124521 ], [ -31.151059898530722, 39.489045451797104 ], [ -31.15104376049819, 39.489022581671222 ], [ -31.151031915105481, 39.489004463963823 ], [ -31.151020428828904, 39.488972748234623 ], [ -31.150944702641297, 39.48889487206943 ], [ -31.150713055538723, 39.488724601316562 ], [ -31.15050198932671, 39.488545556886997 ], [ -31.150323728774552, 39.48833090615004 ], [ -31.150184172464801, 39.488112455436287 ], [ -31.150165481805697, 39.488080624971502 ], [ -31.150150394959248, 39.488044436205833 ], [ -31.150133239092575, 39.487814328641882 ], [ -31.150132104992277, 39.487773766978606 ], [ -31.150056710948792, 39.487547417595543 ], [ -31.149908302978954, 39.48736035959152 ], [ -31.149884959735601, 39.487337373723058 ], [ -31.149648064914267, 39.487203056108704 ], [ -31.149396172087275, 39.487081832681795 ], [ -31.149363754807013, 39.48706780203387 ], [ -31.149116915788081, 39.487027925891901 ], [ -31.149085767482035, 39.487027429911159 ], [ -31.148968291951238, 39.486989432186071 ], [ -31.148939591612901, 39.48697555070725 ], [ -31.148915195222447, 39.486961557567113 ], [ -31.148836462940981, 39.486861289030387 ], [ -31.14881068993714, 39.486820335866568 ], [ -31.148769060874617, 39.486688943153986 ], [ -31.148747246030609, 39.486639043321055 ], [ -31.148734948764751, 39.486607313548092 ], [ -31.148717414959648, 39.486584510967802 ], [ -31.14871092892643, 39.486552873744415 ], [ -31.148747487611644, 39.486463359965974 ], [ -31.148912209108165, 39.486254345546861 ], [ -31.148930361614923, 39.486227515443147 ], [ -31.149040336770376, 39.486026549499257 ], [ -31.149181572879591, 39.485826171290178 ], [ -31.149211825091232, 39.485781514406419 ], [ -31.149300786498486, 39.485710853272707 ], [ -31.149479016308216, 39.485628097795541 ], [ -31.149499013721798, 39.485614991703734 ], [ -31.149762446795744, 39.485515572769017 ], [ -31.149802787842233, 39.485502610245035 ], [ -31.149839523589051, 39.485489680419491 ], [ -31.149934411362054, 39.485419112216483 ], [ -31.149969296884418, 39.485392638358277 ], [ -31.150005457694558, 39.485370689633505 ], [ -31.150045560654132, 39.485362318179391 ], [ -31.150297883205194, 39.485357412191604 ], [ -31.150348910300689, 39.48535362921556 ], [ -31.150491084324905, 39.485306337213132 ], [ -31.150528634114416, 39.485289005368678 ], [ -31.150554564052435, 39.485271398537826 ], [ -31.15056829922548, 39.485244497885205 ], [ -31.150574725478887, 39.485195046800158 ], [ -31.150567220531482, 39.485122850724657 ], [ -31.150562820278644, 39.485095841722867 ], [ -31.150551794650237, 39.485073142960132 ], [ -31.15038458107432, 39.484858757225787 ], [ -31.150281353478629, 39.484721970984914 ], [ -31.150144492002664, 39.48448545445018 ], [ -31.150025185771746, 39.484240296643762 ], [ -31.149942729107604, 39.483982300753013 ], [ -31.14992346475865, 39.483941451410253 ], [ -31.14974067485139, 39.483735826533668 ], [ -31.149571139294121, 39.483525908417107 ], [ -31.149431877039149, 39.48340647708531 ], [ -31.149196879543066, 39.483244978594783 ], [ -31.148923742711819, 39.483105577635392 ], [ -31.148685234849488, 39.482975646256712 ], [ -31.148462453087689, 39.482800827199519 ], [ -31.14842261289672, 39.482768659567981 ], [ -31.148394511606984, 39.482732263257709 ], [ -31.148377223352153, 39.482695859888715 ], [ -31.148373757037813, 39.482664360829347 ], [ -31.148380404051377, 39.4826329327678 ], [ -31.148486257956161, 39.482503888144564 ], [ -31.148564168687045, 39.482442061195442 ], [ -31.148604166742345, 39.482415669156651 ], [ -31.148647531857204, 39.482393835578776 ], [ -31.148737141817691, 39.482386252128187 ], [ -31.148783745758987, 39.482382579573638 ], [ -31.148826988182918, 39.4823697536726 ], [ -31.148865358250141, 39.482347750368923 ], [ -31.148893737617762, 39.482316668354386 ], [ -31.148901214657922, 39.482258314478123 ], [ -31.148849933002975, 39.482135868705896 ], [ -31.148735273294811, 39.48190871284644 ], [ -31.14861445971313, 39.481668124505198 ], [ -31.148573050054701, 39.481559260287646 ], [ -31.148530105208785, 39.481315406303956 ], [ -31.148524553799312, 39.481279189889136 ], [ -31.148523995236335, 39.481247647043716 ], [ -31.148516812400572, 39.481215998689464 ], [ -31.148499399386591, 39.481188693142144 ], [ -31.148329976848146, 39.480996793505533 ], [ -31.148172768325864, 39.480787158896639 ], [ -31.148153841545064, 39.480764333131461 ], [ -31.148147239117552, 39.480737109653944 ], [ -31.148177404262789, 39.480643078448814 ], [ -31.148210104909985, 39.480584947133217 ], [ -31.148403966168544, 39.480403336354662 ], [ -31.14842641239467, 39.48037675488181 ], [ -31.148450849127688, 39.480169921893228 ], [ -31.148450296170161, 39.480133785085016 ], [ -31.148423072906038, 39.480011721401986 ], [ -31.14836152557136, 39.479781086455354 ], [ -31.148315321080862, 39.479550604872799 ], [ -31.148251448528502, 39.479328762326524 ], [ -31.148233378389428, 39.479242973300885 ], [ -31.148171492508297, 39.479003232142652 ], [ -31.14816164360229, 39.478962532485426 ], [ -31.14814775900226, 39.478718961029415 ], [ -31.148101692239138, 39.478457038565828 ], [ -31.148095710179465, 39.478213592980993 ], [ -31.148094910499086, 39.478191146079595 ], [ -31.14800140945027, 39.477964326499773 ], [ -31.147991916733272, 39.477910208039511 ], [ -31.147991938574101, 39.47788308917891 ], [ -31.148026163374965, 39.477798133246203 ], [ -31.148039897927209, 39.477771232847864 ], [ -31.148042005890968, 39.477748742170348 ], [ -31.148035401381406, 39.477721607839193 ], [ -31.148001152826509, 39.477671599832505 ], [ -31.147986529042438, 39.477648752492755 ], [ -31.147979805087274, 39.477626122008346 ], [ -31.147984238102115, 39.477599253618763 ], [ -31.14800169217451, 39.477567997727448 ], [ -31.14802855593377, 39.477541396595527 ], [ -31.148141679155945, 39.477471121118356 ], [ -31.148393244787037, 39.477353406383877 ], [ -31.148430910159561, 39.477331571255291 ], [ -31.148453515652662, 39.477246340014133 ], [ -31.1484525260501, 39.477007478764634 ], [ -31.148435033159206, 39.476930618545097 ], [ -31.148426220606478, 39.476903449062753 ], [ -31.148421640523122, 39.476804360346542 ], [ -31.148392790622658, 39.476686686351776 ], [ -31.14838130854967, 39.476654969491712 ], [ -31.148360536303713, 39.476614094946584 ], [ -31.148337792093503, 39.476402097370141 ], [ -31.148320399602518, 39.476347762092388 ], [ -31.148306709652811, 39.476316010956111 ], [ -31.148293358705089, 39.476297778876734 ], [ -31.148277222013661, 39.476274997568133 ], [ -31.148258415767422, 39.476247669780918 ], [ -31.148242859300563, 39.476229312466273 ], [ -31.14822486977469, 39.476197491929334 ], [ -31.148211877136987, 39.476165751889603 ], [ -31.148203045235128, 39.476003437382367 ], [ -31.148203184005645, 39.475971905619474 ], [ -31.148216593684403, 39.475904637428691 ], [ -31.148222542766867, 39.475873198221201 ], [ -31.14824815323334, 39.475810539134578 ], [ -31.148375326479112, 39.475591736926802 ], [ -31.14840236729005, 39.475475132436053 ], [ -31.148408896453063, 39.475448117212274 ], [ -31.148423441389131, 39.475421320659947 ], [ -31.148440534059791, 39.475403663588907 ], [ -31.148460650455711, 39.475385964578521 ], [ -31.148475075972353, 39.475363670070116 ], [ -31.148613490799963, 39.475185590309785 ], [ -31.148638840323002, 39.475159054999288 ], [ -31.148653387519179, 39.475132167453772 ], [ -31.148664208171674, 39.475109905606864 ], [ -31.148668407489055, 39.475087449113794 ], [ -31.148668429023171, 39.475060330234342 ], [ -31.148660308237297, 39.47503776673117 ], [ -31.148625132411631, 39.474992068787003 ], [ -31.148555686595028, 39.474927895712511 ], [ -31.148534895524826, 39.47491405001665 ], [ -31.148508071392143, 39.474886594566733 ], [ -31.148491936357495, 39.47470154935916 ], [ -31.148491139723099, 39.474674598542698 ], [ -31.148477211203836, 39.47465185242838 ], [ -31.148267252225743, 39.474459216890281 ], [ -31.148075990781528, 39.474276069645576 ], [ -31.147914484059342, 39.474088800292975 ], [ -31.147900554990926, 39.474070468858457 ], [ -31.147877909140263, 39.474047673883426 ], [ -31.147818318652057, 39.474019606128422 ], [ -31.147512169500651, 39.473947247877661 ], [ -31.147199642354035, 39.473865597267725 ], [ -31.146931180575692, 39.473744285659087 ], [ -31.146893895084276, 39.473725581790788 ], [ -31.14686287556108, 39.473716077602532 ], [ -31.146698959885978, 39.473650398341618 ], [ -31.146472348424208, 39.473511642455108 ], [ -31.146445861863825, 39.473497796575423 ], [ -31.146249023703401, 39.473327980997531 ], [ -31.146089329685918, 39.473212814806857 ], [ -31.145818089326266, 39.473086861383877 ], [ -31.145517444258676, 39.472969447063377 ], [ -31.145243642845216, 39.472856875018081 ], [ -31.145211349116973, 39.472842846109216 ], [ -31.145183113253083, 39.47283798084068 ], [ -31.145110942095645, 39.472850343859399 ], [ -31.14508234975149, 39.472858898244262 ], [ -31.145049796327338, 39.472880903077794 ], [ -31.145033042832587, 39.472907664871954 ], [ -31.145030236925052, 39.472930143467522 ], [ -31.145021337207233, 39.473020098534342 ], [ -31.144966992389417, 39.473122842086852 ], [ -31.144895595551631, 39.473189185471952 ], [ -31.144870363661553, 39.473206892332172 ], [ -31.144840834661924, 39.473224441415731 ], [ -31.144665769357339, 39.473307239737458 ], [ -31.144633457282488, 39.473320148498125 ], [ -31.144600566274384, 39.47332421939786 ], [ -31.144427534680386, 39.473330468208722 ], [ -31.144391860691201, 39.473329898775958 ], [ -31.144334354584213, 39.473310962320831 ], [ -31.144307754757101, 39.473297023150849 ], [ -31.144284295835593, 39.473278630161438 ], [ -31.144265952222732, 39.473260227826913 ], [ -31.144247032160436, 39.473232896677771 ], [ -31.144227197445577, 39.473183117655658 ], [ -31.144229426112659, 39.473156124113238 ], [ -31.144224453728963, 39.473124511663045 ], [ -31.144212043396401, 39.473097194330123 ], [ -31.144176644700693, 39.473038157130695 ], [ -31.144148312419663, 39.4730106757073 ], [ -31.14411393310257, 39.472992018249222 ], [ -31.144091172726792, 39.472973635472172 ], [ -31.144076548772009, 39.472950877735137 ], [ -31.144033138259655, 39.472887117633036 ], [ -31.143860740268263, 39.47267714456013 ], [ -31.143745105777661, 39.472544660142901 ], [ -31.143731535941519, 39.472508494730761 ], [ -31.143686273813696, 39.472435695225606 ], [ -31.14365294999703, 39.472403630023308 ], [ -31.143577608607675, 39.472312240638573 ], [ -31.143504516119247, 39.472162505116962 ], [ -31.14349397358329, 39.472121793070947 ], [ -31.143478317120589, 39.472085415012124 ], [ -31.143458820192759, 39.472053569668113 ], [ -31.143431305480537, 39.472021597174766 ], [ -31.143397978441541, 39.471989621044294 ], [ -31.14336093428631, 39.47196191109888 ], [ -31.143148163946609, 39.471823369838546 ], [ -31.143098444802824, 39.471804556257716 ], [ -31.142955781594566, 39.471761825590576 ], [ -31.142910934647691, 39.471756514224701 ], [ -31.142864338744378, 39.471755770753276 ], [ -31.142609851757715, 39.471765221340924 ], [ -31.142471567531913, 39.471772022436753 ], [ -31.142406380949659, 39.471766566969848 ], [ -31.142111293830379, 39.471689776387379 ], [ -31.141951351578491, 39.47161054932122 ], [ -31.141941958768331, 39.471583460171708 ], [ -31.141853098888607, 39.471397342688427 ], [ -31.1416867617904, 39.471178454489213 ], [ -31.141530009517069, 39.471036209893207 ], [ -31.141491333807117, 39.471013068224416 ], [ -31.141267745461885, 39.470896874869133 ], [ -31.141244985356913, 39.470878491543665 ], [ -31.141227457816225, 39.470855687025228 ], [ -31.141227599635599, 39.47082415531834 ], [ -31.14123540074813, 39.470801846782486 ], [ -31.141246225410676, 39.470779495591778 ], [ -31.141277314697454, 39.470703320068814 ], [ -31.141264326197525, 39.470671578422085 ], [ -31.141247495859229, 39.470648785954772 ], [ -31.141221830907597, 39.47063035617893 ], [ -31.141188028480403, 39.470616302037612 ], [ -31.141154222426671, 39.470606751781204 ], [ -31.140965810561333, 39.470531663094235 ], [ -31.140940960363803, 39.470508832430468 ], [ -31.140817533768551, 39.470398653785068 ], [ -31.140787333661887, 39.47038465623806 ], [ -31.140754224959064, 39.470375117018897 ], [ -31.140459049275144, 39.470271382741672 ], [ -31.140367627237104, 39.47024280201942 ], [ -31.140335790709855, 39.47023787798274 ], [ -31.140191147069551, 39.470212950584752 ], [ -31.14011086648928, 39.470198152560471 ], [ -31.140071134754724, 39.470188508087944 ], [ -31.140017238306157, 39.470165121511926 ], [ -31.139993781569107, 39.470146727698683 ], [ -31.139948382472419, 39.470105457633139 ], [ -31.139889874466121, 39.470037039676932 ], [ -31.139865723027516, 39.470018544625283 ], [ -31.139839122962645, 39.470004694534495 ], [ -31.13968081529951, 39.46992107576925 ], [ -31.139551363395142, 39.46979287005513 ], [ -31.139564519840622, 39.469761547531562 ], [ -31.139586153450086, 39.469739279377727 ], [ -31.139619501619709, 39.469739812151545 ], [ -31.139649123987418, 39.469749295900812 ], [ -31.139940812994809, 39.469844147819053 ], [ -31.140003783684584, 39.469854164153247 ], [ -31.140034586788261, 39.46984114242823 ], [ -31.14003460919589, 39.469814113665073 ], [ -31.140014757059269, 39.469795686529338 ], [ -31.139959946296063, 39.469754266785635 ], [ -31.139817676532004, 39.469666490056312 ], [ -31.139743034094412, 39.469579704341406 ], [ -31.139748870105585, 39.469548264653923 ], [ -31.139762028835822, 39.469516851144292 ], [ -31.139812511405591, 39.469450176232584 ], [ -31.139829965559599, 39.469423336300402 ], [ -31.139842881947299, 39.469401018707487 ], [ -31.139884529792056, 39.469338707251062 ], [ -31.139978803309955, 39.469155427441159 ], [ -31.139981848126645, 39.469124032276277 ], [ -31.139965501482088, 39.468943488271954 ], [ -31.139876095237813, 39.468725826544606 ], [ -31.139844208028688, 39.468644319944303 ], [ -31.139810909074317, 39.468585224919956 ], [ -31.139685783577772, 39.468425554593182 ], [ -31.13968162686551, 39.468393954996316 ], [ -31.139670036205409, 39.468362145440388 ], [ -31.139657649716359, 39.468307889873671 ], [ -31.13967149683878, 39.468281172431467 ], [ -31.139730506697301, 39.468164900398229 ], [ -31.139725536648832, 39.468133286885767 ], [ -31.139712426926636, 39.468106138974903 ], [ -31.139694902954865, 39.468083244184619 ], [ -31.139489855634626, 39.467899861420861 ], [ -31.139249832955699, 39.46772033414846 ], [ -31.138980861923905, 39.467562866348352 ], [ -31.138938347038618, 39.46754867208908 ], [ -31.138666069167481, 39.467458633350375 ], [ -31.138445611368528, 39.467365098213662 ], [ -31.138417863114455, 39.46734204041357 ], [ -31.138392561354124, 39.467310101270364 ], [ -31.138270129071859, 39.467132454039167 ], [ -31.138199547776608, 39.467054832176601 ], [ -31.138192130779291, 39.467032189120637 ], [ -31.138203894153584, 39.467000843527558 ], [ -31.13823771966004, 39.466987780572516 ], [ -31.138265496983124, 39.466979215701841 ], [ -31.1383123564814, 39.46693942242338 ], [ -31.138326926388935, 39.466885597486439 ], [ -31.138320564170513, 39.466849547762493 ], [ -31.138244445526979, 39.466595968616538 ], [ -31.13816841933, 39.46636942092713 ], [ -31.138107420060027, 39.466233299249062 ], [ -31.13807618571602, 39.466205860874744 ], [ -31.137992120784531, 39.46614135730217 ], [ -31.13798040492884, 39.466118645377598 ], [ -31.137979610865965, 39.4660961092844 ], [ -31.137990439626623, 39.466069253593723 ], [ -31.138023278278673, 39.465984187302951 ], [ -31.138040517839404, 39.465934910007476 ], [ -31.138055062201538, 39.465908203916449 ], [ -31.138065313807321, 39.465876834118447 ], [ -31.138059647479302, 39.46584521027998 ], [ -31.138046783715293, 39.46580887531303 ], [ -31.137999250276337, 39.465686484708407 ], [ -31.13795090486218, 39.465564080177003 ], [ -31.137863427585842, 39.465409605840222 ], [ -31.137831498991474, 39.465382065281865 ], [ -31.137684274107404, 39.465262583412915 ], [ -31.137452139746085, 39.465114711909862 ], [ -31.137417886204148, 39.465091548749015 ], [ -31.137383747938749, 39.465064063664663 ], [ -31.137312908495382, 39.465022385873993 ], [ -31.137277601557102, 39.465008215505492 ], [ -31.137211634303153, 39.464975625429943 ], [ -31.137184699483214, 39.464952669567126 ], [ -31.137166479060266, 39.464925439476723 ], [ -31.137161032373179, 39.464911747537286 ], [ -31.137156278008835, 39.464898246885348 ], [ -31.137132390284922, 39.464843806747659 ], [ -31.137111840769521, 39.464825458040742 ], [ -31.137094199857628, 39.464802651082614 ], [ -31.137093528603657, 39.464775521095262 ], [ -31.137105174673536, 39.464744174624684 ], [ -31.137123559608618, 39.464712935234971 ], [ -31.137149846752035, 39.464677407706269 ], [ -31.1371938251853, 39.464610539557725 ], [ -31.137205471204144, 39.464579192173929 ], [ -31.137197597823445, 39.46454753202584 ], [ -31.137181126603444, 39.464515735011723 ], [ -31.137155831539001, 39.464479200751661 ], [ -31.137125534140015, 39.464447182183413 ], [ -31.136992189534354, 39.464269357830986 ], [ -31.136984316280323, 39.464237697669965 ], [ -31.136947278862554, 39.464074931121971 ], [ -31.136840409179996, 39.463780495598094 ], [ -31.136820104170862, 39.463748637090326 ], [ -31.13664390895191, 39.463547602205217 ], [ -31.136438554755745, 39.463346009552119 ], [ -31.136211781757844, 39.463189211823668 ], [ -31.136151385628249, 39.463165720180406 ], [ -31.135874584510216, 39.463084792385352 ], [ -31.135588232574086, 39.463035064567677 ], [ -31.135554771520763, 39.463034527949375 ], [ -31.135521304056379, 39.463038586171855 ], [ -31.135396505675534, 39.463059019730565 ], [ -31.135368486797329, 39.463076679864415 ], [ -31.135341870944611, 39.463089677444408 ], [ -31.135320937666702, 39.463111865971676 ], [ -31.135305927373597, 39.463134239593366 ], [ -31.13526624937586, 39.463201085916438 ], [ -31.135151543916308, 39.463361510917082 ], [ -31.135117742230801, 39.463351958996384 ], [ -31.135060948077786, 39.463328524567849 ], [ -31.135042036620199, 39.463301101966557 ], [ -31.135017793180346, 39.463255755499652 ], [ -31.134969545314522, 39.46316038043387 ], [ -31.134950513706823, 39.463137460745841 ], [ -31.134786710129209, 39.462986265379925 ], [ -31.134656776814566, 39.462903004978187 ], [ -31.134627274226737, 39.462893521895069 ], [ -31.134550818713162, 39.462896890978676 ], [ -31.134551391492074, 39.462905909880817 ], [ -31.134542316932631, 39.46291927883837 ], [ -31.1345503116316, 39.462946345256633 ], [ -31.134564686393087, 39.462978199998268 ], [ -31.134584539997526, 39.462996447888315 ], [ -31.134608924073724, 39.463010442905848 ], [ -31.134634588566186, 39.463024369266662 ], [ -31.134664904498713, 39.463033865398188 ], [ -31.134746427622904, 39.463080130959234 ], [ -31.134762556969484, 39.463102913118135 ], [ -31.134772057335081, 39.463130184773405 ], [ -31.13477412149955, 39.463161661783239 ], [ -31.134784125755438, 39.463274532877065 ], [ -31.134805559098144, 39.463342448681878 ], [ -31.134825384489641, 39.463392230066951 ], [ -31.134852534115272, 39.463433208439035 ], [ -31.134867725968302, 39.463464986154378 ], [ -31.134887550700757, 39.463510441955741 ], [ -31.13490958775898, 39.463555753952392 ], [ -31.134928781880362, 39.463655257894352 ], [ -31.134891814734811, 39.46367718911236 ], [ -31.134848825711639, 39.463680914188799 ], [ -31.134714034569555, 39.463696771925477 ], [ -31.13468217948957, 39.463718785096646 ], [ -31.134656946929127, 39.463740905418632 ], [ -31.134602767944809, 39.463780579797735 ], [ -31.134557804200135, 39.463779858322361 ], [ -31.134524576849714, 39.463774910396637 ], [ -31.134493565889031, 39.463765313878369 ], [ -31.134440493660595, 39.463737433114566 ], [ -31.134422272947674, 39.463714617352579 ], [ -31.134411952866049, 39.463691927469668 ], [ -31.134411041386009, 39.463669478664634 ], [ -31.134424315061391, 39.463638157682801 ], [ -31.134438626231237, 39.463615863058116 ], [ -31.134463158761776, 39.463598237306293 ], [ -31.134503395475669, 39.463558339268985 ], [ -31.134517945452565, 39.463531453513568 ], [ -31.13451936168704, 39.463504538105262 ], [ -31.134484172289369, 39.463490368780647 ], [ -31.134451065345147, 39.463480917911632 ], [ -31.134411794832094, 39.463480288640135 ], [ -31.134338604852775, 39.463474519175534 ], [ -31.134305502000938, 39.463460564376653 ], [ -31.134061588815623, 39.463375565102012 ], [ -31.134046735998918, 39.463357217193689 ], [ -31.134036413683077, 39.463334617338788 ], [ -31.134029811685753, 39.463311987098464 ], [ -31.134023813523626, 39.463266753077527 ], [ -31.134026683938227, 39.463050566997083 ], [ -31.134010554847169, 39.463027784741854 ], [ -31.133986979390869, 39.463013981871804 ], [ -31.133953304852646, 39.462995331847281 ], [ -31.133929854961874, 39.462972522171476 ], [ -31.13392407283348, 39.462945310131857 ], [ -31.133908060007396, 39.462922528827697 ], [ -31.133886698595944, 39.462904167424504 ], [ -31.133860221015357, 39.462890227848128 ], [ -31.133829905262136, 39.462880731510566 ], [ -31.133761366731079, 39.462866207736724 ], [ -31.133736717555017, 39.462888246228644 ], [ -31.133741684602448, 39.462919859951072 ], [ -31.133742593460713, 39.462942398817241 ], [ -31.133739848758896, 39.463019026492319 ], [ -31.133729023022251, 39.46304137698376 ], [ -31.133682018615993, 39.463112700096751 ], [ -31.133649130224704, 39.46312118183269 ], [ -31.133615785351346, 39.463120646520707 ], [ -31.133586166616286, 39.463111162210204 ], [ -31.133556784416964, 39.463097175933605 ], [ -31.133543678689854, 39.463074351155129 ], [ -31.133536381475675, 39.463047295868861 ], [ -31.133532568082472, 39.463024710370682 ], [ -31.133515766905138, 39.462974887226075 ], [ -31.133495918381946, 39.462956459943832 ], [ -31.133421048906765, 39.462878766354144 ], [ -31.133410038714533, 39.462851470350344 ], [ -31.133404131656896, 39.462828941329533 ], [ -31.13340195141414, 39.46280178799681 ], [ -31.133406968031846, 39.462779344266195 ], [ -31.133415583931342, 39.462757048421167 ], [ -31.133424232391452, 39.46270312901413 ], [ -31.133425659506425, 39.462540978035932 ], [ -31.133428591344931, 39.462513905878502 ], [ -31.133438844430312, 39.462482537409315 ], [ -31.133431547333863, 39.462455481215692 ], [ -31.133411938406443, 39.462428137250953 ], [ -31.133384307535891, 39.462405170240437 ], [ -31.133331239189221, 39.462377198940516 ], [ -31.133301614250783, 39.462372309412046 ], [ -31.133269546008968, 39.462376209260043 ], [ -31.133234809049927, 39.462371236730569 ], [ -31.13320600396483, 39.462361765389765 ], [ -31.133176744902112, 39.46234318604315 ], [ -31.133139923241792, 39.462333585057564 ], [ -31.133110182154176, 39.462328693615362 ], [ -31.133045919930357, 39.462345590985514 ], [ -31.133015697465865, 39.462358710309154 ], [ -31.132991282374661, 39.462376337645175 ], [ -31.132968139950929, 39.462398490269507 ], [ -31.132950233489513, 39.462416132024266 ], [ -31.132937195952991, 39.462442951777327 ], [ -31.132901834548896, 39.462487432429853 ], [ -31.1328361283846, 39.462553949995616 ], [ -31.132803816875839, 39.46256694651526 ], [ -31.132767204190998, 39.462579963139994 ], [ -31.132729780617236, 39.462592876631867 ], [ -31.132668999970075, 39.462609920707621 ], [ -31.132643767227837, 39.462632039690348 ], [ -31.132621325278329, 39.462654113397306 ], [ -31.132485826328605, 39.462805192032867 ], [ -31.132456539644529, 39.462813731287973 ], [ -31.132405744551836, 39.462839854341134 ], [ -31.13239131432011, 39.462862236898651 ], [ -31.13237395903618, 39.462911421398033 ], [ -31.132383578832243, 39.462934190306079 ], [ -31.132400403304565, 39.462956983954193 ], [ -31.132418139763665, 39.463002227327046 ], [ -31.132377931696009, 39.463010591117104 ], [ -31.132349460005244, 39.463014728679255 ], [ -31.132328525821244, 39.463036916645756 ], [ -31.13233791385229, 39.463064006494179 ], [ -31.13236311736695, 39.463073421093355 ], [ -31.13238517311342, 39.463091884024841 ], [ -31.132363421415452, 39.463118563718773 ], [ -31.132332746972789, 39.463122486596582 ], [ -31.132199832294777, 39.463120352148678 ], [ -31.132167754617257, 39.463128936585825 ], [ -31.132146009460097, 39.463151021391823 ], [ -31.132163525512738, 39.463178422037011 ], [ -31.132186283134793, 39.463196716989266 ], [ -31.132203229170223, 39.463215007763743 ], [ -31.132173819463524, 39.463228139920311 ], [ -31.132141630341081, 39.463236543265985 ], [ -31.132109918070924, 39.463227114140381 ], [ -31.132077517751256, 39.463212988902725 ], [ -31.13201515641456, 39.463180453835449 ], [ -31.131988220425317, 39.463157587758964 ], [ -31.131967097255043, 39.463134724079566 ], [ -31.131927187417787, 39.463075430494442 ], [ -31.131914897354683, 39.463048203885513 ], [ -31.131875796079154, 39.462989103469269 ], [ -31.131847570047231, 39.462984054952926 ], [ -31.131809354021435, 39.462974432039971 ], [ -31.131769721327871, 39.462987399816392 ], [ -31.131744607441142, 39.463005015654993 ], [ -31.131524181963069, 39.463150134285492 ], [ -31.131441380107127, 39.463234305596679 ], [ -31.131314116152026, 39.463398939645892 ], [ -31.131285403315523, 39.463412082776578 ], [ -31.131199054850796, 39.463437634702153 ], [ -31.131093765845037, 39.463462971278304 ], [ -31.131032499722945, 39.463498116193385 ], [ -31.131010867870586, 39.46352029270053 ], [ -31.130992022546558, 39.463546928757758 ], [ -31.130976774117304, 39.463573802832137 ], [ -31.130926434059859, 39.463608942249067 ], [ -31.130895997934939, 39.463603948065632 ], [ -31.130867889821221, 39.463594486449828 ], [ -31.130724345794171, 39.463529112365734 ], [ -31.130640982524266, 39.463469209755438 ], [ -31.130612874476952, 39.463459748980455 ], [ -31.130579862659285, 39.463472822808441 ], [ -31.130564618911414, 39.463499516709057 ], [ -31.130561200771606, 39.46354901513066 ], [ -31.130591735744197, 39.463572029503112 ], [ -31.130622507408038, 39.463590543721253 ], [ -31.130652823020398, 39.463600039990688 ], [ -31.130705077861581, 39.463627999427594 ], [ -31.130695761466544, 39.463650373894787 ], [ -31.130663182136249, 39.463699403428301 ], [ -31.130623857807517, 39.463757243202444 ], [ -31.130559993092138, 39.463837303610916 ], [ -31.130341379998828, 39.464023082855313 ], [ -31.130324741805939, 39.464049754294763 ], [ -31.130272042098724, 39.464116569634847 ], [ -31.130240428955339, 39.464129485662667 ], [ -31.130084160816896, 39.464244099348612 ], [ -31.129888664281815, 39.464434663379642 ], [ -31.129857859406069, 39.46444777249706 ], [ -31.129819980718349, 39.464451578814021 ], [ -31.129817102342216, 39.464424503396522 ], [ -31.129834560913586, 39.464393250281276 ], [ -31.129854132703333, 39.464339506895548 ], [ -31.129831736213735, 39.464312118399995 ], [ -31.129816305378878, 39.464289345906685 ], [ -31.129819115736964, 39.464266866854253 ], [ -31.129839478910981, 39.464235660462776 ], [ -31.129905544401147, 39.464160230815821 ], [ -31.12991846528838, 39.4641378243007 ], [ -31.12997551972752, 39.464012607085316 ], [ -31.129969857220846, 39.46398098203295 ], [ -31.12997377870634, 39.463890948057397 ], [ -31.130002212801728, 39.463801399369359 ], [ -31.129982485579752, 39.463778467691739 ], [ -31.12995718217319, 39.463751122557433 ], [ -31.129763439356189, 39.463576734144347 ], [ -31.129731150739651, 39.463562790246421 ], [ -31.129694328959843, 39.463553188167083 ], [ -31.129659473530602, 39.463552628317515 ], [ -31.129630186212033, 39.463561166843682 ], [ -31.129602865243942, 39.463578746703675 ], [ -31.129554609034894, 39.463618513996501 ], [ -31.129537157354697, 39.463645172235047 ], [ -31.129522605459375, 39.463672057320224 ], [ -31.129451871467513, 39.463765521147359 ], [ -31.12942361890213, 39.463787500729893 ], [ -31.129391183237626, 39.463805088339328 ], [ -31.12935678161751, 39.463817960160384 ], [ -31.129320174490129, 39.463826380825942 ], [ -31.129280206811281, 39.463825737699267 ], [ -31.12900681107309, 39.463834855333467 ], [ -31.128976462185726, 39.46385698126219 ], [ -31.128961914854685, 39.463883686153615 ], [ -31.128925276598551, 39.463923640158463 ], [ -31.128896565528617, 39.463936692623832 ], [ -31.128777417815726, 39.463993338899613 ], [ -31.128760898133727, 39.464011182508116 ], [ -31.128747040939018, 39.464042493428494 ], [ -31.128748408502183, 39.464069543651831 ], [ -31.128741994024313, 39.464096379419523 ], [ -31.128720122035045, 39.4641231465747 ], [ -31.128695705260728, 39.464140772962757 ], [ -31.128640251481766, 39.464175829962059 ], [ -31.128553748959344, 39.464233090679201 ], [ -31.128479805709716, 39.464281453713191 ], [ -31.128448312807691, 39.464289867234712 ], [ -31.128351853791735, 39.464310928699518 ], [ -31.128319902657562, 39.464310415202512 ], [ -31.12828970329198, 39.464300919295844 ], [ -31.128257993519242, 39.464291399063562 ], [ -31.128045129374968, 39.464184362832796 ], [ -31.128059565760793, 39.464157476080132 ], [ -31.128121218008715, 39.464081976399903 ], [ -31.128154351223017, 39.464064400380614 ], [ -31.128183638920806, 39.464055862236378 ], [ -31.128227326731935, 39.464052149981384 ], [ -31.128253135747077, 39.464038960862354 ], [ -31.128250952689495, 39.464011986700946 ], [ -31.128224598929393, 39.463993453793364 ], [ -31.12818732253896, 39.463974834213737 ], [ -31.128141212490071, 39.463956163388438 ], [ -31.128047931603199, 39.463941057669288 ], [ -31.127950320086892, 39.463953091444608 ], [ -31.127881185370903, 39.463956483013057 ], [ -31.127850510353401, 39.463960404692578 ], [ -31.127828874951117, 39.463982670636469 ], [ -31.127845002199596, 39.464005453703244 ], [ -31.127880072150653, 39.464024037860881 ], [ -31.127892935139439, 39.464060192813029 ], [ -31.127867128441075, 39.464073292692646 ], [ -31.127831334315676, 39.464081725978403 ], [ -31.127785557252956, 39.464080988782896 ], [ -31.127668792974234, 39.464074694471464 ], [ -31.127637420782293, 39.464078604865996 ], [ -31.127606041675715, 39.464087109188135 ], [ -31.127578724529148, 39.464100183775194 ], [ -31.127522930463545, 39.464121899495538 ], [ -31.127493884068038, 39.464121432557135 ], [ -31.12746507912961, 39.464111958896979 ], [ -31.127441415941803, 39.464075449744904 ], [ -31.127481053307342, 39.464058067878462 ], [ -31.127527889594781, 39.464045307699962 ], [ -31.127640167458555, 39.464002156724504 ], [ -31.127764423701407, 39.463950098744178 ], [ -31.127778857728032, 39.463923302084936 ], [ -31.127773197363801, 39.463891677868268 ], [ -31.127776249746542, 39.463860193063169 ], [ -31.1277898659446, 39.463837888083155 ], [ -31.127792221206644, 39.463806392050749 ], [ -31.127768769857624, 39.463787995878548 ], [ -31.127738454610849, 39.463778497963936 ], [ -31.127740691610146, 39.463751414782543 ], [ -31.127755123187743, 39.463724708182802 ], [ -31.127781863738281, 39.463707119414693 ], [ -31.127823469329215, 39.463698689632409 ], [ -31.127987332505054, 39.463656368123651 ], [ -31.128046151351757, 39.463630196027623 ], [ -31.128134949944254, 39.463595677104372 ], [ -31.128367708112229, 39.46355887907967 ], [ -31.128478206579064, 39.463556062110115 ], [ -31.128639743325028, 39.463518116978278 ], [ -31.128660797028751, 39.463491516856962 ], [ -31.128672323963929, 39.463469088042331 ], [ -31.128668659451357, 39.463414971728426 ], [ -31.128627416035552, 39.46340989308861 ], [ -31.128594526921486, 39.463418374276429 ], [ -31.12856872061467, 39.463431473421402 ], [ -31.128539073705827, 39.463453430343463 ], [ -31.128481408103461, 39.463488630962118 ], [ -31.128450849528594, 39.463492553775865 ], [ -31.128413665996554, 39.463496460926116 ], [ -31.128373001420112, 39.463495806269577 ], [ -31.12821488198415, 39.463484342773825 ], [ -31.128178632429208, 39.463483759133155 ], [ -31.128145866337622, 39.46348764632377 ], [ -31.12811518914992, 39.463491657236325 ], [ -31.127959003278846, 39.463520768193682 ], [ -31.127932412935333, 39.463506735361818 ], [ -31.127874586642871, 39.463469856358159 ], [ -31.127876941847774, 39.463438360320936 ], [ -31.12789521430215, 39.463407120603513 ], [ -31.127919631007977, 39.46338949438023 ], [ -31.127954151235699, 39.463376535698238 ], [ -31.127985646165136, 39.463368033143361 ], [ -31.128015512452208, 39.463363918209303 ], [ -31.128083618873667, 39.463342490590129 ], [ -31.128098045743375, 39.46332028872083 ], [ -31.128073205934832, 39.463297364499944 ], [ -31.128039412210629, 39.463283216606854 ], [ -31.127989028752179, 39.46324186165365 ], [ -31.128025640206388, 39.463228936623167 ], [ -31.128062124070379, 39.463225109328164 ], [ -31.128162757402947, 39.463208709348251 ], [ -31.128194831084855, 39.463204630809344 ], [ -31.128224024625563, 39.463173566873166 ], [ -31.128194645595944, 39.463155164544084 ], [ -31.128164446717932, 39.463145669515974 ], [ -31.128171556348722, 39.463123259725151 ], [ -31.128191797161115, 39.463100971257788 ], [ -31.12821899764063, 39.463087893741246 ], [ -31.128252121046255, 39.463075002576197 ], [ -31.128281531385479, 39.463061871427669 ], [ -31.128299564301603, 39.463035222735684 ], [ -31.12831840842993, 39.463013001856311 ], [ -31.128404211234507, 39.462955820125956 ], [ -31.128434770850721, 39.462951806341074 ], [ -31.128606988574617, 39.462922953697486 ], [ -31.128648343060661, 39.46292821432467 ], [ -31.128718176275669, 39.462924742535975 ], [ -31.128735393672706, 39.462902495403306 ], [ -31.128722164122035, 39.462884353146428 ], [ -31.128694056585349, 39.462874891918268 ], [ -31.128668976713303, 39.462860883567373 ], [ -31.128680502282947, 39.462838544824002 ], [ -31.128740162168452, 39.462780942030406 ], [ -31.128770479164569, 39.462786024955044 ], [ -31.128803126710032, 39.462786549531849 ], [ -31.128821280363287, 39.462759722504835 ], [ -31.128876880112379, 39.46269313468126 ], [ -31.128980564252057, 39.462645250015051 ], [ -31.129033932163036, 39.462605564315531 ], [ -31.129069419065189, 39.462556491930215 ], [ -31.129067932788857, 39.462529529890197 ], [ -31.12904169998021, 39.462506493358688 ], [ -31.129011501279443, 39.462496997653041 ], [ -31.128987087153011, 39.462510210299158 ], [ -31.128971843053403, 39.462536903084981 ], [ -31.128931603842492, 39.462576800053284 ], [ -31.128901503575019, 39.4625853253157 ], [ -31.128865828538668, 39.4625893460897 ], [ -31.128828766153362, 39.462588749573072 ], [ -31.128692375263924, 39.46258196112084 ], [ -31.128659604795004, 39.462586028584091 ], [ -31.128628226479876, 39.462594533203237 ], [ -31.128598005534116, 39.462607561297048 ], [ -31.128569297345727, 39.46262052453816 ], [ -31.128542669139105, 39.462642620156593 ], [ -31.128518826897878, 39.462664850713651 ], [ -31.128499285831388, 39.462687060408697 ], [ -31.128476141911236, 39.462709212101089 ], [ -31.128441865816349, 39.462713075070347 ], [ -31.128401079794198, 39.462717013421823 ], [ -31.12836122892995, 39.462716372765321 ], [ -31.128321384975948, 39.462711136355665 ], [ -31.128210096959076, 39.462691416211136 ], [ -31.12817210297618, 39.462695220142066 ], [ -31.128134099703303, 39.462703708056765 ], [ -31.12783033625292, 39.462761796378203 ], [ -31.127666014578715, 39.462795280792001 ], [ -31.127640447637308, 39.46280378863807 ], [ -31.127608470121494, 39.462830302738595 ], [ -31.127578248892235, 39.462843330559778 ], [ -31.127543965755706, 39.462851788098995 ], [ -31.127510504919638, 39.462851250068866 ], [ -31.127447060904323, 39.462859237896907 ], [ -31.127416980561556, 39.462845329829904 ], [ -31.127446511686951, 39.462827695085174 ], [ -31.127481029300846, 39.462814826596158 ], [ -31.127501030929999, 39.462797129345979 ], [ -31.127512555695489, 39.462774790708139 ], [ -31.127590518378007, 39.462658830124802 ], [ -31.127593115047752, 39.462618329175228 ], [ -31.127560590437586, 39.462608885730198 ], [ -31.127402988047706, 39.462552200753883 ], [ -31.127373725680449, 39.462533800098164 ], [ -31.12734156114881, 39.462515263491376 ], [ -31.127304860993789, 39.462501157766525 ], [ -31.127175484495197, 39.462449522098147 ], [ -31.127165980242911, 39.462426844729052 ], [ -31.127132280595646, 39.462435221451095 ], [ -31.127116454596088, 39.462457580856899 ], [ -31.127103535569074, 39.462479896994509 ], [ -31.127068291234785, 39.462519872875696 ], [ -31.127028447482704, 39.462514636928191 ], [ -31.126991626655453, 39.462505034012963 ], [ -31.126964571891843, 39.462486668821484 ], [ -31.126944722860546, 39.462468330521595 ], [ -31.126910927381775, 39.462454271471046 ], [ -31.126878280051002, 39.462453745466163 ], [ -31.126861759285781, 39.462476003545511 ], [ -31.126883578815324, 39.462498879360886 ], [ -31.126912383012446, 39.462508353149921 ], [ -31.126944786762806, 39.462522298779568 ], [ -31.126996100687546, 39.46255925441703 ], [ -31.127013047600226, 39.46257745585595 ], [ -31.127020919542829, 39.462604611791406 ], [ -31.127008697554441, 39.462626939147256 ], [ -31.126972780927833, 39.462639965150814 ], [ -31.126939436387101, 39.46263942883062 ], [ -31.126910633294518, 39.462629955065836 ], [ -31.126871604948789, 39.46262031654571 ], [ -31.126804467306201, 39.462605631056206 ], [ -31.126762983018139, 39.462609557581466 ], [ -31.126693517176854, 39.462599339366072 ], [ -31.126683320544046, 39.462572145950396 ], [ -31.126666496896544, 39.46254935150121 ], [ -31.126643167048545, 39.462526451308563 ], [ -31.126612156572655, 39.462516941900695 ], [ -31.1265927299767, 39.462539153115721 ], [ -31.126588285116643, 39.462566200698618 ], [ -31.126593492845526, 39.462588718780609 ], [ -31.126626349695933, 39.462611772502079 ], [ -31.126652249352393, 39.462621198650616 ], [ -31.126687436635866, 39.46263537030022 ], [ -31.126730041628264, 39.462672004627116 ], [ -31.126717578019026, 39.462703337761923 ], [ -31.126700814460627, 39.462734601608318 ], [ -31.126689141222421, 39.462788471734562 ], [ -31.126702360811763, 39.462811299104466 ], [ -31.126713257022402, 39.462838412792323 ], [ -31.126706844059814, 39.462860833717158 ], [ -31.12669531660924, 39.462883262326422 ], [ -31.126663003894674, 39.462896256206719 ], [ -31.12663432031615, 39.462882280348282 ], [ -31.126608903654752, 39.462854841670399 ], [ -31.126593590374323, 39.462832070648737 ], [ -31.126542067017787, 39.462772588102126 ], [ -31.126516983938611, 39.462758760333301 ], [ -31.12648830288574, 39.462744693481866 ], [ -31.126455197463528, 39.462735240368247 ], [ -31.12642569611786, 39.462725756131782 ], [ -31.126391178366603, 39.462738624303988 ], [ -31.126358865666802, 39.462751618100278 ], [ -31.126328999586477, 39.462755731712349 ], [ -31.126291481615539, 39.462746118240673 ], [ -31.12626361850155, 39.462727559665076 ], [ -31.126246913330824, 39.462700352311302 ], [ -31.126248216787012, 39.462677758963871 ], [ -31.12625556971188, 39.462646343510848 ], [ -31.126267908124486, 39.462624018112628 ], [ -31.126290384240402, 39.462570412236552 ], [ -31.12626938735082, 39.46253854076722 ], [ -31.126250354211681, 39.462520124501935 ], [ -31.126221003629794, 39.462474693025314 ], [ -31.12622393938798, 39.462447622035185 ], [ -31.126238132088851, 39.462429831377612 ], [ -31.126261275443291, 39.46240768012585 ], [ -31.126290225517316, 39.462385711651976 ], [ -31.12631058747705, 39.462358920613454 ], [ -31.126322809635425, 39.462336593334228 ], [ -31.126347855389579, 39.46226951520228 ], [ -31.126326040707422, 39.462242134513438 ], [ -31.126300959137229, 39.462228215724942 ], [ -31.12617732754309, 39.462127118168965 ], [ -31.126190153648114, 39.462082276376719 ], [ -31.126196687458918, 39.462055353475073 ], [ -31.126187191761439, 39.46202808121609 ], [ -31.126166885163624, 39.462000814901387 ], [ -31.126066527417684, 39.46186405353496 ], [ -31.126060627646719, 39.461841344079545 ], [ -31.126059804319187, 39.461737720107664 ], [ -31.126078409386785, 39.461720090686036 ], [ -31.126110143159742, 39.461706997533994 ], [ -31.12614372879742, 39.461698529171144 ], [ -31.126241355582522, 39.461664153066025 ], [ -31.126269346077081, 39.461673613897737 ], [ -31.126322566348595, 39.461665461032098 ], [ -31.126313759560361, 39.461642794834219 ], [ -31.126294154912816, 39.461615360560579 ], [ -31.12626931271852, 39.461592526015764 ], [ -31.126254698059835, 39.461569766207681 ], [ -31.126241599597538, 39.46154243678609 ], [ -31.126245345008375, 39.461515468036609 ], [ -31.126253756064305, 39.461470555073554 ], [ -31.126265278572475, 39.461448306616958 ], [ -31.126295531612175, 39.461403745676144 ], [ -31.126307756011581, 39.461381328333026 ], [ -31.126339522686237, 39.46133237701892 ], [ -31.126372411032214, 39.461323897350027 ], [ -31.126445387571273, 39.461311468768926 ], [ -31.126467255823162, 39.461284882164314 ], [ -31.126481808345691, 39.461257997467392 ], [ -31.126486952397947, 39.461226546394535 ], [ -31.126476632842859, 39.461203945926165 ], [ -31.126460081054109, 39.461145026906273 ], [ -31.126450033000793, 39.461086301890312 ], [ -31.126437079177961, 39.461027621043172 ], [ -31.126436255277543, 39.460923996146512 ], [ -31.126447903229788, 39.460897064643206 ], [ -31.126473257998558, 39.460870444124261 ], [ -31.126602654494672, 39.460786937089821 ], [ -31.126696803524851, 39.460743494838091 ], [ -31.126712749996305, 39.460716632569451 ], [ -31.126703364444808, 39.460689542315812 ], [ -31.126683757479306, 39.460662198164492 ], [ -31.126655197988928, 39.460643628461554 ], [ -31.126611207068752, 39.460602376822429 ], [ -31.126590783514569, 39.460579523449439 ], [ -31.126579195171068, 39.4605478937372 ], [ -31.126578646322592, 39.460516350919256 ], [ -31.126591109564316, 39.46048501778035 ], [ -31.126603331282436, 39.46046269045484 ], [ -31.126729606311255, 39.460248492212607 ], [ -31.126756801328494, 39.460239920692914 ], [ -31.126784094260632, 39.46024937015919 ], [ -31.126800220348677, 39.460272153356122 ], [ -31.126829023627245, 39.46028162714709 ], [ -31.126865270331354, 39.460282211150385 ], [ -31.126879700488136, 39.460259919375922 ], [ -31.126885536786535, 39.460232984285582 ], [ -31.126867203303011, 39.460210164634319 ], [ -31.126857125483404, 39.460182883944228 ], [ -31.126831044527552, 39.460123900631032 ], [ -31.126794736463378, 39.460069258284484 ], [ -31.12677349401984, 39.460050896602077 ], [ -31.126749110173993, 39.460036990054121 ], [ -31.126715313479053, 39.46002302102827 ], [ -31.126685936414408, 39.460008943013236 ], [ -31.126681662789547, 39.459981936026345 ], [ -31.126694704618625, 39.45995502695235 ], [ -31.126697093319049, 39.45989199748778 ], [ -31.126673643564978, 39.459873600220497 ], [ -31.126642872149031, 39.459855175968357 ], [ -31.126580395641511, 39.459827141007104 ], [ -31.126456835934697, 39.459775507293834 ], [ -31.126438860389147, 39.459743684536861 ], [ -31.126437951475761, 39.459721235717133 ], [ -31.126445184442304, 39.459694233058379 ], [ -31.126456253445959, 39.459662877460737 ], [ -31.126465838372123, 39.459604558919054 ], [ -31.1264621481799, 39.459577470327282 ], [ -31.126454975046769, 39.459550236410962 ], [ -31.126409159989429, 39.459360385211397 ], [ -31.126393854474511, 39.459333020232485 ], [ -31.126369159153846, 39.459283068852088 ], [ -31.126367347340722, 39.459237992012454 ], [ -31.126379682657355, 39.459215756632872 ], [ -31.12643283984352, 39.459153545332335 ], [ -31.126465360306984, 39.459163078213862 ], [ -31.126495892002627, 39.459186094501561 ], [ -31.126517249156777, 39.459204457182089 ], [ -31.126518618225795, 39.459231418272637 ], [ -31.126511267000886, 39.459262833789921 ], [ -31.126509842980305, 39.459289930064685 ], [ -31.126515599313237, 39.459343990979342 ], [ -31.126539285809169, 39.459357886338175 ], [ -31.126569359639298, 39.459371975617181 ], [ -31.12658990360114, 39.459390326081476 ], [ -31.126604635306389, 39.459413086837451 ], [ -31.126619071180514, 39.45938620023248 ], [ -31.126611082344922, 39.459359043277722 ], [ -31.126592984846894, 39.459331812628058 ], [ -31.12656911416655, 39.459272775672694 ], [ -31.126566357940927, 39.459241197278502 ], [ -31.126503747433137, 39.459001522962915 ], [ -31.126468895523605, 39.459000961329004 ], [ -31.126435192862328, 39.459013843572109 ], [ -31.126399761072367, 39.459008857815206 ], [ -31.126371086142026, 39.458990286183109 ], [ -31.126357978658241, 39.45896764167032 ], [ -31.126349992405764, 39.458940393740576 ], [ -31.126342217739538, 39.458931258734779 ], [ -31.126329568241541, 39.458917540310381 ], [ -31.126320069292614, 39.458890358096667 ], [ -31.126322999975976, 39.45886346719999 ], [ -31.126330351235946, 39.45883205169357 ], [ -31.126366861314047, 39.458688484747057 ], [ -31.12634888723192, 39.458656661996905 ], [ -31.126324531512928, 39.45861572578611 ], [ -31.126336876144759, 39.458588805509542 ], [ -31.12635420692353, 39.458566650636932 ], [ -31.126382344487187, 39.458544579824036 ], [ -31.126424216143899, 39.458500115964021 ], [ -31.126393445387126, 39.458481691657724 ], [ -31.126360923100222, 39.45847657258485 ], [ -31.126256848899835, 39.458456876772203 ], [ -31.126202362340294, 39.458455999512289 ], [ -31.126205234584294, 39.458487578886341 ], [ -31.126199275008307, 39.45851910691362 ], [ -31.126187052365719, 39.458541434190025 ], [ -31.12615153583446, 39.458621949132088 ], [ -31.126162433400772, 39.458644649047841 ], [ -31.126185064807302, 39.458667537181448 ], [ -31.126221732977431, 39.458713086619866 ], [ -31.126225303314207, 39.458740262486209 ], [ -31.126234567674317, 39.458771855684354 ], [ -31.12623895239167, 39.458799045576448 ], [ -31.126249120810126, 39.458853266812 ], [ -31.126259439973655, 39.458875867299227 ], [ -31.126293625875931, 39.458957594836399 ], [ -31.12629081708328, 39.458979983742928 ], [ -31.126266406160259, 39.458993104883433 ], [ -31.126235967794923, 39.458992615212608 ], [ -31.12620785977294, 39.458983242580146 ], [ -31.126126594770898, 39.458927785335213 ], [ -31.12610629607078, 39.45889592417997 ], [ -31.126095972325288, 39.458877829360993 ], [ -31.126088680828747, 39.458850682709077 ], [ -31.126016367520283, 39.458673829603896 ], [ -31.125919583769356, 39.458568658768392 ], [ -31.125917980358366, 39.458546109550731 ], [ -31.125914288218812, 39.458523435665171 ], [ -31.12589552646384, 39.458464660218212 ], [ -31.125870114029645, 39.458437132246701 ], [ -31.125845154686701, 39.458418710478746 ], [ -31.125808336174135, 39.458409107237635 ], [ -31.125776146183807, 39.458417598919837 ], [ -31.125758926607812, 39.458439935692454 ], [ -31.125727343056706, 39.458425821867252 ], [ -31.125704591097985, 39.458407435655346 ], [ -31.125684051098389, 39.458384581146142 ], [ -31.125629135727134, 39.458347747966421 ], [ -31.125599034713979, 39.458360687134835 ], [ -31.125587628524666, 39.458378612753371 ], [ -31.125585511955236, 39.458405517658029 ], [ -31.125595706475249, 39.458432710244495 ], [ -31.125612984237868, 39.458464522783871 ], [ -31.125681212367269, 39.458546709237218 ], [ -31.125758963552773, 39.45862913836919 ], [ -31.125772070756334, 39.458651783845227 ], [ -31.12582807645467, 39.458756297445738 ], [ -31.125852218054014, 39.458779210889276 ], [ -31.125882986374378, 39.458797725395826 ], [ -31.126052473977147, 39.45892659153683 ], [ -31.126063943247665, 39.458958309483421 ], [ -31.126066815416408, 39.458989889757888 ], [ -31.126051567435997, 39.45901667310774 ], [ -31.126015506489011, 39.459061140391121 ], [ -31.125991906310759, 39.459074364638575 ], [ -31.125973875808842, 39.459096598271572 ], [ -31.125962355825362, 39.459114431993314 ], [ -31.125923511135685, 39.459154349520354 ], [ -31.125893651388616, 39.459158283843379 ], [ -31.125869962700691, 39.459144477514748 ], [ -31.125860459283743, 39.459121800047505 ], [ -31.125853985718123, 39.45909016171364 ], [ -31.125851110159623, 39.459063087135483 ], [ -31.125848958255965, 39.459008994197347 ], [ -31.125844601411028, 39.458954775617201 ], [ -31.1258314987289, 39.458927626269535 ], [ -31.12576735832873, 39.458827396289855 ], [ -31.125746234915542, 39.458804621582892 ], [ -31.125719883752847, 39.458786088154348 ], [ -31.125690268009023, 39.458776600993779 ], [ -31.125661100664214, 39.458780725714284 ], [ -31.125654569396659, 39.458807559445027 ], [ -31.125669876903089, 39.458834835356441 ], [ -31.125661830504583, 39.458861824854758 ], [ -31.12564658597887, 39.458888518109603 ], [ -31.125620597379758, 39.458964770830754 ], [ -31.125612790351969, 39.458987169233033 ], [ -31.125582691253825, 39.458995694568756 ], [ -31.125545995713772, 39.458981498274888 ], [ -31.125524177685506, 39.458958622231947 ], [ -31.125507473650288, 39.458931414783535 ], [ -31.125475922451237, 39.458885767433564 ], [ -31.12544678648657, 39.458862774285805 ], [ -31.125418225637482, 39.458844294356986 ], [ -31.125413836405716, 39.458817284557924 ], [ -31.125419675540382, 39.458790259487344 ], [ -31.125429810757701, 39.458763394684233 ], [ -31.125441335460682, 39.458741056236981 ], [ -31.125481690472689, 39.458701163220674 ], [ -31.125512247100321, 39.458697240237903 ], [ -31.125544439642233, 39.458688659475484 ], [ -31.125553180704529, 39.458661771281847 ], [ -31.125543802907526, 39.458630086105309 ], [ -31.125533722141988, 39.458602985446191 ], [ -31.125516899805174, 39.458580189947028 ], [ -31.125488369302843, 39.458534592203293 ], [ -31.12548619446282, 39.458503023157803 ], [ -31.12547693289083, 39.458471339849432 ], [ -31.12546325538775, 39.458439675436651 ], [ -31.125441321349403, 39.458416798408223 ], [ -31.125427285074878, 39.458398462575076 ], [ -31.125430914406511, 39.458371491968272 ], [ -31.125431760163757, 39.458339971624916 ], [ -31.125422253480654, 39.458209178464145 ], [ -31.125401983166942, 39.458150289418448 ], [ -31.125377716453695, 39.458136383573461 ], [ -31.125346588492732, 39.458131287601653 ], [ -31.125321238993426, 39.458153403120832 ], [ -31.125312614089395, 39.458180293171971 ], [ -31.125324201324087, 39.458207598336571 ], [ -31.125340324042156, 39.458230472679737 ], [ -31.125352613157819, 39.458257609865832 ], [ -31.125351309551572, 39.458280203214542 ], [ -31.125337459152668, 39.458306918910949 ], [ -31.125274650860575, 39.45837356904115 ], [ -31.125243397333875, 39.458377479823803 ], [ -31.125209939870068, 39.458376940300688 ], [ -31.125178930238629, 39.458367431434461 ], [ -31.125116783123715, 39.458357509618949 ], [ -31.125088196970431, 39.458365968229579 ], [ -31.125059601281695, 39.458379112628563 ], [ -31.125041452246183, 39.4584057589637 ], [ -31.125048745572286, 39.458428490051247 ], [ -31.125059060707141, 39.458451180675191 ], [ -31.125055552074198, 39.458473648361391 ], [ -31.125059817886605, 39.458505251134881 ], [ -31.125053258413992, 39.458559112599545 ], [ -31.125038132161329, 39.458581392925005 ], [ -31.125001761923205, 39.458585402218013 ], [ -31.124974353714062, 39.458575950478249 ], [ -31.124977862379467, 39.458553482795622 ], [ -31.124962343954593, 39.458508094780733 ], [ -31.124937265141078, 39.458494175746708 ], [ -31.124907858581423, 39.458507216031556 ], [ -31.124900744861126, 39.458529715665193 ], [ -31.124906646432752, 39.458552335117979 ], [ -31.124903950977227, 39.458574815914083 ], [ -31.124880113881847, 39.458596865628778 ], [ -31.124850707268095, 39.45860990589766 ], [ -31.124829072656841, 39.458632171319337 ], [ -31.124816850722492, 39.458654498459047 ], [ -31.12480254229564, 39.458672287089847 ], [ -31.124768268030707, 39.458676149020732 ], [ -31.124738887074923, 39.458662251550102 ], [ -31.124724514074536, 39.458630485738198 ], [ -31.124722337303382, 39.458603331407083 ], [ -31.12471446890191, 39.458571761510875 ], [ -31.124700558356896, 39.458544417911988 ], [ -31.124680134854557, 39.458521564206109 ], [ -31.124652264268498, 39.458507691076711 ], [ -31.124365639848811, 39.45841288283053 ], [ -31.124331633368381, 39.458380800220837 ], [ -31.12434884740448, 39.458363058524505 ], [ -31.124391956856151, 39.458354744302191 ], [ -31.124446445548596, 39.458351208589221 ], [ -31.124542197863484, 39.458330228089764 ], [ -31.124553722769878, 39.45830788973403 ], [ -31.124573874034603, 39.458258661407584 ], [ -31.124614473406925, 39.458209672828048 ], [ -31.12464318283827, 39.458196621371194 ], [ -31.124696282152641, 39.45819288203316 ], [ -31.124747135275353, 39.45822082151404 ], [ -31.124766048458326, 39.458243649946859 ], [ -31.124787285140712, 39.458266516754307 ], [ -31.124827007839539, 39.458276166258507 ], [ -31.124858956126825, 39.458276681550338 ], [ -31.124889057232636, 39.458263742575816 ], [ -31.124912657330803, 39.458250518548994 ], [ -31.124926394119736, 39.458223710974764 ], [ -31.124933862101077, 39.458192297440497 ], [ -31.124914955996179, 39.458164873296397 ], [ -31.124884885266994, 39.458146369786895 ], [ -31.124859227985691, 39.458128026649419 ], [ -31.124843825897358, 39.458082640493409 ], [ -31.12486823901585, 39.458065104927904 ], [ -31.124909298113231, 39.458020627609443 ], [ -31.124892473675235, 39.457997922984646 ], [ -31.124863790200187, 39.457988360554623 ], [ -31.124830237735846, 39.457965386117991 ], [ -31.124823404563237, 39.457947166391214 ], [ -31.124804489044536, 39.457924427125604 ], [ -31.124776049608265, 39.457901444144483 ], [ -31.124766672230525, 39.457869759812745 ], [ -31.124778196984185, 39.457847421429534 ], [ -31.12478763527, 39.457820544537306 ], [ -31.124799888751561, 39.457771098682088 ], [ -31.124818858027908, 39.457739870659729 ], [ -31.124851863272365, 39.457726978533103 ], [ -31.125094859261534, 39.457658818036634 ], [ -31.125136459089731, 39.457650479187798 ], [ -31.125207312880086, 39.457665045344548 ], [ -31.125238085176854, 39.457679056130374 ], [ -31.125265369854276, 39.457693099865622 ], [ -31.125289966301196, 39.457725030469405 ], [ -31.125258780262502, 39.457774080990689 ], [ -31.125175130643544, 39.457889768206677 ], [ -31.125163606007757, 39.457912106631944 ], [ -31.125194043859665, 39.45791259747287 ], [ -31.125222632254275, 39.457904047872162 ], [ -31.125317052219998, 39.457932688738389 ], [ -31.125352601785892, 39.457933261963177 ], [ -31.125382701677303, 39.45792464749902 ], [ -31.125413623987178, 39.457907126675515 ], [ -31.125470981842064, 39.457826964114197 ], [ -31.125485410736839, 39.457804672483697 ], [ -31.125506345411718, 39.457782485745227 ], [ -31.125566310186816, 39.457765432231945 ], [ -31.125599073695849, 39.457761545704287 ], [ -31.125723775532357, 39.457718506676692 ], [ -31.125758295712803, 39.457705458519598 ], [ -31.125822521162455, 39.457611891924955 ], [ -31.125837767739686, 39.457585108575067 ], [ -31.125879636720033, 39.457540734956979 ], [ -31.125899753354958, 39.457523039813509 ], [ -31.126101538018844, 39.457422678884896 ], [ -31.126181402468674, 39.457369997946138 ], [ -31.126232682365249, 39.457325775874907 ], [ -31.126282901701714, 39.457295051254256 ], [ -31.12632449903963, 39.457291125793979 ], [ -31.126354479952077, 39.457282599253709 ], [ -31.126346912051453, 39.4571834614664 ], [ -31.126264435316237, 39.457064916811198 ], [ -31.126231608651622, 39.457014835242397 ], [ -31.126217112092988, 39.456987662565908 ], [ -31.126199474480504, 39.456969269680961 ], [ -31.126170792156874, 39.45695538293122 ], [ -31.126139783032059, 39.456945873430485 ], [ -31.12607252777692, 39.456935780605576 ], [ -31.126037106500501, 39.456926109864419 ], [ -31.126026213801698, 39.456898906057091 ], [ -31.126037856346457, 39.456872154681285 ], [ -31.126063902183745, 39.456850050219757 ], [ -31.126097125587886, 39.45685499957645 ], [ -31.126126403445056, 39.456851056714221 ], [ -31.126170939177094, 39.456811230819 ], [ -31.126223700196586, 39.456794061751417 ], [ -31.126261331165757, 39.456803677050139 ], [ -31.126298515775328, 39.456795266620738 ], [ -31.126315848513599, 39.456773021678849 ], [ -31.126319814572867, 39.456759480931453 ], [ -31.126324591427352, 39.456746043347785 ], [ -31.126317176857505, 39.456723489671901 ], [ -31.126300355850539, 39.456700694302569 ], [ -31.126236490598309, 39.456672546687173 ], [ -31.126200488302118, 39.456658542871473 ], [ -31.126172743750505, 39.456639986186559 ], [ -31.126174646044454, 39.456595058384536 ], [ -31.126192221462517, 39.456563807659791 ], [ -31.126181094229807, 39.456541014844262 ], [ -31.126161244646099, 39.456522765595608 ], [ -31.12607148229937, 39.456485190781976 ], [ -31.126038382287163, 39.456475647553916 ], [ -31.126015629581058, 39.456457352387751 ], [ -31.126005222505075, 39.456412045982809 ], [ -31.126012450413288, 39.456385223448599 ], [ -31.126023976925133, 39.456362794862898 ], [ -31.126013537377158, 39.456344698166035 ], [ -31.125956662526601, 39.456298642749253 ], [ -31.125932275521528, 39.456289240838281 ], [ -31.125900932039649, 39.456266211317732 ], [ -31.125769121355678, 39.456219129845628 ], [ -31.125738809645966, 39.456209631482587 ], [ -31.125712459461131, 39.456191097167334 ], [ -31.125699931336079, 39.456172876675069 ], [ -31.125679658917317, 39.456114076824321 ], [ -31.125663079856544, 39.456082275551822 ], [ -31.125661021117544, 39.456050709270372 ], [ -31.125667312904191, 39.456032791280023 ], [ -31.125680472702154, 39.456001469443741 ], [ -31.125681199895457, 39.455974361933528 ], [ -31.125601780013938, 39.455932538737471 ], [ -31.125570193939549, 39.455918605026682 ], [ -31.12552306063861, 39.45588631202277 ], [ -31.12550333463383, 39.455863469701846 ], [ -31.125487333160955, 39.455836093376512 ], [ -31.125493169556147, 39.455809158340621 ], [ -31.125509234834027, 39.455777883368171 ], [ -31.125508444808286, 39.455755346349861 ], [ -31.12549370957829, 39.455737089349142 ], [ -31.125443214325486, 39.455695822492963 ], [ -31.125352304398831, 39.455644804155682 ], [ -31.125321419178917, 39.455630702385484 ], [ -31.125298665795071, 39.455612406168179 ], [ -31.125286958164974, 39.455589603007354 ], [ -31.125315270143634, 39.45550906221488 ], [ -31.125352967702003, 39.45545552169321 ], [ -31.12538751224692, 39.455415534985647 ], [ -31.125400430418367, 39.455393218994949 ], [ -31.125404754142437, 39.455366350569719 ], [ -31.125403294968649, 39.455316773621931 ], [ -31.125397401685706, 39.455289559364068 ], [ -31.125378574833242, 39.455181230244499 ], [ -31.125300152728997, 39.454963734429249 ], [ -31.125283572909527, 39.454931933989137 ], [ -31.125263154870165, 39.454904575611238 ], [ -31.125236226678243, 39.45488161710918 ], [ -31.125206275825946, 39.454863025519728 ], [ -31.125044396663679, 39.454801853701213 ], [ -31.124770790584616, 39.45471185141168 ], [ -31.124743501239347, 39.454702401540992 ], [ -31.124713157545706, 39.454724436393811 ], [ -31.124705902339993, 39.454773872790604 ], [ -31.124690079827253, 39.454796141858722 ], [ -31.124689352280001, 39.454823249359073 ], [ -31.124682244908104, 39.454845568902591 ], [ -31.124683034692605, 39.454868105022676 ], [ -31.124688113370297, 39.454899720935849 ], [ -31.124677979573221, 39.454922171857071 ], [ -31.12464149639419, 39.45493050299347 ], [ -31.124623738699647, 39.454912288127971 ], [ -31.124610634944297, 39.454889552476139 ], [ -31.124620769868535, 39.454862686819794 ], [ -31.124619980128312, 39.454840149799168 ], [ -31.124607336375547, 39.45482192642325 ], [ -31.124601558422331, 39.454794714886972 ], [ -31.124577928914835, 39.454726850976904 ], [ -31.1245742420328, 39.454699673169713 ], [ -31.124524682140731, 39.454653915248407 ], [ -31.124497636979907, 39.454635370350303 ], [ -31.124473618082394, 39.454607953748088 ], [ -31.124483781200819, 39.454554059418591 ], [ -31.124502536132979, 39.454504808542936 ], [ -31.124514757387679, 39.454482481406224 ], [ -31.124529881609416, 39.454460291193627 ], [ -31.12456137411079, 39.45445169939137 ], [ -31.124556291984085, 39.454424588272154 ], [ -31.12453877388506, 39.454401782304579 ], [ -31.124533453576031, 39.45437917219872 ], [ -31.124540342684504, 39.454343334571902 ], [ -31.124553263328185, 39.454320928615047 ], [ -31.12456838875638, 39.454298648318854 ], [ -31.124598825024332, 39.454299139278241 ], [ -31.124639093494689, 39.454340331635585 ], [ -31.124680293608399, 39.454377125147801 ], [ -31.124702348283634, 39.454395409314415 ], [ -31.124764006016974, 39.454423432960617 ], [ -31.124792804226225, 39.454432996358634 ], [ -31.124833463446336, 39.454433652142022 ], [ -31.124882500865947, 39.45442092846627 ], [ -31.124917019563661, 39.454407879616255 ], [ -31.12495396135866, 39.454408475403135 ], [ -31.124987749013894, 39.454422624978292 ], [ -31.125004570251757, 39.454445419640898 ], [ -31.124990955127284, 39.454467724351268 ], [ -31.125049676207865, 39.454527233583335 ], [ -31.125070918980114, 39.454545505488277 ], [ -31.125108886584062, 39.4545641371964 ], [ -31.125141980932092, 39.454578184548616 ], [ -31.125173351340884, 39.454574185565519 ], [ -31.125186603964284, 39.454565389558795 ], [ -31.125199036330219, 39.454561175277469 ], [ -31.125216945026004, 39.454543444634751 ], [ -31.125231373280695, 39.45452115300958 ], [ -31.125245346145714, 39.454489844325465 ], [ -31.125235030321868, 39.454467153697166 ], [ -31.125202181248998, 39.454444009614718 ], [ -31.125173619786764, 39.454425620615886 ], [ -31.12520087556619, 39.45435839717895 ], [ -31.125215424604491, 39.454331602645546 ], [ -31.125239139270192, 39.454314055718299 ], [ -31.125300369663943, 39.454306032432982 ], [ -31.125337427582245, 39.454306629969949 ], [ -31.125366593064189, 39.454302505283508 ], [ -31.125363479702646, 39.454279930798101 ], [ -31.125353161452093, 39.45425733023751 ], [ -31.125328806667859, 39.454220809482628 ], [ -31.125259741923085, 39.454165638456047 ], [ -31.12523780461547, 39.454147265288498 ], [ -31.12518722129585, 39.454083382518007 ], [ -31.125137210677554, 39.454024103915252 ], [ -31.125119571680923, 39.454005800039802 ], [ -31.125098915891201, 39.453987357414967 ], [ -31.125056314651818, 39.453955137308974 ], [ -31.125013690165861, 39.453945440197529 ], [ -31.124966495363658, 39.453971799218536 ], [ -31.124947534325742, 39.453998432470193 ], [ -31.12491313203142, 39.454011482308047 ], [ -31.124872024811815, 39.45399721466066 ], [ -31.124842524923785, 39.453987820160222 ], [ -31.124814787615023, 39.453964758414081 ], [ -31.124793786771413, 39.453937480650474 ], [ -31.12478649861637, 39.453910244761794 ], [ -31.124783620051762, 39.453883259288141 ], [ -31.12485731232492, 39.453735697460829 ], [ -31.124870135099957, 39.453690945794449 ], [ -31.124949419244178, 39.453525545656362 ], [ -31.124966059209349, 39.453498784871563 ], [ -31.124991530316752, 39.453472076408389 ], [ -31.125031494244094, 39.453468305243817 ], [ -31.125062046326168, 39.453468797946819 ], [ -31.12509341865443, 39.453464708914602 ], [ -31.125135738471393, 39.453429442603657 ], [ -31.12515110515103, 39.453398156400738 ], [ -31.125165414773473, 39.453380277625619 ], [ -31.125187498125324, 39.453367209255617 ], [ -31.125219202570104, 39.453376729313696 ], [ -31.125245671425983, 39.45339508545888 ], [ -31.125281674090125, 39.453404674808468 ], [ -31.125318973147078, 39.453396266520564 ], [ -31.125403095429981, 39.453267072124909 ], [ -31.125458697504829, 39.453195890889312 ], [ -31.125479056958795, 39.453169099899952 ], [ -31.125492669244178, 39.45314688517611 ], [ -31.12549130542946, 39.453119743942608 ], [ -31.125400275502042, 39.453073319569675 ], [ -31.125372871784492, 39.453063777907524 ], [ -31.125347907386388, 39.453049950906966 ], [ -31.125325975033125, 39.45302707297737 ], [ -31.125318111717476, 39.452995322985387 ], [ -31.125333145852043, 39.45294610205795 ], [ -31.125346999940366, 39.452919206196945 ], [ -31.12548869906496, 39.452944014258961 ], [ -31.125518196195294, 39.45295349864675 ], [ -31.125534320249457, 39.452976282896991 ], [ -31.125539524628593, 39.452998891094495 ], [ -31.125571709706005, 39.45299048946962 ], [ -31.125774568410133, 39.452849604334162 ], [ -31.125866980763206, 39.452792529954912 ], [ -31.125900924403251, 39.452770552813206 ], [ -31.125929055098435, 39.452752986821181 ], [ -31.125960242889619, 39.45269943123072 ], [ -31.125994848984515, 39.452600792045757 ], [ -31.126005999435456, 39.452375730640696 ], [ -31.126009507379631, 39.452353262888842 ], [ -31.126010231935943, 39.452326245414724 ], [ -31.12598103500272, 39.452249283206257 ], [ -31.12596699975893, 39.452230947446047 ], [ -31.125944488799064, 39.452203645542774 ], [ -31.125889458502556, 39.452171225396853 ], [ -31.125857058692603, 39.452161693413565 ], [ -31.12582569181988, 39.452165602551325 ], [ -31.125795709468019, 39.452174219953285 ], [ -31.125761438448976, 39.452178082258527 ], [ -31.125725893997686, 39.452173094501902 ], [ -31.125693372246175, 39.452168066267056 ], [ -31.125657377206636, 39.452153881313805 ], [ -31.12562001462755, 39.452112736148308 ], [ -31.125605161517317, 39.452094567353981 ], [ -31.125597055455064, 39.452071822279215 ], [ -31.125547136699641, 39.452039484379462 ], [ -31.125427006213016, 39.451938532556937 ], [ -31.125405192748715, 39.451915566460599 ], [ -31.125387552936406, 39.451897352707491 ], [ -31.125375727270427, 39.451874637741199 ], [ -31.125368434436655, 39.45185190666367 ], [ -31.125385554593102, 39.451807224211841 ], [ -31.125397078074045, 39.45178488571657 ], [ -31.125377234834488, 39.451766456240556 ], [ -31.125342049549836, 39.451752464441348 ], [ -31.125339419452725, 39.45171187920495 ], [ -31.125363739579832, 39.451671727608705 ], [ -31.125614543404456, 39.451446022516173 ], [ -31.125713846941178, 39.451352931258683 ], [ -31.125736986648267, 39.451330779987657 ], [ -31.125765456092019, 39.451322228305742 ], [ -31.125817455014971, 39.451363610263634 ], [ -31.125844382117247, 39.451386567715808 ], [ -31.125875721039076, 39.4514096872755 ], [ -31.125958975328238, 39.451446977123524 ], [ -31.125987654135962, 39.451460953960037 ], [ -31.126024104395984, 39.451484154965264 ], [ -31.126057659964108, 39.451502625150525 ], [ -31.126135333317787, 39.451427383629344 ], [ -31.126153487020808, 39.45139614219589 ], [ -31.126179412382562, 39.451378450494374 ], [ -31.126231772568804, 39.451406413609604 ], [ -31.126261603934598, 39.45142941777187 ], [ -31.126336264455844, 39.451462154091452 ], [ -31.126367968191204, 39.451471674722789 ], [ -31.12641861371235, 39.451476905630301 ], [ -31.126447773148239, 39.451472959856915 ], [ -31.126472215699128, 39.451428215037467 ], [ -31.126469915196136, 39.451405654569463 ], [ -31.126491779026416, 39.451379067824313 ], [ -31.126656044414297, 39.451372703158299 ], [ -31.126728887320443, 39.451364867102988 ], [ -31.126762465763651, 39.451360812254414 ], [ -31.126794287806867, 39.45136591991313 ], [ -31.126820762050393, 39.451379770929343 ], [ -31.126843268302842, 39.451407251884433 ], [ -31.126850561846421, 39.45143430845215 ], [ -31.126844843530549, 39.451456830721028 ], [ -31.126830056759907, 39.45149254127211 ], [ -31.126874766490214, 39.451506775264662 ], [ -31.127017461760172, 39.451464024599673 ], [ -31.127043956295655, 39.451455441689987 ], [ -31.127115073616466, 39.451429648252407 ], [ -31.127134498071925, 39.451407346755111 ], [ -31.127148228050974, 39.451385043623155 ], [ -31.127169039524254, 39.451367359419564 ], [ -31.127312036625305, 39.451369660950405 ], [ -31.127373503127345, 39.451352721627629 ], [ -31.127478553479399, 39.451201248314739 ], [ -31.127491470159324, 39.451178932041771 ], [ -31.127496364360638, 39.451048370814611 ], [ -31.127488432380343, 39.450967065482047 ], [ -31.127486252215949, 39.450940002107728 ], [ -31.12748767073316, 39.450913085887699 ], [ -31.12750445336372, 39.450859297850528 ], [ -31.127533637920191, 39.450715613231665 ], [ -31.127538897860781, 39.450684163917849 ], [ -31.127549851039376, 39.450652716195044 ], [ -31.127552082663279, 39.450625813067695 ], [ -31.127458205403546, 39.450412484404978 ], [ -31.127454804656708, 39.450326928275558 ], [ -31.12745540794478, 39.450304413687313 ], [ -31.12734081971843, 39.450239500969097 ], [ -31.12729994854995, 39.450220824125239 ], [ -31.12727662244631, 39.450197924106902 ], [ -31.12730130532837, 39.450144173245775 ], [ -31.127315153243174, 39.450117457223229 ], [ -31.127320297063857, 39.450086006046511 ], [ -31.127316030564288, 39.450054404200991 ], [ -31.127307801071414, 39.450036252206168 ], [ -31.127274979187359, 39.449986079976604 ], [ -31.127258393790537, 39.44995887466461 ], [ -31.127244481405498, 39.449931621407252 ], [ -31.127238702772797, 39.449904409064899 ], [ -31.12723652033289, 39.44987743484208 ], [ -31.127238756843258, 39.449850352503525 ], [ -31.127197970370538, 39.449746174724297 ], [ -31.127188351514068, 39.449723495479972 ], [ -31.127184201275611, 39.449691894600214 ], [ -31.127214601742814, 39.449611296779935 ], [ -31.127290433844578, 39.449522240805507 ], [ -31.127308465845832, 39.449495502075713 ], [ -31.127429722644678, 39.449281222613713 ], [ -31.12744357032684, 39.449254506566874 ], [ -31.127428987996939, 39.449200213369366 ], [ -31.127412170747931, 39.449177328109101 ], [ -31.127380640069397, 39.449109338349864 ], [ -31.127373469596925, 39.449077688829284 ], [ -31.127426096594117, 39.448956906068446 ], [ -31.127437618924315, 39.44893456733368 ], [ -31.127433019856134, 39.448889354546907 ], [ -31.127425726312097, 39.448862298005459 ], [ -31.127421461003181, 39.448830695276285 ], [ -31.12740812054858, 39.448812461871206 ], [ -31.127362047903492, 39.448771085969383 ], [ -31.127344650874083, 39.448743777497015 ], [ -31.127343289603601, 39.448712221538194 ], [ -31.127355750189523, 39.448680888198517 ], [ -31.127374715710278, 39.448649659626568 ], [ -31.127402721281801, 39.448636686194803 ], [ -31.127436872269939, 39.448637235319737 ], [ -31.127495744072, 39.448660617681512 ], [ -31.127530920155316, 39.44867929283371 ], [ -31.127559361374995, 39.448697770317544 ], [ -31.127610213781239, 39.448725527434149 ], [ -31.127839179343599, 39.448828409751428 ], [ -31.127875874976176, 39.448842424211378 ], [ -31.127935200411692, 39.448874913478043 ], [ -31.127956553659139, 39.448893365935994 ], [ -31.127983842392634, 39.44890281503622 ], [ -31.128020200542252, 39.448903400428875 ], [ -31.128056565581883, 39.448899390060681 ], [ -31.128086657568243, 39.448890954918326 ], [ -31.128165726529723, 39.448811140380428 ], [ -31.128214817157609, 39.448739852897468 ], [ -31.128226915558706, 39.448722028217936 ], [ -31.128228695897587, 39.448685927882615 ], [ -31.128235226243117, 39.44865909393544 ], [ -31.128258246057854, 39.448641354974995 ], [ -31.128294366159405, 39.448646441311098 ], [ -31.128324558842436, 39.448655937079515 ], [ -31.128358770415556, 39.448710635356022 ], [ -31.128366638265597, 39.448742296046824 ], [ -31.128376140064351, 39.448764973314603 ], [ -31.128381347544497, 39.448787490455857 ], [ -31.128362020648883, 39.448832227964601 ], [ -31.12834817099181, 39.448859034191514 ], [ -31.128345354132435, 39.44888610811779 ], [ -31.12834602690209, 39.448913058024665 ], [ -31.128356342998806, 39.448935748401979 ], [ -31.128383865009347, 39.448940785497861 ], [ -31.128450447005328, 39.448919332966959 ], [ -31.128599877750421, 39.448872183849964 ], [ -31.128649607564387, 39.448859469681892 ], [ -31.12869818701693, 39.448837636254289 ], [ -31.128780704789953, 39.448793915699987 ], [ -31.128816637888388, 39.448753950238242 ], [ -31.128831304867571, 39.448722652244427 ], [ -31.128837261829144, 39.448686799308554 ], [ -31.128834507215146, 39.448655130840642 ], [ -31.128828152366005, 39.448619080664606 ], [ -31.12881992504154, 39.448600838708806 ], [ -31.128802766212932, 39.448564613754229 ], [ -31.128767250163509, 39.448536923787621 ], [ -31.128666148833542, 39.448458804939584 ], [ -31.12858664936568, 39.448389863233267 ], [ -31.128569825930658, 39.448367158231292 ], [ -31.128556031866914, 39.448339817831013 ], [ -31.12856894764214, 39.448317501407061 ], [ -31.128620066583046, 39.448309313568537 ], [ -31.128664082125976, 39.448319031731273 ], [ -31.128752681685796, 39.44834757607827 ], [ -31.128972429710938, 39.44849526545304 ], [ -31.128991794485056, 39.448531525881968 ], [ -31.129013268467574, 39.448545475227981 ], [ -31.129065031825803, 39.448591356820899 ], [ -31.129075111433519, 39.448618547293378 ], [ -31.129078106522066, 39.448645534568769 ], [ -31.129098228254598, 39.448736044808101 ], [ -31.12916859378268, 39.448764206234934 ], [ -31.129198907206597, 39.44876919795621 ], [ -31.129238986810623, 39.44876533798373 ], [ -31.129282332012316, 39.448748015951168 ], [ -31.129356954817599, 39.448699663092462 ], [ -31.12938266351486, 39.448663947716639 ], [ -31.129390468058986, 39.448641548967103 ], [ -31.129390734056578, 39.448605604439514 ], [ -31.12938240984607, 39.448564926745469 ], [ -31.129358996007159, 39.448514907351978 ], [ -31.129227934775308, 39.448310081594776 ], [ -31.129202425438738, 39.448260208647021 ], [ -31.12912473375869, 39.448123723443715 ], [ -31.129089792956577, 39.448100637791413 ], [ -31.129020338676323, 39.448090510436067 ], [ -31.128926381239751, 39.448071069992238 ], [ -31.128817326778986, 39.448051296410746 ], [ -31.128684802730728, 39.44803564985547 ], [ -31.128571819058983, 39.447997704156016 ], [ -31.128595079307139, 39.447966634599794 ], [ -31.128662232298261, 39.447954199952385 ], [ -31.128731230561804, 39.447955310454951 ], [ -31.129053662963564, 39.447983020960777 ], [ -31.129351738397073, 39.447974299788676 ], [ -31.129373368164917, 39.447952033373426 ], [ -31.129379896832013, 39.447925199327933 ], [ -31.129397380933163, 39.447866827300594 ], [ -31.129415644005761, 39.44784009194494 ], [ -31.129436451419288, 39.447822497344767 ], [ -31.129560740464534, 39.447707280318959 ], [ -31.129674127135104, 39.447569543652712 ], [ -31.129743449681449, 39.44747605662392 ], [ -31.129766371848266, 39.447435881561653 ], [ -31.129750039389258, 39.447390480108645 ], [ -31.129722656506896, 39.447358506489941 ], [ -31.129696424155028, 39.447335650296736 ], [ -31.129518005217584, 39.447215655453988 ], [ -31.129475074835224, 39.447165412199674 ], [ -31.129490438105375, 39.447134125311933 ], [ -31.129547129671177, 39.447130442374963 ], [ -31.129597524604609, 39.44714927163502 ], [ -31.129649070015436, 39.447177220107001 ], [ -31.129689003399143, 39.447204800670022 ], [ -31.129713600334021, 39.447232315616695 ], [ -31.129780574402055, 39.447282945535029 ], [ -31.129832030341493, 39.447288187070917 ], [ -31.129892675222031, 39.447275738020529 ], [ -31.129940560542988, 39.447249388928576 ], [ -31.129986444735511, 39.447245711246602 ], [ -31.13003300232986, 39.447268984366445 ], [ -31.130064344571213, 39.447291921765007 ], [ -31.130085581747441, 39.44731037287093 ], [ -31.130102282559054, 39.447337670648416 ], [ -31.130088552447731, 39.447364388921784 ], [ -31.130065656403353, 39.447377535284339 ], [ -31.13001522853185, 39.447390328941964 ], [ -31.129979450001837, 39.447394168268843 ], [ -31.129947476307056, 39.447425188063328 ], [ -31.129973583473301, 39.447452727245704 ], [ -31.130036413230915, 39.447467161351767 ], [ -31.130113881968008, 39.44747741698886 ], [ -31.130341754640703, 39.447508198985226 ], [ -31.130648488488731, 39.447553672072118 ], [ -31.130709711256916, 39.447545645753728 ], [ -31.130747249849705, 39.447528139710727 ], [ -31.130784329929128, 39.447501706652297 ], [ -31.130800148787969, 39.447479436642425 ], [ -31.130902216753448, 39.447273853717284 ], [ -31.130903659389777, 39.447219909529608 ], [ -31.13089648863437, 39.44718826020187 ], [ -31.130829495851167, 39.44703401872848 ], [ -31.130787863699585, 39.446961272497589 ], [ -31.130782083855557, 39.446934061191776 ], [ -31.130791516963008, 39.446907273751258 ], [ -31.130817443749905, 39.446885076138287 ], [ -31.130873219329164, 39.446863447562514 ], [ -31.131009124927523, 39.446861216604709 ], [ -31.13106043473887, 39.446897989301824 ], [ -31.131323044280045, 39.447046363222121 ], [ -31.131351357694204, 39.44707393755823 ], [ -31.131504228433261, 39.447193428944985 ], [ -31.131538828348354, 39.447207588765941 ], [ -31.131582271306485, 39.447208286890614 ], [ -31.131643038623434, 39.447191243928373 ], [ -31.131728455452603, 39.447147566924151 ], [ -31.131756008247567, 39.447125395228362 ], [ -31.131788100135687, 39.44708996205847 ], [ -31.131813111840493, 39.447049820154419 ], [ -31.131817794185185, 39.447013766368684 ], [ -31.131802271139055, 39.446968469195376 ], [ -31.131770259185569, 39.446918401309539 ], [ -31.131807701444167, 39.446874044371413 ], [ -31.131873127303532, 39.446843561540888 ], [ -31.131947023014416, 39.446822224485658 ], [ -31.132053004335166, 39.446774372768168 ], [ -31.132137488122716, 39.44673518533029 ], [ -31.13219629099958, 39.446709010685723 ], [ -31.132276020527122, 39.446660737940384 ], [ -31.132320298885457, 39.446634510108147 ], [ -31.132492284032438, 39.446560598911994 ], [ -31.132533178344453, 39.446552245109068 ], [ -31.132680581124397, 39.446554611620428 ], [ -31.132740532119112, 39.446537645062882 ], [ -31.132785268979514, 39.446520344049461 ], [ -31.133063715135656, 39.446376152973365 ], [ -31.13357729483544, 39.446073470621549 ], [ -31.133787558289896, 39.445923679290523 ], [ -31.133988963356583, 39.445805369570337 ], [ -31.134092404964907, 39.4457393665365 ], [ -31.134120290360766, 39.445730804302187 ], [ -31.134281301959653, 39.445710861920979 ], [ -31.134287830889232, 39.445683938381997 ], [ -31.13430179945221, 39.445648213681501 ], [ -31.134326807549613, 39.445612485924485 ], [ -31.134371567660644, 39.445568155457245 ], [ -31.134473255796287, 39.445511222872803 ], [ -31.134585837033711, 39.445481494170615 ], [ -31.134649143111428, 39.445478095046006 ], [ -31.134873797747854, 39.445468182590041 ], [ -31.134943969754197, 39.445455703511406 ], [ -31.134979180695094, 39.445438248838705 ], [ -31.135021126224007, 39.445420991374114 ], [ -31.135277702538001, 39.445303474215244 ], [ -31.135458084187604, 39.445184644539282 ], [ -31.135510951912845, 39.445163058076986 ], [ -31.135612853490315, 39.445128562147922 ], [ -31.135899497513613, 39.445025130424028 ], [ -31.136021987040422, 39.444955015349564 ], [ -31.136053955405853, 39.444928408527794 ], [ -31.136259338283168, 39.444769615648148 ], [ -31.136454402978043, 39.444592456446706 ], [ -31.136489175784991, 39.444543460199618 ], [ -31.13648943687096, 39.444507515525977 ], [ -31.136475880476791, 39.444471170102055 ], [ -31.13647950221954, 39.44444428902932 ], [ -31.136501246280034, 39.444417608308378 ], [ -31.136535304973506, 39.444391034850497 ], [ -31.136590498730961, 39.44436498029625 ], [ -31.136669502396067, 39.444343721157949 ], [ -31.136739556834208, 39.444331239097174 ], [ -31.136799259922338, 39.444327780152328 ], [ -31.136838285925588, 39.444332820290946 ], [ -31.136963963734594, 39.444334833205914 ], [ -31.137022040674086, 39.444331348090543 ], [ -31.137057125209118, 39.444327315263429 ], [ -31.137095118886485, 39.444314409393542 ], [ -31.13713067864434, 39.444292544873257 ], [ -31.137173231631923, 39.444248087837998 ], [ -31.137200323710761, 39.444212573022291 ], [ -31.137209300696668, 39.44417658778508 ], [ -31.137204478788963, 39.444109027579842 ], [ -31.137190585183575, 39.444059162222047 ], [ -31.137166467783011, 39.444009222260512 ], [ -31.137052763926565, 39.443863246476738 ], [ -31.137011318251101, 39.443835644192333 ], [ -31.13685173226121, 39.44369334782423 ], [ -31.136835174013353, 39.443634519181046 ], [ -31.136849713851273, 39.443607813044366 ], [ -31.136880171298365, 39.443581181771542 ], [ -31.136941868790203, 39.443555231255104 ], [ -31.137035151635676, 39.44354312029828 ], [ -31.13711576252258, 39.443539997077245 ], [ -31.137449333287538, 39.443563357750968 ], [ -31.137599039163213, 39.443583684252985 ], [ -31.137642836141211, 39.443575375122798 ], [ -31.137696517456867, 39.443553710579856 ], [ -31.137762152365319, 39.443541337301788 ], [ -31.137815334750805, 39.443560207648467 ], [ -31.138101922234895, 39.443654801808052 ], [ -31.1382942199829, 39.443716443378307 ], [ -31.138388677068953, 39.443686420749778 ], [ -31.138414711629178, 39.443664403322629 ], [ -31.138432973915556, 39.443633161613171 ], [ -31.138446822405079, 39.443601849234639 ], [ -31.138491602383485, 39.443530488227381 ], [ -31.138519852299936, 39.443503821176982 ], [ -31.138576583335141, 39.443446166079681 ], [ -31.138604847179298, 39.443397155069221 ], [ -31.13862603564068, 39.443338930943767 ], [ -31.138704103345077, 39.443186925854349 ], [ -31.138739905580636, 39.44315155009641 ], [ -31.138796875933664, 39.443084888972557 ], [ -31.138815260182724, 39.443049054180939 ], [ -31.138867403156603, 39.442919337641612 ], [ -31.138939970459617, 39.442677146895406 ], [ -31.138952690592337, 39.442605273441465 ], [ -31.139045723340136, 39.442331966167956 ], [ -31.139102594410915, 39.442103128785149 ], [ -31.139101583730245, 39.442062568757841 ], [ -31.139091622254153, 39.442026460447195 ], [ -31.139076432734743, 39.441994683237652 ], [ -31.139059731934502, 39.441967297514346 ], [ -31.139028748617172, 39.441930852745749 ], [ -31.138995462203059, 39.441871757547979 ], [ -31.138996758489697, 39.441849253932808 ], [ -31.139003283886545, 39.441826743913559 ], [ -31.139030857294077, 39.441768711983997 ], [ -31.139095264615126, 39.441697664844661 ], [ -31.139310182395967, 39.441507394757913 ], [ -31.139524979048726, 39.441326041068713 ], [ -31.139539978257865, 39.441303846797609 ], [ -31.139570093898371, 39.441263784803056 ], [ -31.139627852783551, 39.441224165090865 ], [ -31.139745123616315, 39.441131439004799 ], [ -31.139774548248273, 39.441086770928443 ], [ -31.139833720287374, 39.44102023457549 ], [ -31.140069603855924, 39.44075371558673 ], [ -31.140164226971514, 39.440660536688249 ], [ -31.140361019625935, 39.440474388540288 ], [ -31.140393915924573, 39.440438965764621 ], [ -31.140600024395983, 39.4402214329644 ], [ -31.140802283131173, 39.440017533044774 ], [ -31.14098942851243, 39.43983573530641 ], [ -31.141243612863011, 39.43961914923468 ], [ -31.141294630648726, 39.439583835681937 ], [ -31.141420010020738, 39.439509347059563 ], [ -31.141588153221999, 39.439412836317786 ], [ -31.141759021592421, 39.439244381866594 ], [ -31.141905792231061, 39.438994544404551 ], [ -31.141926165868195, 39.438936216487718 ], [ -31.141955052066113, 39.438833066831279 ], [ -31.141966048750387, 39.438585475262578 ], [ -31.142036434570198, 39.43828486514515 ], [ -31.14212252388452, 39.438105955553276 ], [ -31.142183323010343, 39.438034848959546 ], [ -31.142274313288947, 39.437968819665834 ], [ -31.142301619805547, 39.437955651202699 ], [ -31.142382266152836, 39.437898466316007 ], [ -31.142419462256374, 39.43786293143296 ], [ -31.142527556511812, 39.437756630382864 ], [ -31.14259994948728, 39.437712647932884 ], [ -31.142654683994266, 39.437672978347102 ], [ -31.142904616392855, 39.437532813370431 ], [ -31.142980127277561, 39.437507080180524 ], [ -31.143048783610755, 39.437490066133179 ], [ -31.1432036252708, 39.437456589926271 ], [ -31.143303759478652, 39.437435573504587 ], [ -31.143340014074607, 39.43740921323564 ], [ -31.143374305880933, 39.437373631664094 ], [ -31.143582614885556, 39.437133784268973 ], [ -31.143621915222422, 39.43707584829049 ], [ -31.143631701877361, 39.43703546063054 ], [ -31.14363184194238, 39.437003928719221 ], [ -31.14363518956246, 39.436877846473287 ], [ -31.143646711599665, 39.436850911053149 ], [ -31.143667173970773, 39.436819793677643 ], [ -31.143746350343601, 39.436712850489535 ], [ -31.143803746685105, 39.436682232595501 ], [ -31.143946562059249, 39.436580900119274 ], [ -31.143974105407125, 39.436554400592968 ], [ -31.144033513368843, 39.436478675806974 ], [ -31.144167383998745, 39.436224034394307 ], [ -31.144251417279683, 39.43598661786038 ], [ -31.144308960053028, 39.435762293132917 ], [ -31.144365668095418, 39.435564984322887 ], [ -31.144408230006459, 39.435493585463227 ], [ -31.144457508761164, 39.435444818170325 ], [ -31.144482486323287, 39.435431792209194 ], [ -31.144567205261474, 39.435361065998201 ], [ -31.144570467207096, 39.435347603408538 ], [ -31.144572221737054, 39.43533402666786 ], [ -31.144569815121983, 39.435289029565311 ], [ -31.144560669356327, 39.435252755393343 ], [ -31.144566863920677, 39.435045630660504 ], [ -31.144620687219213, 39.434821246381908 ], [ -31.144664107868842, 39.434529212977232 ], [ -31.144660679296425, 39.434299411166634 ], [ -31.144650889022742, 39.434037882677842 ], [ -31.144624729018346, 39.433767174220158 ], [ -31.144587153242366, 39.433541332404808 ], [ -31.144487671955357, 39.433323512514107 ], [ -31.144346609159825, 39.433109623949754 ], [ -31.14416756582256, 39.432908463504212 ], [ -31.143975375207887, 39.432734303319322 ], [ -31.143710821790069, 39.432581330969533 ], [ -31.143463788445732, 39.432446838368719 ], [ -31.143189355594892, 39.432307221751437 ], [ -31.142921759507082, 39.432185824201632 ], [ -31.142678208593981, 39.432060304324537 ], [ -31.142423504041478, 39.431943526330464 ], [ -31.142327836002302, 39.431910464748952 ], [ -31.142202895576084, 39.43188594517985 ], [ -31.142106267112297, 39.431888996317497 ], [ -31.14199594200155, 39.431887234446712 ], [ -31.141960169560551, 39.431891167734037 ], [ -31.141665643593932, 39.43190889731035 ], [ -31.141584808000225, 39.431916616087356 ], [ -31.141397818580167, 39.43193173799505 ], [ -31.141099160284579, 39.43188642185379 ], [ -31.141040422050573, 39.43185394957726 ], [ -31.141044858915564, 39.431826901127131 ], [ -31.141173726094735, 39.431729943930989 ], [ -31.141186299298475, 39.431694015776301 ], [ -31.141243257596841, 39.431627353052086 ], [ -31.141273224499617, 39.431618911501175 ], [ -31.141344078309213, 39.431606439312063 ], [ -31.141435829996084, 39.431594480391375 ], [ -31.141469733561163, 39.431604032036951 ], [ -31.141544979109952, 39.431614244420039 ], [ -31.141905064832837, 39.431669549849303 ], [ -31.142249143560274, 39.431701983932051 ], [ -31.142299312843104, 39.431702785438205 ], [ -31.142415109843807, 39.43168661490612 ], [ -31.142539513246984, 39.431652653208026 ], [ -31.142668575877018, 39.431605070055113 ], [ -31.142707951709117, 39.431596689220989 ], [ -31.142740127320934, 39.43158819337166 ], [ -31.142787966900052, 39.431593551534377 ], [ -31.143020015638882, 39.431574732183158 ], [ -31.143202269872766, 39.431523492987644 ], [ -31.143253734686127, 39.431497375574359 ], [ -31.14348355933808, 39.43134787820135 ], [ -31.143717921339512, 39.431189352932734 ], [ -31.143956694030329, 39.431030988579117 ], [ -31.143989466818063, 39.430999976597853 ], [ -31.144086986462661, 39.430884497136717 ], [ -31.144123166366686, 39.430803896587776 ], [ -31.144132254926063, 39.430763497695928 ], [ -31.144133330428406, 39.430722970915497 ], [ -31.144122336202262, 39.430673241736606 ], [ -31.144089767424941, 39.430587130060061 ], [ -31.144083168196861, 39.430559995436802 ], [ -31.144081341588418, 39.430519423238032 ], [ -31.144072456850189, 39.430442698423583 ], [ -31.143999675465494, 39.43039657894797 ], [ -31.143888330162405, 39.43021451809151 ], [ -31.143859315525642, 39.430187115756048 ], [ -31.143831457829155, 39.430168651549515 ], [ -31.143788967890035, 39.430154369451664 ], [ -31.143747862219346, 39.430144793613074 ], [ -31.143450144452402, 39.430090488798164 ], [ -31.143236242134311, 39.430078065528818 ], [ -31.143178750944639, 39.430086157285061 ], [ -31.143118123191549, 39.43009861371138 ], [ -31.142995808485953, 39.430137205297839 ], [ -31.14271595551573, 39.430258873416392 ], [ -31.142466647364856, 39.430376523902929 ], [ -31.142438189544997, 39.430380664287419 ], [ -31.142326571934735, 39.430401406512352 ], [ -31.1422024296348, 39.430399424118818 ], [ -31.142156099481635, 39.43039408893565 ], [ -31.142110583331107, 39.430384352856201 ], [ -31.142064607359057, 39.43037010362908 ], [ -31.14201131751409, 39.430351233540875 ], [ -31.141959078680085, 39.430323459654701 ], [ -31.141782288443448, 39.43022603394072 ], [ -31.141704501282419, 39.430202176359906 ], [ -31.141649579952769, 39.430192289798583 ], [ -31.14131350190446, 39.43018692016858 ], [ -31.141257305610917, 39.43017250816132 ], [ -31.141143525448751, 39.43013474131763 ], [ -31.141090712441216, 39.430102362886082 ], [ -31.141058801663291, 39.430070319483271 ], [ -31.141031543250879, 39.430033754566729 ], [ -31.140952887007348, 39.429933390600418 ], [ -31.140819189206272, 39.429827642589366 ], [ -31.140764053994459, 39.429795226882504 ], [ -31.140697298739099, 39.429767221233227 ], [ -31.140638900042074, 39.429752682715758 ], [ -31.140581649497722, 39.429747353388244 ], [ -31.140326289601546, 39.429738676626435 ], [ -31.1400437870719, 39.429684696540392 ], [ -31.139988531343732, 39.429661198206155 ], [ -31.139708068051988, 39.429530577745027 ], [ -31.13967301292201, 39.429511997406074 ], [ -31.1396040774511, 39.42945683686704 ], [ -31.139565349003462, 39.429384140050558 ], [ -31.139571414569197, 39.429348288139543 ], [ -31.139588188189656, 39.429289902942379 ], [ -31.139680337170528, 39.429075143767022 ], [ -31.139731275392084, 39.428985861032807 ], [ -31.139829901179173, 39.428802738608724 ], [ -31.139927184926769, 39.42855652717445 ], [ -31.139915733192947, 39.42849787062142 ], [ -31.139834055127189, 39.428262311992754 ], [ -31.139692127420343, 39.428003265040275 ], [ -31.139625425337986, 39.427916606064123 ], [ -31.139507880904244, 39.427806520003266 ], [ -31.13940794652909, 39.427741943711496 ], [ -31.139126578849044, 39.4275932869744 ], [ -31.138952487540916, 39.427477790559443 ], [ -31.13884874052669, 39.4273906283603 ], [ -31.138724937337276, 39.427267016792932 ], [ -31.13871322725846, 39.427244304946932 ], [ -31.138710349948699, 39.427217139499078 ], [ -31.13871606232351, 39.427190201636954 ], [ -31.138729443927684, 39.427154467762094 ], [ -31.13877049527223, 39.427083046701902 ], [ -31.138881986985293, 39.426931575036896 ], [ -31.13889618743843, 39.426891258364279 ], [ -31.138901322784836, 39.426859806372917 ], [ -31.138902519753039, 39.426814866798168 ], [ -31.138895585564242, 39.42677421187296 ], [ -31.138879701105562, 39.426746839153317 ], [ -31.138833518157568, 39.426705556052653 ], [ -31.138757408590205, 39.426623250893563 ], [ -31.138595338050852, 39.426435958319331 ], [ -31.138578062804338, 39.426404147609617 ], [ -31.138544781254012, 39.426345142376768 ], [ -31.13838062285582, 39.426157816082892 ], [ -31.138197296422231, 39.425979192436607 ], [ -31.137984224573191, 39.425827032316668 ], [ -31.137910853901182, 39.425803333043305 ], [ -31.137851424239042, 39.425770938200827 ], [ -31.137845189875431, 39.425730204320871 ], [ -31.137853463414267, 39.425694387841055 ], [ -31.13787956740229, 39.425586599457688 ], [ -31.137870185424418, 39.425555005136481 ], [ -31.137849890177801, 39.425527560743951 ], [ -31.137819035571884, 39.425486522701625 ], [ -31.137786426619396, 39.425459062205704 ], [ -31.137761595353933, 39.425436140139041 ], [ -31.137714689620839, 39.425426380106572 ], [ -31.137617860237285, 39.425406809849953 ], [ -31.1374129680874, 39.425331451905244 ], [ -31.137370935822158, 39.425326273776101 ], [ -31.137138959820696, 39.425286430498986 ], [ -31.137095992154332, 39.425290247953214 ], [ -31.137041531118449, 39.425289375479963 ], [ -31.136947478992788, 39.425278949924504 ], [ -31.136868428117289, 39.4252461492283 ], [ -31.136840690347569, 39.425227686183341 ], [ -31.13681679610313, 39.425195769163942 ], [ -31.136807294439798, 39.425173092509922 ], [ -31.136795275200306, 39.425105327587616 ], [ -31.136821187972853, 39.425087632240313 ], [ -31.136857417806439, 39.425088212717952 ], [ -31.136888315127571, 39.425075283196911 ], [ -31.136962882888827, 39.425053953456803 ], [ -31.137001317619841, 39.425058983098715 ], [ -31.137052876856337, 39.425055394316352 ], [ -31.13710723946302, 39.425033740789679 ], [ -31.137125956401842, 39.425011426115177 ], [ -31.137146420355457, 39.42498021975468 ], [ -31.137178140428158, 39.424958203471149 ], [ -31.137232144347642, 39.424950057888218 ], [ -31.137265944567346, 39.424937174766058 ], [ -31.137292437742012, 39.424919489509868 ], [ -31.137313238576837, 39.424901803165447 ], [ -31.137371559230342, 39.424866788359978 ], [ -31.137414191996161, 39.424849361589921 ], [ -31.137445306239862, 39.424854454026509 ], [ -31.137477005865193, 39.424859376536233 ], [ -31.137557013402979, 39.424856243169621 ], [ -31.137584199448799, 39.424843072925491 ], [ -31.137616035445348, 39.424821058376978 ], [ -31.137643913372067, 39.424808080295684 ], [ -31.137681768769813, 39.424808686548829 ], [ -31.137727045840709, 39.424822836197229 ], [ -31.137749091374019, 39.424841297973309 ], [ -31.137768236269057, 39.424859624097543 ], [ -31.137785872837846, 39.424877835966761 ], [ -31.137809888675697, 39.424900835068385 ], [ -31.137857968956705, 39.424897009120045 ], [ -31.137911302295215, 39.424857319196512 ], [ -31.13793454660696, 39.424830752196286 ], [ -31.138016816428301, 39.424764496265318 ], [ -31.138076867119842, 39.424747347242239 ], [ -31.138149103065956, 39.424735079264252 ], [ -31.138191950466823, 39.424735765276672 ], [ -31.138228637185588, 39.424745361507462 ], [ -31.138273789516187, 39.42476860881218 ], [ -31.138326020361109, 39.42479647430558 ], [ -31.138416903327418, 39.424847391965784 ], [ -31.13845951230806, 39.424857082930508 ], [ -31.138518485746353, 39.424876046505979 ], [ -31.138567238037322, 39.424899350423345 ], [ -31.138610757619972, 39.424927166444249 ], [ -31.138649747075704, 39.42496373860952 ], [ -31.138730862786588, 39.425028105337304 ], [ -31.13878890010232, 39.425056062660552 ], [ -31.138991917952485, 39.425149497825984 ], [ -31.139042422282106, 39.425159315833014 ], [ -31.139130208901388, 39.425165134546816 ], [ -31.139163653184525, 39.425161254943703 ], [ -31.139195010907304, 39.42515716174681 ], [ -31.139222888692384, 39.425144183283798 ], [ -31.13941719546813, 39.425102241691768 ], [ -31.139707858520488, 39.425093286257862 ], [ -31.139830699366922, 39.425113269965109 ], [ -31.139888975478787, 39.425132310890746 ], [ -31.139963040539186, 39.425160433909916 ], [ -31.140107563862436, 39.425216893314698 ], [ -31.140374267834357, 39.425396846467756 ], [ -31.140613691580082, 39.425567353947429 ], [ -31.140676383337208, 39.425586374988256 ], [ -31.140711916774382, 39.425586943131329 ], [ -31.1408440688345, 39.425584460127958 ], [ -31.140997948773038, 39.425559980096949 ], [ -31.141031297212201, 39.425533483902754 ], [ -31.141035733583227, 39.425506435415613 ], [ -31.141024146226783, 39.425474716885795 ], [ -31.141024306179457, 39.425416246036072 ], [ -31.141042325268071, 39.425393919567156 ], [ -31.141122577408375, 39.425377273003939 ], [ -31.141186200506763, 39.425391803772648 ], [ -31.141504316301223, 39.425468964689003 ], [ -31.141599735948756, 39.425511032711235 ], [ -31.141704895942347, 39.425571275850331 ], [ -31.14199482886437, 39.42575159651868 ], [ -31.142114483998718, 39.425839100201237 ], [ -31.142232965541321, 39.425944513554882 ], [ -31.142264657785187, 39.425954119726619 ], [ -31.142297288364656, 39.425954641011707 ], [ -31.142363720031589, 39.425942186696055 ], [ -31.142442820620293, 39.425916420960718 ], [ -31.14255677881599, 39.425864181742391 ], [ -31.142731843851355, 39.425776880208502 ], [ -31.142808951692995, 39.42577360592081 ], [ -31.142867013091006, 39.425774533192808 ], [ -31.142983373864038, 39.425767380777735 ], [ -31.143274296726158, 39.425722471599734 ], [ -31.143311582377013, 39.425709551366907 ], [ -31.14354391154956, 39.425600637556457 ], [ -31.14359721858396, 39.425592478789369 ], [ -31.143911050210146, 39.42550288485652 ], [ -31.144126419626382, 39.425402618840131 ], [ -31.14437421751013, 39.425257911122898 ], [ -31.144606421747927, 39.425153588146841 ], [ -31.14465265038157, 39.425136306179482 ], [ -31.14468367151342, 39.425114276678059 ], [ -31.144835292334207, 39.425008487337266 ], [ -31.144876528748611, 39.424991125636936 ], [ -31.144918921894195, 39.424978287261794 ], [ -31.145211513247581, 39.424870331385314 ], [ -31.145281779602456, 39.424849016873132 ], [ -31.145515518355374, 39.424713003018844 ], [ -31.145562919537713, 39.424677809028999 ], [ -31.145602410507689, 39.424664924120464 ], [ -31.145634820462892, 39.424651836184459 ], [ -31.145648422912359, 39.424629528654044 ], [ -31.145694436135621, 39.424589718391758 ], [ -31.145724975963855, 39.424590205370762 ], [ -31.145773729418664, 39.424613506300744 ], [ -31.145797869615848, 39.424631910769001 ], [ -31.145846956104954, 39.424673327529057 ], [ -31.145877720902618, 39.4246872417202 ], [ -31.145927645379395, 39.424697047494476 ], [ -31.146178558516393, 39.42473258015626 ], [ -31.146239400467792, 39.424738145049197 ], [ -31.146262962613168, 39.424756450109172 ], [ -31.146322634991733, 39.424775419980065 ], [ -31.146372677706303, 39.424780812658391 ], [ -31.146422028156511, 39.424781598393963 ], [ -31.146471618394891, 39.42477337905531 ], [ -31.146564294882047, 39.42475683665144 ], [ -31.146628403473052, 39.424744342854275 ], [ -31.147000601359277, 39.425362844471145 ], [ -31.147346337299318, 39.425634228036813 ] ] ] ] } },
{ "type": "Feature", "properties": { "municipio": "Corvo" }, "geometry": { "type": "MultiPolygon", "coordinates": [ [ [ [ -31.114143142292139, 39.669228401057012 ], [ -31.1141744893526, 39.669228909340902 ], [ -31.11418331332202, 39.669251666277489 ], [ -31.114182003045276, 39.669274167605558 ], [ -31.114161903425121, 39.669318798050249 ], [ -31.114154649042479, 39.669341203725729 ], [ -31.114155549163975, 39.669363831051754 ], [ -31.114152023659265, 39.669386297296846 ], [ -31.11412679678865, 39.669430843548547 ], [ -31.114116629187215, 39.669453201899415 ], [ -31.114111704046454, 39.669475735501408 ], [ -31.114085657805621, 39.669520358527379 ], [ -31.11407782434987, 39.669542664696429 ], [ -31.114067074075173, 39.669565013577262 ], [ -31.114072171625356, 39.669587618993106 ], [ -31.11409510856312, 39.66960159488373 ], [ -31.114189680389661, 39.669553579350399 ], [ -31.114211380789023, 39.669535822028969 ], [ -31.114243712365163, 39.66949580576798 ], [ -31.114419690643739, 39.669485237291433 ], [ -31.114450344574227, 39.669481229541923 ], [ -31.114481569312584, 39.66948624045947 ], [ -31.114510457561774, 39.669495719026351 ], [ -31.114537131813663, 39.669505160729351 ], [ -31.114600454489594, 39.669560243714471 ], [ -31.114618260839901, 39.669578550791528 ], [ -31.114670088678526, 39.669601914150526 ], [ -31.114696062635662, 39.66961134534607 ], [ -31.114726594182585, 39.669611840239 ], [ -31.11475178555283, 39.669598645107627 ], [ -31.114812094100106, 39.669550162772026 ], [ -31.114835190206133, 39.66953251899097 ], [ -31.114866004313853, 39.669496891621264 ], [ -31.114878968351835, 39.669474578609673 ], [ -31.114894845576892, 39.669452312898358 ], [ -31.114917117600445, 39.669439250516305 ], [ -31.11494637557708, 39.669435130776144 ], [ -31.114972350702427, 39.669444561027916 ], [ -31.114966084066072, 39.669512119012737 ], [ -31.114943071694665, 39.669556701400438 ], [ -31.11493092679375, 39.669574613110633 ], [ -31.114916450335656, 39.669596811476502 ], [ -31.114906399487804, 39.669619171793478 ], [ -31.114880477275989, 39.669659292311728 ], [ -31.114869028068302, 39.669681629919488 ], [ -31.114859642210515, 39.669731028343342 ], [ -31.114860544986261, 39.669753566514274 ], [ -31.114864242019241, 39.669776239249856 ], [ -31.114884847623976, 39.669794501644958 ], [ -31.114907784774271, 39.66980847828053 ], [ -31.114937374861913, 39.66981787714289 ], [ -31.114996332280551, 39.669823428304106 ], [ -31.115027679625296, 39.669823936364018 ], [ -31.115058091313781, 39.669828843832789 ], [ -31.11508779775005, 39.669833920932525 ], [ -31.115181093325802, 39.669781378265725 ], [ -31.115201277376247, 39.66976368713587 ], [ -31.115213542191103, 39.669741362735813 ], [ -31.115250880623552, 39.669705841182697 ], [ -31.115269668545221, 39.669683712766933 ], [ -31.115302816456978, 39.669643709459926 ], [ -31.115322302549323, 39.669625916883653 ], [ -31.115391927148629, 39.66958208927732 ], [ -31.115498398116138, 39.669525165425704 ], [ -31.115559487887133, 39.669503723595014 ], [ -31.115588011662734, 39.669526619092551 ], [ -31.115599052639034, 39.669549320913752 ], [ -31.115599138701249, 39.669571935018304 ], [ -31.115559710113331, 39.669602828863944 ], [ -31.115535338198139, 39.669615947378958 ], [ -31.115455577959644, 39.669655195037301 ], [ -31.115433996807052, 39.66967286443488 ], [ -31.115418126859524, 39.669690534640566 ], [ -31.115405160501904, 39.669712937769063 ], [ -31.11538354420594, 39.66975763390154 ], [ -31.115372800168259, 39.669775478304132 ], [ -31.115353435468876, 39.669793092670758 ], [ -31.115330339401211, 39.669810736555256 ], [ -31.115315977121927, 39.669833026017379 ], [ -31.115316761069888, 39.669855652350606 ], [ -31.115353620975956, 39.66991931474584 ], [ -31.115378031111419, 39.670149446320394 ], [ -31.115377421650276, 39.670171868943939 ], [ -31.11536527674571, 39.670189780697889 ], [ -31.115363152376364, 39.670212179630347 ], [ -31.115364630845235, 39.670239321037741 ], [ -31.115396400095712, 39.670275783372865 ], [ -31.115417117621561, 39.670294227679044 ], [ -31.115441458316127, 39.670308045904342 ], [ -31.115469647868164, 39.67031751289305 ], [ -31.115744109444709, 39.67029952978222 ], [ -31.116046139364641, 39.670232352461831 ], [ -31.116075394034429, 39.670228321578826 ], [ -31.116294980975919, 39.670110255840662 ], [ -31.11631807690847, 39.670092611761625 ], [ -31.116339780276505, 39.670070440380918 ], [ -31.116382945940604, 39.670035013007457 ], [ -31.116394544815055, 39.669985650359486 ], [ -31.116413910477789, 39.669968035833641 ], [ -31.116609346957219, 39.66977750421367 ], [ -31.116704324655526, 39.66968444617094 ], [ -31.116726601320053, 39.669671203327077 ], [ -31.116753887412226, 39.669658131831639 ], [ -31.116781985581046, 39.66964516359635 ], [ -31.116845504054773, 39.669641598207065 ], [ -31.116877433992077, 39.669642115216433 ], [ -31.117001048337883, 39.669572044026452 ], [ -31.117288418902849, 39.66948210305226 ], [ -31.117318494620331, 39.669473580463119 ], [ -31.117348446770691, 39.669469651561172 ], [ -31.117377821192466, 39.669465532194074 ], [ -31.1174035554561, 39.669479552796062 ], [ -31.117420751287849, 39.669520373067726 ], [ -31.117421538368927, 39.669542909349602 ], [ -31.117416495786909, 39.669569764809886 ], [ -31.117416582417402, 39.669592379827584 ], [ -31.117381427281355, 39.669654874718226 ], [ -31.117369163172018, 39.669677199364564 ], [ -31.117364825431281, 39.669699562448692 ], [ -31.117366428217455, 39.669722111056629 ], [ -31.117384118826461, 39.669740415837524 ], [ -31.117433609002237, 39.669768335760715 ], [ -31.117460280506041, 39.669782191359843 ], [ -31.117519822069685, 39.669787660617558 ], [ -31.117549654572379, 39.669788143433429 ], [ -31.117626492470301, 39.669753441744362 ], [ -31.117852548311429, 39.669585836965361 ], [ -31.11810396154749, 39.669450354982942 ], [ -31.118130434052144, 39.669437179878727 ], [ -31.11815956724644, 39.669437651201392 ], [ -31.118188575771892, 39.669442716195292 ], [ -31.118202652999383, 39.669460962284738 ], [ -31.118166594757554, 39.669500920162278 ], [ -31.118149444864052, 39.66951857090195 ], [ -31.118145307197693, 39.669563640068738 ], [ -31.118146095704184, 39.669586175469462 ], [ -31.118175644005404, 39.669627195854197 ], [ -31.11819333480976, 39.669645500516516 ], [ -31.118214759014499, 39.669659361886033 ], [ -31.118238517429955, 39.669673170090334 ], [ -31.118265766820443, 39.669687215060129 ], [ -31.118294658175387, 39.669696601744036 ], [ -31.118385786957703, 39.669698077810082 ], [ -31.118414795634582, 39.669703141849666 ], [ -31.118445207545321, 39.669708048435439 ], [ -31.118474095301497, 39.66971752601156 ], [ -31.118565107616618, 39.669718999148536 ], [ -31.118593786117373, 39.669710453585964 ], [ -31.118620249380175, 39.669701873019143 ], [ -31.118976072161786, 39.669667090856215 ], [ -31.119006026762147, 39.669663071471895 ], [ -31.119031212487645, 39.669650055502004 ], [ -31.119052792717998, 39.669632386314206 ], [ -31.119107695629925, 39.669619760786318 ], [ -31.119137769199046, 39.669615652300067 ], [ -31.119198005514281, 39.66962563665637 ], [ -31.119226076394956, 39.669635190005557 ], [ -31.119256025365306, 39.669635675169857 ], [ -31.119284921279945, 39.669640556977257 ], [ -31.119317384666417, 39.669681624298327 ], [ -31.119327150686559, 39.669699800415678 ], [ -31.119333066834745, 39.669722418873114 ], [ -31.119334429138853, 39.669749559262605 ], [ -31.119332512317225, 39.66979448426283 ], [ -31.119333416548674, 39.669817022433129 ], [ -31.119376927940618, 39.669876285718757 ], [ -31.119402050166247, 39.669917234099429 ], [ -31.119405168470337, 39.669939808133201 ], [ -31.119421344806572, 39.669958088078502 ], [ -31.119447401303937, 39.669994636972376 ], [ -31.119450404285967, 39.670017208235883 ], [ -31.119606992795905, 39.670235964047791 ], [ -31.119625385755043, 39.670254189772351 ], [ -31.119719239610689, 39.670314268288109 ], [ -31.119745792826173, 39.670328211543804 ], [ -31.120016034493617, 39.670332583401859 ], [ -31.120044108218984, 39.670342046506967 ], [ -31.120069260690816, 39.670356058002127 ], [ -31.120128797479381, 39.670366029651547 ], [ -31.120401797345096, 39.670401978205746 ], [ -31.120433844227431, 39.670402496132155 ], [ -31.120462858249244, 39.670407379560594 ], [ -31.120577722707512, 39.670440770204053 ], [ -31.120627331266654, 39.670468689790297 ], [ -31.120804705779591, 39.67056156046079 ], [ -31.120854316959171, 39.670589389899078 ], [ -31.120939186097388, 39.67065842151333 ], [ -31.121117736010607, 39.670841403025641 ], [ -31.121136940340012, 39.670859822733014 ], [ -31.121150899056072, 39.670882481161229 ], [ -31.12115833078764, 39.670905124053803 ], [ -31.121179055527062, 39.670919063654857 ], [ -31.12126936921047, 39.670920523375713 ], [ -31.121300017979674, 39.67092101843982 ], [ -31.121331129815442, 39.670925936500687 ], [ -31.12135944250247, 39.670930898451779 ], [ -31.121400765944404, 39.670967693052958 ], [ -31.121416243837636, 39.670985962322099 ], [ -31.121437667277675, 39.671004236798638 ], [ -31.12146118584533, 39.671022635266027 ], [ -31.121489376588471, 39.671032099917291 ], [ -31.121519085238369, 39.671037175412096 ], [ -31.121550311259355, 39.671042184455267 ], [ -31.121611737606546, 39.671034077909042 ], [ -31.121695317450403, 39.671012995820526 ], [ -31.121723299367321, 39.671004349024017 ], [ -31.12173625908979, 39.670982125261176 ], [ -31.12173657509868, 39.670914470606853 ], [ -31.121735086241678, 39.670891923895894 ], [ -31.121750261185934, 39.670869735969468 ], [ -31.12177521207569, 39.670861040123185 ], [ -31.121794813998296, 39.670838923810166 ], [ -31.121791694884571, 39.670816349824591 ], [ -31.121772484920324, 39.670802435739112 ], [ -31.121758527287415, 39.670779687307459 ], [ -31.121753308199352, 39.670757169441195 ], [ -31.121761842121355, 39.670734784879699 ], [ -31.121782026098884, 39.670717002501597 ], [ -31.121830186987992, 39.670690752502423 ], [ -31.121856655696341, 39.670677666581255 ], [ -31.121887304368553, 39.670678161487878 ], [ -31.12191024571014, 39.670692046723175 ], [ -31.121927327964343, 39.670732864503705 ], [ -31.121925987548732, 39.670782393675765 ], [ -31.121926076934844, 39.670804917746338 ], [ -31.121931408899673, 39.670827617619288 ], [ -31.121954233792483, 39.670841500061293 ], [ -31.122010615285408, 39.67086042911788 ], [ -31.122041026802716, 39.670865335660217 ], [ -31.122161990386726, 39.670867289564093 ], [ -31.122189152871332, 39.670858719494234 ], [ -31.122177317289196, 39.670813572003034 ], [ -31.122165458234811, 39.670790857562864 ], [ -31.122079881911478, 39.670726320103277 ], [ -31.122058340029493, 39.670712458439212 ], [ -31.122042046309129, 39.670694176057644 ], [ -31.122030302683545, 39.670671463470846 ], [ -31.122029514104526, 39.670648927188715 ], [ -31.122039560377896, 39.67062665716319 ], [ -31.122068817365253, 39.670622534710816 ], [ -31.122098650280524, 39.670623017267154 ], [ -31.122139858583097, 39.670659809745906 ], [ -31.122156851528697, 39.670678102522764 ], [ -31.122293997348738, 39.670891945478736 ], [ -31.122307956961837, 39.670910280168862 ], [ -31.122309564975236, 39.670932738706867 ], [ -31.122239084728267, 39.671008268862742 ], [ -31.122217507283437, 39.671025848593402 ], [ -31.122193140313783, 39.671034463885036 ], [ -31.122178663383234, 39.671056753253758 ], [ -31.122168612183906, 39.671079204299218 ], [ -31.122190822047251, 39.671120104977348 ], [ -31.122212365245478, 39.671133966638358 ], [ -31.12222210333514, 39.671179080199138 ], [ -31.122243374321961, 39.671224560480567 ], [ -31.122283307888779, 39.671256737491539 ], [ -31.122303216736611, 39.671274987313289 ], [ -31.122349608151715, 39.671365829911466 ], [ -31.122360071947547, 39.67138410715566 ], [ -31.122370384975437, 39.671433824800673 ], [ -31.122374787336415, 39.671456418623002 ], [ -31.122387348170275, 39.671479055197366 ], [ -31.122407951420886, 39.671497496419782 ], [ -31.122432410511866, 39.671511315103743 ], [ -31.122462699165599, 39.671520813448382 ], [ -31.122516446043175, 39.671499249206846 ], [ -31.122586311525694, 39.67145073627718 ], [ -31.122606369878582, 39.671437636619295 ], [ -31.122607503707034, 39.671365581475932 ], [ -31.122606713775898, 39.671343045176833 ], [ -31.122613851565056, 39.67132054788236 ], [ -31.122626813507463, 39.671298233961195 ], [ -31.122655939732557, 39.671303298846922 ], [ -31.122666644859077, 39.671416087777928 ], [ -31.122677667707638, 39.671655010878716 ], [ -31.122683669332616, 39.671704657878117 ], [ -31.122690985089758, 39.671727299699604 ], [ -31.122701329547873, 39.67174998959409 ], [ -31.122705726647549, 39.67177708802344 ], [ -31.122732367705922, 39.671817970156013 ], [ -31.12274772180875, 39.671840831145339 ], [ -31.122758766636487, 39.671863533260279 ], [ -31.122762587757169, 39.671886027575006 ], [ -31.122761854995321, 39.671913134049106 ], [ -31.122767771266265, 39.671935752335322 ], [ -31.122794447643749, 39.671945192185525 ], [ -31.122818091217116, 39.671958998503513 ], [ -31.122838694722965, 39.671977439654086 ], [ -31.122850554188368, 39.672000154031061 ], [ -31.122852861560887, 39.672022624768019 ], [ -31.122851552841343, 39.672045126230067 ], [ -31.122845813413502, 39.672067647047577 ], [ -31.12283261538132, 39.67209437178321 ], [ -31.122822324032068, 39.672125737413388 ], [ -31.122823928597114, 39.67214828688077 ], [ -31.122837309556168, 39.672166521155241 ], [ -31.122845437558194, 39.672189265292417 ], [ -31.122862396354787, 39.672234675735119 ], [ -31.122844431194316, 39.67225231398352 ], [ -31.122817268231753, 39.672260884193832 ], [ -31.122792112042216, 39.672246964224385 ], [ -31.122771381679513, 39.672233205907283 ], [ -31.122747626368142, 39.672219217584761 ], [ -31.122729931265283, 39.672201003635145 ], [ -31.122708628527398, 39.672182551158976 ], [ -31.122681954510725, 39.672173021232879 ], [ -31.12265130635371, 39.672172525638807 ], [ -31.122590942905813, 39.672167135802383 ], [ -31.122560410096174, 39.672166642950543 ], [ -31.12240642218627, 39.672200192092653 ], [ -31.122416767755649, 39.672222882929596 ], [ -31.122423621605176, 39.672241011690382 ], [ -31.122425110673763, 39.672263559294073 ], [ -31.122433940186824, 39.672286224709957 ], [ -31.122447196690938, 39.672309051814125 ], [ -31.12247162121702, 39.672349988251135 ], [ -31.122489491127997, 39.672417755912548 ], [ -31.122459533034242, 39.672421867125998 ], [ -31.122431341615954, 39.672412401795533 ], [ -31.122404665113912, 39.672402961859497 ], [ -31.122353657221762, 39.672375020394568 ], [ -31.122312206925276, 39.672342817976563 ], [ -31.122297427676799, 39.672324561027381 ], [ -31.122294424884203, 39.67230198894012 ], [ -31.122295030989818, 39.672279566216858 ], [ -31.122281244413919, 39.672116996396483 ], [ -31.122265771438098, 39.672094223518506 ], [ -31.122246564008911, 39.672075894941663 ], [ -31.122211875811367, 39.672039387248034 ], [ -31.122203745595584, 39.672016733125879 ], [ -31.122202142507707, 39.671994093580764 ], [ -31.122193313104578, 39.671971428148829 ], [ -31.122175620650463, 39.671953124064231 ], [ -31.12215489594638, 39.671934860124047 ], [ -31.122070016183187, 39.671870424018998 ], [ -31.122038667786718, 39.671869917838215 ], [ -31.12200999123672, 39.671878373282738 ], [ -31.121984918037949, 39.671891571901547 ], [ -31.121966251118035, 39.67190928875609 ], [ -31.121953172311382, 39.67193160070844 ], [ -31.121945337458598, 39.671953997488792 ], [ -31.121937477883378, 39.671998826394983 ], [ -31.121923294633884, 39.672066256712732 ], [ -31.121911033950465, 39.672088491800032 ], [ -31.121904597481983, 39.672110910297505 ], [ -31.12189603194826, 39.672160322577405 ], [ -31.121904281585504, 39.672178564942783 ], [ -31.121914716351817, 39.672223779885918 ], [ -31.121913848524418, 39.672363499064296 ], [ -31.121894368161882, 39.67238111265182 ], [ -31.121866990111045, 39.672371751337771 ], [ -31.121844050675332, 39.672357776030211 ], [ -31.121811461296236, 39.672321303073566 ], [ -31.121795985452049, 39.672302943797028 ], [ -31.121767794154074, 39.67229347920901 ], [ -31.121738779243188, 39.672288596087483 ], [ -31.121708010341091, 39.672292512900263 ], [ -31.121682240175765, 39.672305610081153 ], [ -31.121659963529481, 39.672318854773387 ], [ -31.121623329777062, 39.67235420870152 ], [ -31.121567295562024, 39.672434386754134 ], [ -31.121560043213339, 39.67245679202933 ], [ -31.121544742130759, 39.672483662773374 ], [ -31.121533017788757, 39.672542033318784 ], [ -31.121533687811269, 39.672568982288013 ], [ -31.121530980244209, 39.672591461096339 ], [ -31.121531068182037, 39.672614076131573 ], [ -31.121575313928219, 39.672646323155057 ], [ -31.121641106848283, 39.6726923427995 ], [ -31.121661011040509, 39.672710772842066 ], [ -31.121678582802396, 39.672733490561264 ], [ -31.121690562716172, 39.672751792391502 ], [ -31.121699360485426, 39.672801485568399 ], [ -31.121699566308521, 39.672824011515424 ], [ -31.121695927650951, 39.672846476164004 ], [ -31.121683666747646, 39.672868711219465 ], [ -31.12166386214459, 39.672958573161857 ], [ -31.1216653522463, 39.672981030693734 ], [ -31.121719906751938, 39.673067499989436 ], [ -31.12175622852984, 39.6730996187447 ], [ -31.121776135281426, 39.673117959615716 ], [ -31.121802687541432, 39.673131992484159 ], [ -31.121887967109242, 39.673155893819676 ], [ -31.121943659111558, 39.673170216964273 ], [ -31.121971149115904, 39.673179761161585 ], [ -31.121995490996646, 39.673193578041783 ], [ -31.122013997008761, 39.67321198540666 ], [ -31.122029592079326, 39.673230256488019 ], [ -31.122067893350476, 39.673266821776345 ], [ -31.122084883284003, 39.673285204606337 ], [ -31.122098144703831, 39.673307852539743 ], [ -31.122115135820533, 39.673326235384472 ], [ -31.122137956127883, 39.673344622420615 ], [ -31.122167670694747, 39.67334951766275 ], [ -31.122408704353735, 39.673326384272947 ], [ -31.122438080698391, 39.673317939152319 ], [ -31.122468730523174, 39.673318434833362 ], [ -31.122559492090691, 39.673437020407064 ], [ -31.122569840318022, 39.673459621176669 ], [ -31.122608135960576, 39.673496366385457 ], [ -31.1226289807298, 39.673510217576691 ], [ -31.122784746143843, 39.673652376744641 ], [ -31.122805353837638, 39.673670637779551 ], [ -31.122892390787015, 39.673685647484795 ], [ -31.122922225033957, 39.673686129860407 ], [ -31.122977915253145, 39.673700542577208 ], [ -31.123004708842053, 39.673709985177723 ], [ -31.123030450711354, 39.673723824477058 ], [ -31.123232432707745, 39.673907360869585 ], [ -31.12325467618161, 39.673921233659456 ], [ -31.123280534691354, 39.673935075690295 ], [ -31.123310605062777, 39.673931146273368 ], [ -31.123340562580882, 39.673927035737165 ], [ -31.123396830419765, 39.6739459622951 ], [ -31.123422106757996, 39.673955470368696 ], [ -31.123445751155767, 39.673969275672853 ], [ -31.123464959414829, 39.67398760406541 ], [ -31.123475482820833, 39.674055433909878 ], [ -31.123473476187041, 39.674077924092281 ], [ -31.123475660761226, 39.674104897530327 ], [ -31.123485313092186, 39.674123071460222 ], [ -31.123563543642781, 39.674196408473946 ], [ -31.123584147993828, 39.674214849505788 ], [ -31.123608608266657, 39.674228667963853 ], [ -31.123634469856952, 39.67423809535682 ], [ -31.123659625764414, 39.674252015141349 ], [ -31.123694308037624, 39.674293117105258 ], [ -31.123708148003228, 39.674315953493938 ], [ -31.123715063946452, 39.674383543923554 ], [ -31.123715270384835, 39.674406070777273 ], [ -31.123729229352577, 39.674428818992467 ], [ -31.123730832965034, 39.674451458520551 ], [ -31.123735234759028, 39.674474052276267 ], [ -31.12374336933879, 39.674496616264769 ], [ -31.123747188430134, 39.674519201503593 ], [ -31.123724212237303, 39.67453243437884 ], [ -31.123699756710256, 39.674518435833406 ], [ -31.123681239724892, 39.674504712548526 ], [ -31.123641546250553, 39.67446353048998 ], [ -31.123350580561524, 39.67422909659831 ], [ -31.123276657966684, 39.674160243691908 ], [ -31.123252682438526, 39.674132828796203 ], [ -31.123226254310854, 39.674109878950759 ], [ -31.123208436720912, 39.674096167798261 ], [ -31.123187709361705, 39.674082318608328 ], [ -31.123167682475842, 39.674068391545674 ], [ -31.12314753126094, 39.674059057267129 ], [ -31.123123772821355, 39.674045159063894 ], [ -31.123095697166157, 39.674035696664156 ], [ -31.123064923836242, 39.674039793947223 ], [ -31.12304719842345, 39.674048517683325 ], [ -31.123041705141798, 39.674061942080577 ], [ -31.123039244211263, 39.674075326309733 ], [ -31.123040034279224, 39.674097862599879 ], [ -31.12304618924205, 39.674115980022023 ], [ -31.123058053186448, 39.674134280737583 ], [ -31.123077144848207, 39.674152607308407 ], [ -31.123099968119728, 39.67417090411071 ], [ -31.123119874391524, 39.674189243844282 ], [ -31.123141418687716, 39.674203106253316 ], [ -31.123163659797289, 39.67421706911643 ], [ -31.123188702665598, 39.674230897080875 ], [ -31.12321479485523, 39.674240417488022 ], [ -31.123244385559058, 39.674249905252111 ], [ -31.123270943429876, 39.674263757689957 ], [ -31.123293062694874, 39.674282223262146 ], [ -31.123308085197454, 39.674291475510486 ], [ -31.123311910680467, 39.674309555262262 ], [ -31.123310845792286, 39.674323052158222 ], [ -31.123304775183524, 39.67433196343265 ], [ -31.123298463229847, 39.674349790117873 ], [ -31.123295634250287, 39.674376771705553 ], [ -31.123300611955042, 39.674403969584013 ], [ -31.12332355187981, 39.674422269129316 ], [ -31.123341245248554, 39.674440573053545 ], [ -31.123356601374621, 39.674463343897457 ], [ -31.123375685417432, 39.674486265093613 ], [ -31.123393256906439, 39.674509072643986 ], [ -31.123413738945167, 39.674536340946787 ], [ -31.123440383083746, 39.674572897544046 ], [ -31.123454796285227, 39.674604662539899 ], [ -31.123456068669391, 39.67461369251297 ], [ -31.123445692797301, 39.674617939407206 ], [ -31.12342307679592, 39.674622169538665 ], [ -31.123379257688235, 39.674621461230828 ], [ -31.123367359040451, 39.674630278300221 ], [ -31.123376306813565, 39.674652946453186 ], [ -31.123391211147634, 39.674666610488877 ], [ -31.123400285001139, 39.674680271271754 ], [ -31.123402131138306, 39.674693904415847 ], [ -31.123379975434705, 39.674706971197139 ], [ -31.123358519446167, 39.674715723868921 ], [ -31.12333763670614, 39.674733405115255 ], [ -31.123321305428743, 39.674746655229434 ], [ -31.123304979499721, 39.674755400724699 ], [ -31.123263702702001, 39.674772752281498 ], [ -31.123240851916975, 39.67478130309631 ], [ -31.123227312146803, 39.674799103026707 ], [ -31.123218328073204, 39.674807966295866 ], [ -31.123209222074497, 39.67482133319713 ], [ -31.123200812858787, 39.67483480145598 ], [ -31.123193102378234, 39.674852605524798 ], [ -31.123183874468278, 39.674870475155956 ], [ -31.123175343340453, 39.674888446144763 ], [ -31.123158074330401, 39.674906185778283 ], [ -31.123141864880864, 39.674914933132982 ], [ -31.123124017369108, 39.674928158706017 ], [ -31.123094395349785, 39.674945698620704 ], [ -31.123073057062566, 39.674954363047384 ], [ -31.123044864513762, 39.674944898744137 ], [ -31.123015854463901, 39.674939834924729 ], [ -31.122957583291115, 39.674938894600281 ], [ -31.122918311902485, 39.674933845036648 ], [ -31.122888601452576, 39.67492877076198 ], [ -31.122834428236288, 39.674909967017136 ], [ -31.122795641578698, 39.674891322849682 ], [ -31.122765356835604, 39.674877319045287 ], [ -31.12273880371729, 39.674863286380727 ], [ -31.122715858392556, 39.674849492237392 ], [ -31.12270223557611, 39.674840172452271 ], [ -31.122683600358165, 39.674830862607337 ], [ -31.122653312036348, 39.674816949711037 ], [ -31.122582479014877, 39.674797696257215 ], [ -31.12255067394425, 39.674788173414875 ], [ -31.122520966553786, 39.674778684487499 ], [ -31.122486486551605, 39.67476461366612 ], [ -31.122464939757769, 39.674750842090923 ], [ -31.122432679399484, 39.674732302448085 ], [ -31.122404733372839, 39.67471374247792 ], [ -31.122383303172807, 39.674699971872414 ], [ -31.122359788559567, 39.674677068952725 ], [ -31.122327319276224, 39.674640417898239 ], [ -31.122316607540288, 39.674631235244952 ], [ -31.122305197750514, 39.674622041300509 ], [ -31.122272933890777, 39.674603591651064 ], [ -31.12183590610897, 39.674596530412629 ], [ -31.121806895138821, 39.674591466277398 ], [ -31.121789534125888, 39.674586771700497 ], [ -31.121730114315554, 39.674572297170613 ], [ -31.121688868821874, 39.674562621358547 ], [ -31.121662073219241, 39.674557593930878 ], [ -31.121512697461302, 39.674528241615924 ], [ -31.121425292486968, 39.674526829117426 ], [ -31.121400918699589, 39.674539948820062 ], [ -31.121394603798944, 39.674557865443724 ], [ -31.121359032660539, 39.674579813349617 ], [ -31.121322183911481, 39.674597235867559 ], [ -31.121304220776182, 39.674610459288211 ], [ -31.121288465185234, 39.674628223131897 ], [ -31.121282152687275, 39.674646049693742 ], [ -31.121283056303572, 39.6746686770203 ], [ -31.121284543856117, 39.674691224603301 ], [ -31.121285449913646, 39.674713761875161 ], [ -31.121286476804599, 39.674731797301213 ], [ -31.121287265160227, 39.674754332668194 ], [ -31.121283988102199, 39.674767703648946 ], [ -31.121283379151286, 39.674790217304668 ], [ -31.121298856685815, 39.674808485678057 ], [ -31.121315273151794, 39.674822265442437 ], [ -31.121329353419387, 39.674840511200706 ], [ -31.121331323587388, 39.674849552486435 ], [ -31.121317544787175, 39.674871852122969 ], [ -31.121291529526726, 39.674893954641895 ], [ -31.121291616194284, 39.674916569648175 ], [ -31.121292277041984, 39.674948112354954 ], [ -31.121293191004099, 39.674966055858825 ], [ -31.121292702910075, 39.674984066767806 ], [ -31.121283352497397, 39.675006438062155 ], [ -31.121272728674509, 39.675019870339625 ], [ -31.121264440481049, 39.675033160225091 ], [ -31.121251480408386, 39.675051059395194 ], [ -31.121235725864963, 39.675068823246619 ], [ -31.121217635067882, 39.675091053989469 ], [ -31.121190802761717, 39.675113143261761 ], [ -31.121169101707391, 39.675135225476147 ], [ -31.121170006562068, 39.675157762727643 ], [ -31.121174284221386, 39.67518495025999 ], [ -31.121185664615513, 39.675221081053877 ], [ -31.121224323479527, 39.675248733092168 ], [ -31.121235157187435, 39.675253413117304 ], [ -31.121260311677794, 39.675267423490276 ], [ -31.121305502191301, 39.675290677401733 ], [ -31.121329146595446, 39.675304483134873 ], [ -31.121349173446703, 39.675318410511665 ], [ -31.121364072002056, 39.675336580313662 ], [ -31.121365681631595, 39.67535462426644 ], [ -31.121373476285509, 39.675363849896506 ], [ -31.121391166317753, 39.67538656866715 ], [ -31.121409556165453, 39.675404975146591 ], [ -31.121430162715196, 39.675423326497601 ], [ -31.121472768832032, 39.67546455643091 ], [ -31.121483812626973, 39.675487257738062 ], [ -31.121499497236179, 39.675528052943037 ], [ -31.121514939005017, 39.675577853619622 ], [ -31.121520855132129, 39.675600471953643 ], [ -31.121538550718224, 39.675618686991015 ], [ -31.121612312789459, 39.675723575102595 ], [ -31.121618228959122, 39.67574619343214 ], [ -31.121619018562221, 39.675768729715365 ], [ -31.121610575551919, 39.675813549128357 ], [ -31.121595520151509, 39.675831324338034 ], [ -31.121555150285236, 39.675866798849924 ], [ -31.121528687415505, 39.675875289975757 ], [ -31.121502096455277, 39.675888464813262 ], [ -31.121439570075243, 39.675937004780195 ], [ -31.121420904329334, 39.675954631451788 ], [ -31.121414009634719, 39.675968124082452 ], [ -31.121411884548845, 39.675990612300438 ], [ -31.121385960449803, 39.676035149721024 ], [ -31.121344981421608, 39.67609313690442 ], [ -31.121323399682002, 39.676110806466092 ], [ -31.121248762657824, 39.676150141844602 ], [ -31.121218927379484, 39.676149659014278 ], [ -31.120915549081783, 39.676158268454778 ], [ -31.120827661832475, 39.676170270792653 ], [ -31.120556681641165, 39.676274089812928 ], [ -31.120431783403127, 39.676339549076971 ], [ -31.120401824669262, 39.676343659732645 ], [ -31.120373959399604, 39.6763522179806 ], [ -31.120327311447987, 39.67637840082007 ], [ -31.120237341352464, 39.676471542783851 ], [ -31.120217157696988, 39.676489234773236 ], [ -31.120203494712264, 39.676511537042941 ], [ -31.120193327920905, 39.676533895922049 ], [ -31.120192015753993, 39.676556487369623 ], [ -31.120183363973801, 39.676578870779025 ], [ -31.120164870807066, 39.676646050838933 ], [ -31.120165536690823, 39.676673088921426 ], [ -31.120161313950266, 39.676884827939794 ], [ -31.120159189584346, 39.676907316140088 ], [ -31.120160094086234, 39.676929854286286 ], [ -31.120181807051104, 39.677092371466742 ], [ -31.120216577332684, 39.677155998471306 ], [ -31.120227624566514, 39.67717860985281 ], [ -31.120336098011851, 39.677396586388568 ], [ -31.120369443505528, 39.677482712875296 ], [ -31.120371044884429, 39.677505352395407 ], [ -31.120389875123319, 39.677645209261811 ], [ -31.120370387962097, 39.677663002643065 ], [ -31.120361039276499, 39.677685284683868 ], [ -31.120358419836865, 39.677730288367357 ], [ -31.120363723984219, 39.677775510434508 ], [ -31.120346331425182, 39.677797752329958 ], [ -31.12032626393939, 39.677815446212954 ], [ -31.120312608710186, 39.677833153821418 ], [ -31.120322950771694, 39.67785593396281 ], [ -31.120329683609913, 39.6778785664727 ], [ -31.120331051247188, 39.677905525817884 ], [ -31.120340819775578, 39.677923701878015 ], [ -31.120350521647108, 39.677995933250436 ], [ -31.1203303351184, 39.678013715299741 ], [ -31.120300799844536, 39.678053778477647 ], [ -31.120297977469072, 39.678076166181661 ], [ -31.120300280528969, 39.67809872696786 ], [ -31.120310626230012, 39.678121417074642 ], [ -31.120326921177227, 39.678139698806966 ], [ -31.120359271266466, 39.678180763982311 ], [ -31.120379992428028, 39.678199207465745 ], [ -31.120385212722194, 39.6782217244874 ], [ -31.120399290929477, 39.678240061313865 ], [ -31.120412641507237, 39.678285232563205 ], [ -31.120401775241355, 39.678307580128205 ], [ -31.120386718969982, 39.678325355153746 ], [ -31.120367346987511, 39.678343150396024 ], [ -31.120342858702102, 39.678356177909386 ], [ -31.120325002926503, 39.678373997693427 ], [ -31.120264969711002, 39.678382035963033 ], [ -31.120236287769313, 39.678390581846593 ], [ -31.120215406718071, 39.678408172440044 ], [ -31.120197436795479, 39.678425900261708 ], [ -31.119971481356085, 39.678588915142925 ], [ -31.119911041181886, 39.678642082817014 ], [ -31.119895163319061, 39.678664349169445 ], [ -31.119823861381786, 39.67873968419471 ], [ -31.119618755374887, 39.678912045431595 ], [ -31.119489122080406, 39.679126169348102 ], [ -31.119361461158498, 39.679344919850429 ], [ -31.119338486247457, 39.679357971661865 ], [ -31.119330649622189, 39.679380368198771 ], [ -31.119316991375602, 39.679398165726646 ], [ -31.119281741760801, 39.679438226148903 ], [ -31.119241495606467, 39.67946901783084 ], [ -31.119206581089045, 39.679522507657303 ], [ -31.119176627825208, 39.679522023280683 ], [ -31.119141782889429, 39.67951704413889 ], [ -31.119022145296587, 39.679469972291457 ], [ -31.118783933681662, 39.679358096054152 ], [ -31.118695489687504, 39.679343150525071 ], [ -31.118384421285135, 39.679338114520895 ], [ -31.118078362309014, 39.679337572591791 ], [ -31.117806895061538, 39.679351284977976 ], [ -31.117777513166835, 39.679359818898618 ], [ -31.117225405812288, 39.679643584887742 ], [ -31.117183757685918, 39.679674442302641 ], [ -31.117153520582935, 39.679714494168465 ], [ -31.117141339773653, 39.679759432769288 ], [ -31.117164862467355, 39.679777742970487 ], [ -31.117299517494761, 39.67983857436208 ], [ -31.117449287077825, 39.679931092581867 ], [ -31.117501662733872, 39.67999041106534 ], [ -31.11750244856951, 39.680013036484176 ], [ -31.117496126368444, 39.680035457447467 ], [ -31.117477339507683, 39.680053171587623 ], [ -31.117455177391346, 39.680066326294401 ], [ -31.117438849474834, 39.680075070909787 ], [ -31.117399750371263, 39.680119393730159 ], [ -31.117383871357795, 39.680141659706592 ], [ -31.117365200985166, 39.68015937571694 ], [ -31.117321547029384, 39.680208308626959 ], [ -31.117232718425988, 39.68031489064505 ], [ -31.117220574558072, 39.680332712478503 ], [ -31.117221791037831, 39.680476879782226 ], [ -31.11725148642876, 39.68058997608486 ], [ -31.117328355955948, 39.680816541316837 ], [ -31.117336608929914, 39.680834693941662 ], [ -31.11734240292569, 39.680861815178986 ], [ -31.117344005794479, 39.680884364652592 ], [ -31.117348519923361, 39.680907050531573 ], [ -31.117358865030351, 39.680929740878135 ], [ -31.117434726281331, 39.681034576405274 ], [ -31.117468017675243, 39.681071061939988 ], [ -31.117612272637512, 39.681285205605185 ], [ -31.117636788702526, 39.681348576974024 ], [ -31.117642703949713, 39.681371196366669 ], [ -31.117653049217363, 39.6813938866892 ], [ -31.117667005037422, 39.681416725648027 ], [ -31.117673128339284, 39.681461780895951 ], [ -31.117673790751976, 39.681488909904388 ], [ -31.117671780763111, 39.681511399890688 ], [ -31.117671872229081, 39.681533834757886 ], [ -31.117677088235556, 39.681556441909571 ], [ -31.117688132830196, 39.681579143567802 ], [ -31.117703487253593, 39.681602006100313 ], [ -31.11772573198775, 39.68161587996461 ], [ -31.11773526275697, 39.681638466979216 ], [ -31.117751555355149, 39.681656839120379 ], [ -31.117777535377883, 39.681666269743346 ], [ -31.117807372995433, 39.681666752612912 ], [ -31.117832567113219, 39.681653556909652 ], [ -31.117850537216043, 39.681635919570716 ], [ -31.117877985814335, 39.681591227539563 ], [ -31.117942035000475, 39.681542714279196 ], [ -31.117966985340818, 39.681534199477376 ], [ -31.118029818681133, 39.681526207817242 ], [ -31.118059772791071, 39.681526692509969 ], [ -31.118086452100442, 39.681536134400091 ], [ -31.118093183372071, 39.681558766097872 ], [ -31.118085929978168, 39.68158117199291 ], [ -31.118083797858318, 39.681608164702915 ], [ -31.118085400976462, 39.681630714169636 ], [ -31.118081877149418, 39.681653179622799 ], [ -31.118073226437588, 39.681675472770849 ], [ -31.118067486990103, 39.68169790320681 ], [ -31.11807561440774, 39.681720647632048 ], [ -31.11808186025662, 39.681761200149424 ], [ -31.118074483432274, 39.681788107836624 ], [ -31.118059548047295, 39.681801379804604 ], [ -31.118074899373472, 39.681828656839905 ], [ -31.118098418136203, 39.68184714607613 ], [ -31.118166590191802, 39.68185725877067 ], [ -31.118195853279914, 39.681853138339051 ], [ -31.118221742964806, 39.681840134014529 ], [ -31.118250305608704, 39.681836001314117 ], [ -31.118278500223095, 39.681845466822097 ], [ -31.118279286285226, 39.681868093135847 ], [ -31.118260616932695, 39.681885719206491 ], [ -31.118247773739771, 39.681903529807464 ], [ -31.118229680131467, 39.681925759994961 ], [ -31.118187451542042, 39.681952193741793 ], [ -31.118175887095525, 39.681974439664572 ], [ -31.118169449547661, 39.681996857887363 ], [ -31.118170112151621, 39.682023986895281 ], [ -31.118196052477423, 39.682064947848502 ], [ -31.118216085443464, 39.682078696573804 ], [ -31.118243309024248, 39.682119678317818 ], [ -31.118252138285385, 39.682142344012689 ], [ -31.118266912713235, 39.682165106975575 ], [ -31.118291289807146, 39.682151988024806 ], [ -31.118308561913569, 39.682134249208488 ], [ -31.118331659033029, 39.682116694900266 ], [ -31.118356038567175, 39.682103484980281 ], [ -31.118383905242322, 39.682094927266469 ], [ -31.118414558899897, 39.68209542320789 ], [ -31.11844706594308, 39.68210495947271 ], [ -31.118467793402932, 39.68211889869805 ], [ -31.118487004931389, 39.682137137858028 ], [ -31.118502476312813, 39.682160001280323 ], [ -31.118503963023635, 39.682182548853788 ], [ -31.118490997597412, 39.682204862195384 ], [ -31.118431323066357, 39.682203895907357 ], [ -31.118403008512583, 39.682198842192456 ], [ -31.118371655512608, 39.682198334912343 ], [ -31.118348674565649, 39.682211566603563 ], [ -31.118356805715901, 39.682234221875952 ], [ -31.118371466116834, 39.682256891982526 ], [ -31.118381930380266, 39.682275169566907 ], [ -31.118388665397248, 39.68229771211395 ], [ -31.118366347482699, 39.682342396427757 ], [ -31.118349774635227, 39.682360146585921 ], [ -31.11833910921154, 39.682405109858955 ], [ -31.11834071242108, 39.682427659321611 ], [ -31.118359105703487, 39.682445975333394 ], [ -31.118385663185148, 39.682459918975979 ], [ -31.118390883069488, 39.68248243696447 ], [ -31.118381530621665, 39.682504807951609 ], [ -31.118362280338527, 39.682518100112397 ], [ -31.118332203546633, 39.682522118201383 ], [ -31.118304335526194, 39.682530675879086 ], [ -31.118264781887852, 39.682565982210207 ], [ -31.118228019356806, 39.682601513958446 ], [ -31.118207949904832, 39.682619207415627 ], [ -31.118191379393828, 39.682636867493585 ], [ -31.118167660162676, 39.68268162004442 ], [ -31.118158361375748, 39.682753542626124 ], [ -31.118159965695455, 39.682776092107687 ], [ -31.118150004268099, 39.682820886583329 ], [ -31.118140127093042, 39.682888386085743 ], [ -31.11815195364797, 39.682938127642132 ], [ -31.118180780671111, 39.683001658864342 ], [ -31.118192524925004, 39.683024372714982 ], [ -31.118201473269032, 39.683046950247736 ], [ -31.118230911642701, 39.683087968794148 ], [ -31.118246388843733, 39.683106327647756 ], [ -31.118264898824698, 39.683124645565364 ], [ -31.118291580050165, 39.683133997347916 ], [ -31.118322234165525, 39.683134493324474 ], [ -31.11833345649627, 39.683202243846907 ], [ -31.11833284523934, 39.683224757412844 ], [ -31.118349837663072, 39.683243140812856 ], [ -31.118378032857017, 39.683252606308315 ], [ -31.118407052033771, 39.683257491264648 ], [ -31.118435367041911, 39.683262544087377 ], [ -31.118461227983197, 39.683276386329858 ], [ -31.118489304210637, 39.683285939964144 ], [ -31.118519259064314, 39.683286425456714 ], [ -31.118577083522748, 39.683278262238865 ], [ -31.118607166291039, 39.683269740392106 ], [ -31.118666143627674, 39.683270694396576 ], [ -31.118693639546574, 39.683280149384117 ], [ -31.118700343947342, 39.683325304082139 ], [ -31.118693902815149, 39.68334781236549 ], [ -31.118670224673135, 39.683360942723176 ], [ -31.118641210297017, 39.683355878623267 ], [ -31.118582933387348, 39.683354935056329 ], [ -31.118579494129182, 39.683400015457423 ], [ -31.118583315517014, 39.683422510769773 ], [ -31.118602522535138, 39.683440930024531 ], [ -31.118628383576478, 39.683454772231727 ], [ -31.118640945982076, 39.683473084695521 ], [ -31.118615173467038, 39.683486091005328 ], [ -31.118585917835382, 39.683485616869049 ], [ -31.118560141671018, 39.683498714102193 ], [ -31.118528788104832, 39.683498205950194 ], [ -31.118505108601035, 39.683511426345056 ], [ -31.118496455323633, 39.683533809569887 ], [ -31.118470565042433, 39.683546813938378 ], [ -31.118449099994695, 39.683560070212934 ], [ -31.118466913256622, 39.68357828761296 ], [ -31.118496052398029, 39.683578758990556 ], [ -31.11852564637001, 39.683588247121612 ], [ -31.118551627218785, 39.683597677587905 ], [ -31.118570017246359, 39.6836160836068 ], [ -31.118572323489815, 39.683638553461996 ], [ -31.118498165666875, 39.683659875941551 ], [ -31.118468327179695, 39.683659393229355 ], [ -31.118439063337931, 39.68366351371084 ], [ -31.118439851894621, 39.68368604996423 ], [ -31.118419781004668, 39.683703743429902 ], [ -31.118411828151288, 39.683726138000033 ], [ -31.118411216932898, 39.683748650664398 ], [ -31.118417135077792, 39.683771179064721 ], [ -31.118427480904607, 39.683793870224314 ], [ -31.118433395333739, 39.683816578751262 ], [ -31.118413551111118, 39.683933377362337 ], [ -31.118412332251857, 39.683978313554604 ], [ -31.118413119633843, 39.684000849788021 ], [ -31.118420549256367, 39.684023582873749 ], [ -31.118434507107914, 39.684046331675823 ], [ -31.118444127655199, 39.684091443554081 ], [ -31.118456073058141, 39.684325966848988 ], [ -31.118501130913462, 39.684461744260737 ], [ -31.118510078246736, 39.684484411844302 ], [ -31.118511681533374, 39.684506961299391 ], [ -31.118523423712272, 39.68452976427325 ], [ -31.118621471786895, 39.684702436209506 ], [ -31.118630301444146, 39.684725102777293 ], [ -31.11864198888399, 39.684887457562553 ], [ -31.118642652845949, 39.684914585678342 ], [ -31.118647871802121, 39.6849371036337 ], [ -31.118722340557881, 39.68504191483251 ], [ -31.118761545482286, 39.685101199481942 ], [ -31.118773989608567, 39.685123923711181 ], [ -31.118791684344671, 39.685142229233655 ], [ -31.118816846720193, 39.68515606007815 ], [ -31.118846802411998, 39.685156544604638 ], [ -31.118875703419626, 39.685161517627378 ], [ -31.118859245385838, 39.685179269707099 ], [ -31.118851292509529, 39.685201663400754 ], [ -31.118852893470258, 39.685224302905759 ], [ -31.118879576767817, 39.68523365368921 ], [ -31.11891023182195, 39.685234149532334 ], [ -31.118922062465227, 39.685279477366699 ], [ -31.11892366833878, 39.685301936762514 ], [ -31.118955436728765, 39.685343082069686 ], [ -31.118972315683735, 39.685361374345987 ], [ -31.118973919154524, 39.685383922894935 ], [ -31.118987881056725, 39.68540658160078 ], [ -31.119012341793045, 39.685420491128134 ], [ -31.119031710111091, 39.685402876277173 ], [ -31.119046892967202, 39.685380509625411 ], [ -31.119064863772525, 39.685362872124742 ], [ -31.119094246931017, 39.685354337924004 ], [ -31.119134887347094, 39.685386528352083 ], [ -31.119156312026988, 39.685404893351908 ], [ -31.119176223947921, 39.685423143744373 ], [ -31.119193918866014, 39.68544144920893 ], [ -31.119207297672556, 39.685459773935726 ], [ -31.119233124437287, 39.685500732809494 ], [ -31.119247785753839, 39.685523403716878 ], [ -31.119289241084651, 39.685555606393031 ], [ -31.11930763297751, 39.685574012324913 ], [ -31.119319497007268, 39.685596637904993 ], [ -31.119340927441257, 39.685610498270592 ], [ -31.119368424398992, 39.68561995221819 ], [ -31.119376555075931, 39.685642607404958 ], [ -31.119394949458581, 39.685660923269559 ], [ -31.11942080903253, 39.685674855372731 ], [ -31.119474287784403, 39.685693739580181 ], [ -31.119499329055081, 39.685707748503852 ], [ -31.119527527850515, 39.685717123689336 ], [ -31.119558183105404, 39.685717620266971 ], [ -31.119588841567076, 39.685713701387733 ], [ -31.119617861889619, 39.685718585165127 ], [ -31.119636372888031, 39.685736903781752 ], [ -31.119637160690331, 39.685759439109709 ], [ -31.119643075660719, 39.68578214758103 ], [ -31.11966088862653, 39.685800364793188 ], [ -31.119712030837601, 39.685823714837724 ], [ -31.119736253141998, 39.685842125045326 ], [ -31.119944577822142, 39.686007751877099 ], [ -31.12014076419252, 39.686191019460225 ], [ -31.120281773443061, 39.686310510454298 ], [ -31.120298886119002, 39.686328805422711 ], [ -31.120301073980745, 39.686351363415959 ], [ -31.120342375859057, 39.686415096088638 ], [ -31.120555015629026, 39.686585116208242 ], [ -31.120746071823245, 39.686768479904394 ], [ -31.120962324532378, 39.686938646964336 ], [ -31.121177185133849, 39.687104286399979 ], [ -31.121209781959159, 39.687140760522112 ], [ -31.12137484663106, 39.687422714784624 ], [ -31.121539469250834, 39.687587631528828 ], [ -31.121733449633705, 39.687770860740557 ], [ -31.121877533732071, 39.687858866708218 ], [ -31.121925644617413, 39.687886582242804 ], [ -31.122025288497799, 39.688000807111038 ], [ -31.122037272235811, 39.688019019751536 ], [ -31.12204458931669, 39.688041660688498 ], [ -31.122068194952547, 39.688087178689855 ], [ -31.12210662373516, 39.688119331405957 ], [ -31.122219563943144, 39.688229177314888 ], [ -31.122303728096906, 39.688325133672905 ], [ -31.122415302318942, 39.688403604633372 ], [ -31.122432388828479, 39.688444422331344 ], [ -31.122449264022734, 39.688467217836546 ], [ -31.122486993804589, 39.688499360022895 ], [ -31.122544515342113, 39.688554253864275 ], [ -31.122553463296413, 39.688576922046266 ], [ -31.122565207458816, 39.68859972464363 ], [ -31.122711258503969, 39.688804701425035 ], [ -31.1228571859989, 39.689014269910373 ], [ -31.122875582159296, 39.689032586156515 ], [ -31.122897130927804, 39.689046447784285 ], [ -31.122942202178105, 39.689078797729309 ], [ -31.122963634388675, 39.689092658361055 ], [ -31.122998446594895, 39.689129166904088 ], [ -31.123008675692784, 39.689151944958745 ], [ -31.123013775533188, 39.689178965482618 ], [ -31.123027938266834, 39.689224419796389 ], [ -31.123038984568264, 39.689247121868753 ], [ -31.123092044090139, 39.689329061544257 ], [ -31.123146612470428, 39.68941553028349 ], [ -31.123147520411464, 39.689437977432128 ], [ -31.123158567949446, 39.689460679512891 ], [ -31.123176964329708, 39.689478994814039 ], [ -31.123223437172857, 39.68951127721752 ], [ -31.123273883939778, 39.689534615364543 ], [ -31.123324089809696, 39.68956254348096 ], [ -31.123344824145459, 39.689576302666794 ], [ -31.123403036348499, 39.689635892130894 ], [ -31.12357404295777, 39.689836765661013 ], [ -31.123743408395494, 39.690042298195038 ], [ -31.123809308643967, 39.690110840915629 ], [ -31.123888322329094, 39.690125720313645 ], [ -31.12412671435429, 39.690422277923716 ], [ -31.124339956005482, 39.690592390077171 ], [ -31.124590778952783, 39.690722656864345 ], [ -31.124613724461938, 39.690740956241036 ], [ -31.124625593962438, 39.690759165868364 ], [ -31.124639522017869, 39.690809031692687 ], [ -31.124641129830106, 39.690831490135189 ], [ -31.124648448029376, 39.690854130924571 ], [ -31.124658796885534, 39.690876821575344 ], [ -31.124675212436312, 39.690895104639786 ], [ -31.124701734859766, 39.69094066832497 ], [ -31.124730542768244, 39.691031135661532 ], [ -31.124752879525939, 39.691067623233003 ], [ -31.124779444026483, 39.691081475446424 ], [ -31.124831527261094, 39.69110042385887 ], [ -31.124838148571413, 39.691122964185745 ], [ -31.124828796908481, 39.691145335682421 ], [ -31.124814438220113, 39.691163122503937 ], [ -31.124808816599934, 39.691185555154384 ], [ -31.124821263749865, 39.691208278785012 ], [ -31.124838261079336, 39.691226571224327 ], [ -31.12485292295899, 39.691249331528546 ], [ -31.124878871700201, 39.691290291119422 ], [ -31.124942158461987, 39.691399513401464 ], [ -31.12497763922741, 39.691463150399947 ], [ -31.12508369115136, 39.691690090759288 ], [ -31.125089727326497, 39.69171271171372 ], [ -31.125091218728421, 39.691735168267861 ], [ -31.125095739551362, 39.691757764746534 ], [ -31.125104686308219, 39.691780521903262 ], [ -31.125212377445433, 39.69200298482518 ], [ -31.125231681187081, 39.692043837916302 ], [ -31.12550584191985, 39.692467188229848 ], [ -31.125526573484191, 39.692485450775138 ], [ -31.125555592204911, 39.692490514148417 ], [ -31.125584859468294, 39.692486391055603 ], [ -31.125606323599591, 39.69247322356798 ], [ -31.12564017534498, 39.692433227947639 ], [ -31.125650340472323, 39.692410959618044 ], [ -31.125665284493245, 39.692393092054132 ], [ -31.125753168337866, 39.692300002616619 ], [ -31.125782311243196, 39.692300473152095 ], [ -31.125845156099537, 39.692292387428694 ], [ -31.12602550434724, 39.692281871448138 ], [ -31.126072560417413, 39.692318577634204 ], [ -31.126079296390873, 39.69234120893374 ], [ -31.126079266256703, 39.692368235699071 ], [ -31.126072129557866, 39.692390643950766 ], [ -31.126060685090973, 39.692408477968392 ], [ -31.126038124970588, 39.692462169175357 ], [ -31.126027258094506, 39.692484517205678 ], [ -31.126019543753863, 39.692502411436337 ], [ -31.12601076744026, 39.692529387099022 ], [ -31.126005149678477, 39.692551729773228 ], [ -31.126003388279312, 39.692560800815308 ], [ -31.125999411768163, 39.692574159700293 ], [ -31.125995189206645, 39.692596614991494 ], [ -31.125987933450951, 39.692619111408654 ], [ -31.12597169236567, 39.69265479575273 ], [ -31.125954054055224, 39.692686043840034 ], [ -31.125935472749365, 39.692726285182964 ], [ -31.125936379135847, 39.692748823274954 ], [ -31.125923297415586, 39.692771134635692 ], [ -31.125900099241321, 39.692770761011253 ], [ -31.125872687676484, 39.69278392262536 ], [ -31.125871379254022, 39.692806424959528 ], [ -31.125873688060011, 39.692828894698799 ], [ -31.1259105969852, 39.692865616410856 ], [ -31.126042923185089, 39.692957752829045 ], [ -31.126097228169414, 39.692972232756546 ], [ -31.126118814149041, 39.692954562450744 ], [ -31.126129681075636, 39.692932214414611 ], [ -31.126164113984249, 39.692896642623104 ], [ -31.126194073147616, 39.692897125332401 ], [ -31.126217961937272, 39.692902105732841 ], [ -31.126231355246279, 39.692915745007241 ], [ -31.126229591088649, 39.69292923060582 ], [ -31.126210919346516, 39.692946947974384 ], [ -31.126198200561575, 39.692955842143853 ], [ -31.12618395839268, 39.692973631010652 ], [ -31.126170301492792, 39.692991339229422 ], [ -31.126163162339687, 39.693013836637583 ], [ -31.12616325282286, 39.693036361556686 ], [ -31.126164162909362, 39.693058808711363 ], [ -31.126172296604981, 39.693081463467252 ], [ -31.126189293469263, 39.693099845795601 ], [ -31.126214343644818, 39.693113673239218 ], [ -31.126246033357027, 39.693127788039178 ], [ -31.126274357865476, 39.693132659840991 ], [ -31.126307930753011, 39.693133200852543 ], [ -31.126335802177685, 39.693124641344802 ], [ -31.126358204125715, 39.693106984165276 ], [ -31.126374540471584, 39.693093733770468 ], [ -31.126395302830343, 39.693080644004169 ], [ -31.126425961462747, 39.693081138844839 ], [ -31.126485403292964, 39.693091105814673 ], [ -31.12653297196929, 39.693087278763116 ], [ -31.126565728861447, 39.693087806530308 ], [ -31.126602218694828, 39.693083979935061 ], [ -31.126629027825508, 39.693088827194131 ], [ -31.126650000946306, 39.69309817414883 ], [ -31.126672134572495, 39.693112044519978 ], [ -31.126675378917138, 39.693130115644955 ], [ -31.126669641142936, 39.693152546507541 ], [ -31.12666554053267, 39.693170498197794 ], [ -31.126636820758193, 39.693206162338541 ], [ -31.126679863812218, 39.693287848632103 ], [ -31.126708824424306, 39.69334687518684 ], [ -31.1267380222124, 39.693401401770849 ], [ -31.126790417215311, 39.693456390977474 ], [ -31.126811968112992, 39.693470252819615 ], [ -31.126870440008595, 39.693516151382411 ], [ -31.126895573607431, 39.693557097369265 ], [ -31.1269169705573, 39.693602578742485 ], [ -31.126940677973618, 39.693670439762457 ], [ -31.126992276973745, 39.693811004273115 ], [ -31.127003663101782, 39.693847134529811 ], [ -31.12702017343867, 39.693883527652993 ], [ -31.127029252845819, 39.693897097230128 ], [ -31.127043460056623, 39.693910839637432 ], [ -31.127050893443688, 39.693933573125982 ], [ -31.127052472267508, 39.693983059211554 ], [ -31.127053834998819, 39.694014613138236 ], [ -31.127053681052107, 39.694046232687171 ], [ -31.127052464923128, 39.694091259078071 ], [ -31.127048944444876, 39.694113635638438 ], [ -31.127032122231938, 39.69414489615027 ], [ -31.127025234265552, 39.694153794394751 ], [ -31.127013787296477, 39.694171718554699 ], [ -31.127006772424362, 39.694189624132946 ], [ -31.127007803354712, 39.694207568537706 ], [ -31.127075990152417, 39.694217677214183 ], [ -31.127133696350434, 39.694214192774659 ], [ -31.127178935559932, 39.694210326979139 ], [ -31.127261320959278, 39.69423877258226 ], [ -31.127295654971093, 39.694288876295261 ], [ -31.127304612742172, 39.694306949480733 ], [ -31.127284147187783, 39.694365179399327 ], [ -31.127277223217458, 39.694405609015725 ], [ -31.127150142602613, 39.694520680724473 ], [ -31.127114766487932, 39.694565246060748 ], [ -31.127100952829668, 39.694618988482446 ], [ -31.127112577698608, 39.694646294283849 ], [ -31.127230182419257, 39.694769813864731 ], [ -31.127240899126367, 39.694778905148894 ], [ -31.127266398515683, 39.694806343781835 ], [ -31.127268948800015, 39.69481989899883 ], [ -31.127268337783999, 39.694842501788955 ], [ -31.127292076790837, 39.69488333599476 ], [ -31.127304433359836, 39.694883535341702 ], [ -31.127331818538835, 39.694892985619582 ], [ -31.127363509290671, 39.694907100134742 ], [ -31.127377597488493, 39.69492525517817 ], [ -31.127371282054657, 39.694943172059979 ], [ -31.127359016324476, 39.694965497640155 ], [ -31.12734838775777, 39.69498334403854 ], [ -31.127336122012679, 39.695005669615803 ], [ -31.127333999158804, 39.695028158823071 ], [ -31.127343887792737, 39.695149942301263 ], [ -31.127364593662872, 39.695190816752117 ], [ -31.127387419919749, 39.695209293847505 ], [ -31.127400805150355, 39.695227527641222 ], [ -31.127396584011287, 39.695249982999364 ], [ -31.127380590383503, 39.695272157446922 ], [ -31.127377067501509, 39.695294624068552 ], [ -31.12737937324831, 39.695317183817892 ], [ -31.127391936055172, 39.69534000003037 ], [ -31.127410337516014, 39.695358224651272 ], [ -31.12743628923597, 39.695399183714486 ], [ -31.12744290572153, 39.695421903996746 ], [ -31.127445093380032, 39.695448876436387 ], [ -31.127456440327361, 39.695516718131969 ], [ -31.127546658590678, 39.695738807796822 ], [ -31.127562141004468, 39.695757165494562 ], [ -31.127572613224693, 39.695775352279114 ], [ -31.127587276945004, 39.695798111364134 ], [ -31.127632299213989, 39.695884334808618 ], [ -31.127643467309909, 39.695902622905045 ], [ -31.127659404295194, 39.695934411899401 ], [ -31.127738421266315, 39.696061724038877 ], [ -31.127742826634755, 39.696084317644583 ], [ -31.127755480681987, 39.696129657839087 ], [ -31.127769566786643, 39.696147902894111 ], [ -31.12778878457069, 39.696166140621422 ], [ -31.127890700362869, 39.696248865175441 ], [ -31.127905598919423, 39.696267214311916 ], [ -31.128067194629885, 39.69646351485396 ], [ -31.128070900657224, 39.696486098069869 ], [ -31.128077638907779, 39.696508639189474 ], [ -31.128107172201915, 39.696576774093714 ], [ -31.128127908323215, 39.696590621653627 ], [ -31.128152345415458, 39.696631557031509 ], [ -31.128123081409267, 39.69663549972185 ], [ -31.128098583048363, 39.696648708824213 ], [ -31.128086317225922, 39.696671034473447 ], [ -31.128082913491056, 39.696693412940427 ], [ -31.128083704027954, 39.6967159482382 ], [ -31.128084278307195, 39.696828572947517 ], [ -31.128084613915249, 39.696842091528602 ], [ -31.128085761923142, 39.69685571420537 ], [ -31.128086098774848, 39.696869143613583 ], [ -31.128086669035561, 39.6968782513825 ], [ -31.128170038841734, 39.696866080826631 ], [ -31.128176658148629, 39.696888710115452 ], [ -31.128100847608113, 39.696919021337699 ], [ -31.128101303705201, 39.696928038072613 ], [ -31.128094988254023, 39.69694595498806 ], [ -31.128084605314232, 39.696954706836031 ], [ -31.128072463777137, 39.696968115200647 ], [ -31.128060562922855, 39.696976932661656 ], [ -31.128045049508643, 39.696985601769171 ], [ -31.128024854069675, 39.697007889625517 ], [ -31.12801714479706, 39.69702127936857 ], [ -31.12801025400487, 39.697034591315941 ], [ -31.128009187073001, 39.697048178272716 ], [ -31.128010102843138, 39.697066121706619 ], [ -31.128011374978932, 39.69707515070089 ], [ -31.128024523602374, 39.697097886196154 ], [ -31.128027070527445, 39.697111530532084 ], [ -31.127992796228323, 39.697110978692521 ], [ -31.127978221652491, 39.697115158241679 ], [ -31.127965503568301, 39.697123962512791 ], [ -31.127954056317744, 39.697141886750963 ], [ -31.127935592605059, 39.697182130282911 ], [ -31.12792612175836, 39.697208915584397 ], [ -31.127926210357334, 39.697231529654253 ], [ -31.127923268890058, 39.697258420258933 ], [ -31.127920688888715, 39.697271892718106 ], [ -31.127915764738557, 39.697294425943241 ], [ -31.127908871439733, 39.697307828837978 ], [ -31.12789742657629, 39.697325663014432 ], [ -31.12788807495112, 39.697348035639031 ], [ -31.12790799010768, 39.697366374686943 ], [ -31.127898881862397, 39.69737974185847 ], [ -31.127892690463366, 39.697393065077463 ], [ -31.127855833573836, 39.697406075706539 ], [ -31.127848940251585, 39.697419478596942 ], [ -31.127872804830247, 39.697451394515895 ], [ -31.127862999545609, 39.69746466034853 ], [ -31.12781648613943, 39.697459496463729 ], [ -31.12780807975253, 39.697472784853964 ], [ -31.127801186414001, 39.697486187741006 ], [ -31.127792891728671, 39.697499658119227 ], [ -31.127779690350692, 39.69752638323736 ], [ -31.127771975869717, 39.697544276666655 ], [ -31.127766481427845, 39.697557702114267 ], [ -31.127757708646815, 39.697584588752548 ], [ -31.127749172995156, 39.697606973624524 ], [ -31.127742160620894, 39.697620464681421 ], [ -31.127731650961959, 39.697633899328721 ], [ -31.127722420942103, 39.69765176921041 ], [ -31.127713312621864, 39.697665136365018 ], [ -31.127704782074055, 39.697683016626407 ], [ -31.127691697200909, 39.697709743612442 ], [ -31.127676149086142, 39.697745620430808 ], [ -31.127667011143942, 39.697786014337382 ], [ -31.127657540126791, 39.697812798709364 ], [ -31.127638743230779, 39.69783510905156 ], [ -31.127625777578238, 39.697857423356936 ], [ -31.127621803709843, 39.697866368635012 ], [ -31.127621894636057, 39.697888892645828 ], [ -31.12762338292103, 39.697915854692681 ], [ -31.127624287448917, 39.697938481920829 ], [ -31.127624044025886, 39.697947487372282 ], [ -31.127619706181765, 39.697969940845923 ], [ -31.127613631249019, 39.697983265926673 ], [ -31.1275984533045, 39.69800112994772 ], [ -31.12758396940529, 39.698027834352402 ], [ -31.127578928505951, 39.698050365676139 ], [ -31.127610681731287, 39.6981183563135 ], [ -31.127579347829471, 39.698198934374865 ], [ -31.127563863226488, 39.698284271879082 ], [ -31.127539477574558, 39.698405503304947 ], [ -31.127543999549857, 39.698428099692592 ], [ -31.127537559674249, 39.698450608445789 ], [ -31.127534037806509, 39.698473075076706 ], [ -31.127535644204674, 39.698495623531684 ], [ -31.127542357906336, 39.698540687722208 ], [ -31.127568345615501, 39.698550115406952 ], [ -31.127571352098656, 39.698572687346861 ], [ -31.127556285469208, 39.698595056942906 ], [ -31.127552762432551, 39.698617523555036 ], [ -31.127554252260587, 39.698640070128924 ], [ -31.12755224833171, 39.698662471151891 ], [ -31.127539671116491, 39.698856056357023 ], [ -31.127542907002212, 39.699090346937481 ], [ -31.127551835743986, 39.699135446855017 ], [ -31.127562977056247, 39.699180672556452 ], [ -31.127598031933715, 39.69931646515424 ], [ -31.127605350704332, 39.699339106651266 ], [ -31.12760695830055, 39.699361655121869 ], [ -31.127616003691298, 39.699406756914776 ], [ -31.127690564928219, 39.699556699899347 ], [ -31.127727567668796, 39.699620360575132 ], [ -31.127752856327703, 39.699629776944668 ], [ -31.127770559504576, 39.699647990242489 ], [ -31.127757474517821, 39.699670392723135 ], [ -31.127755468177408, 39.699692883801163 ], [ -31.127775383947906, 39.699711222879827 ], [ -31.127793087150827, 39.699729436174586 ], [ -31.127807172794725, 39.699747681212926 ], [ -31.127811694928209, 39.69977027758928 ], [ -31.12780012792448, 39.699792613563027 ], [ -31.12778876713384, 39.699837567294942 ], [ -31.127793173978915, 39.699860070817508 ], [ -31.127805159942522, 39.699878372083639 ], [ -31.127805131606895, 39.699905309659094 ], [ -31.127812748906734, 39.699973091125486 ], [ -31.127824501474901, 39.699995713125205 ], [ -31.127840100261114, 39.700014073559181 ], [ -31.127862355304785, 39.700027855570916 ], [ -31.127886703931441, 39.70004185153195 ], [ -31.127907557597638, 39.700055701026955 ], [ -31.127922224714787, 39.700078370023071 ], [ -31.127933275395971, 39.700101071686419 ], [ -31.127975412018486, 39.700160400486538 ], [ -31.127990896758817, 39.700178668066364 ], [ -31.127989589979578, 39.700201169528356 ], [ -31.127968000966167, 39.700218840100582 ], [ -31.127952127983818, 39.700236512762011 ], [ -31.127955948273513, 39.700259187906177 ], [ -31.12797948068571, 39.700277495184281 ], [ -31.128040049875906, 39.700328020861598 ], [ -31.128042355917977, 39.700350581488749 ], [ -31.128038134632721, 39.700373035948424 ], [ -31.128015965330068, 39.700386283477698 ], [ -31.127987399206571, 39.700390237374727 ], [ -31.127964992798375, 39.700407984856675 ], [ -31.127947834947481, 39.700425726888433 ], [ -31.12793556836013, 39.700448052491112 ], [ -31.127913136075328, 39.700492646580948 ], [ -31.127911128585232, 39.70051513764048 ], [ -31.12791273385934, 39.70053777615999 ], [ -31.127916650008157, 39.700582795198471 ], [ -31.127926185231864, 39.700605471518848 ], [ -31.127957850391876, 39.700646523496324 ], [ -31.128045770357083, 39.700738121652343 ], [ -31.1280673261823, 39.700751892348897 ], [ -31.128094014273699, 39.700761331214188 ], [ -31.128123160776713, 39.700761801245115 ], [ -31.128176777908308, 39.700771764449733 ], [ -31.128189345626208, 39.700794399556578 ], [ -31.12819095342806, 39.700816948019003 ], [ -31.128184605725252, 39.700861981722198 ], [ -31.128197295123577, 39.70088011500394 ], [ -31.128217211343184, 39.700898454013945 ], [ -31.1282267467057, 39.700921130311805 ], [ -31.128255769161154, 39.700926193090496 ], [ -31.128318865007508, 39.700909100765557 ], [ -31.12833716834492, 39.700909394998945 ], [ -31.128360361723498, 39.70091436376017 ], [ -31.128371536806323, 39.700932471704832 ], [ -31.12836761947851, 39.700995473261081 ], [ -31.128368983987826, 39.701027027172231 ], [ -31.128382128360183, 39.701054266337145 ], [ -31.128399799065779, 39.701099597231931 ], [ -31.128401403340145, 39.701122235727794 ], [ -31.12841257844093, 39.701140344569453 ], [ -31.128453378903711, 39.701249201406021 ], [ -31.128467922335251, 39.70127646311866 ], [ -31.128479429550289, 39.701308180562542 ], [ -31.128491178924836, 39.701330893436477 ], [ -31.128527184881452, 39.701349491811342 ], [ -31.128541850028611, 39.701372250790051 ], [ -31.128553481391371, 39.701399375447323 ], [ -31.128556025895879, 39.701417434318749 ], [ -31.128532103689384, 39.701435158368227 ], [ -31.128503620806935, 39.701466231045444 ], [ -31.128482156784102, 39.701479308942588 ], [ -31.128448544200648, 39.70151029979862 ], [ -31.128444781742914, 39.701537357349032 ], [ -31.128451763889579, 39.701550892992628 ], [ -31.128452097098254, 39.701564502519467 ], [ -31.128444503947918, 39.701577894150702 ], [ -31.128425953282214, 39.701591019010905 ], [ -31.1284238304955, 39.70161350821747 ], [ -31.128429172959766, 39.7016316122048 ], [ -31.12844477345115, 39.701649971683246 ], [ -31.128469919422109, 39.70168632362595 ], [ -31.128480145775921, 39.701713605823265 ], [ -31.128484789905151, 39.701731699449319 ], [ -31.128524071393777, 39.701844946356445 ], [ -31.128560387886157, 39.701899586320842 ], [ -31.128547300045302, 39.70192640342848 ], [ -31.128562204832651, 39.701944571486841 ], [ -31.128571862082808, 39.701962745933997 ], [ -31.128583856113991, 39.701976452467605 ], [ -31.128605042563635, 39.702003911357266 ], [ -31.128624383801899, 39.702017646246929 ], [ -31.128647098457559, 39.702036030299979 ], [ -31.128680766903074, 39.702059095629409 ], [ -31.128712340673804, 39.702077712587148 ], [ -31.128741700639857, 39.70209620375352 ], [ -31.12875800565952, 39.702114395261191 ], [ -31.128754723690843, 39.702127945605028 ], [ -31.128731860499016, 39.702141000989783 ], [ -31.128701897295358, 39.702140518842164 ], [ -31.128669711490804, 39.702144595634756 ], [ -31.128641595764289, 39.702162071007628 ], [ -31.128620007447267, 39.702179741703851 ], [ -31.128611474095607, 39.70219771206564 ], [ -31.128835603265543, 39.702264386435857 ], [ -31.128826130748799, 39.702291260953146 ], [ -31.128742878536297, 39.702298839939871 ], [ -31.128711454128908, 39.702352478767075 ], [ -31.128717616406032, 39.702370505862845 ], [ -31.128723078200036, 39.70238419806752 ], [ -31.128728999806409, 39.702406816062826 ], [ -31.128730036272721, 39.70242025673749 ], [ -31.128726870841621, 39.702433809859436 ], [ -31.128698909750124, 39.702415341241327 ], [ -31.128680848193834, 39.702406040686412 ], [ -31.128663024865478, 39.702392240183961 ], [ -31.128648575946769, 39.702387412459174 ], [ -31.128629931459841, 39.702378103399326 ], [ -31.128608831220635, 39.702373348623183 ], [ -31.128587729475427, 39.70237300931251 ], [ -31.128568479112328, 39.702386122911648 ], [ -31.128552266401037, 39.70239045629792 ], [ -31.128523119181384, 39.702389987259295 ], [ -31.128500833690246, 39.702407556597642 ], [ -31.128483557707895, 39.702425296795894 ], [ -31.128489023082743, 39.702438898074249 ], [ -31.128507086110524, 39.702443784090029 ], [ -31.128536930203811, 39.702448678961098 ], [ -31.128597323185307, 39.702449651759046 ], [ -31.128627861927157, 39.702454737993648 ], [ -31.128657347288758, 39.702468636422907 ], [ -31.12868612955759, 39.702482613603422 ], [ -31.128694630055769, 39.702491760018177 ], [ -31.128668730671421, 39.702504946627862 ], [ -31.12863818438986, 39.702504455062332 ], [ -31.128608215972005, 39.702508476590637 ], [ -31.128578374280732, 39.702503491682741 ], [ -31.128511335947564, 39.702502411730428 ], [ -31.128485554377825, 39.702515510104725 ], [ -31.128458629735025, 39.702510482105133 ], [ -31.12842750828894, 39.702501061931706 ], [ -31.128323394969801, 39.70249938497151 ], [ -31.128243759275598, 39.702502606419785 ], [ -31.12821087864188, 39.702506491691459 ], [ -31.128185219877029, 39.702515087292809 ], [ -31.128161534327543, 39.702528309488727 ], [ -31.128139251356728, 39.702541465105504 ], [ -31.128119876730338, 39.702559171404658 ], [ -31.128096894259734, 39.702572314831613 ], [ -31.128032770488133, 39.702571281604683 ], [ -31.128013979914506, 39.702588997305028 ], [ -31.1279923925728, 39.702606577803131 ], [ -31.127974780763044, 39.702610888543646 ], [ -31.127961271152369, 39.702597157505281 ], [ -31.127945542507277, 39.702587894461537 ], [ -31.127919433971488, 39.70258287949914 ], [ -31.127893776673808, 39.702587060466946 ], [ -31.127870790289879, 39.702604618377677 ], [ -31.127850263838429, 39.702608882990646 ], [ -31.127819725118549, 39.702603795650738 ], [ -31.1277994433736, 39.702598964736254 ], [ -31.127779251286146, 39.702616747886182 ], [ -31.127763491832866, 39.70263451243575 ], [ -31.12775426356259, 39.702652291334914 ], [ -31.127741537997778, 39.702665690225061 ], [ -31.127732673701988, 39.702669961836939 ], [ -31.127719253763594, 39.70267884483863 ], [ -31.127694293194448, 39.702687452493095 ], [ -31.127683790296782, 39.702696292449495 ], [ -31.127674103488577, 39.702705145568785 ], [ -31.127667333727576, 39.702713955647013 ], [ -31.127658678330178, 39.702736428651896 ], [ -31.127647354181747, 39.702749760043233 ], [ -31.127633933939212, 39.702762967528052 ], [ -31.127626345639705, 39.702771854493747 ], [ -31.127618052681868, 39.702785234777743 ], [ -31.127578706973594, 39.702834151629354 ], [ -31.127565160119644, 39.702852041035428 ], [ -31.127548583296793, 39.702869792369029 ], [ -31.127540992255717, 39.702883093876395 ], [ -31.127446774134249, 39.702998694868242 ], [ -31.127420022102871, 39.703043400237007 ], [ -31.127407876598248, 39.703061223038262 ], [ -31.127366766329423, 39.703123624501195 ], [ -31.127343779632454, 39.703141182298673 ], [ -31.127326504335819, 39.703158922330097 ], [ -31.127276157826593, 39.703243698171477 ], [ -31.127263888055314, 39.703266113730464 ], [ -31.127248589486904, 39.703288390327245 ], [ -31.127158740894188, 39.703458025892566 ], [ -31.127137119435591, 39.703502813971753 ], [ -31.127116320526447, 39.703543019639021 ], [ -31.127045141762526, 39.703699443194559 ], [ -31.127029261679823, 39.703717295785395 ], [ -31.127026441290234, 39.703739682703954 ], [ -31.127030962211329, 39.703762279077317 ], [ -31.127044228302704, 39.703785015661765 ], [ -31.127053061683707, 39.703807770812645 ], [ -31.127065019405432, 39.703853009705959 ], [ -31.127059375006979, 39.703897874480042 ], [ -31.127050019706985, 39.703920337040273 ], [ -31.127037052674989, 39.703942650325921 ], [ -31.12702129515559, 39.703960324704887 ], [ -31.127008209059863, 39.703982727060428 ], [ -31.126988106685438, 39.704027358530389 ], [ -31.126971616016281, 39.70407213927183 ], [ -31.126952217036941, 39.704112367494318 ], [ -31.126947291974812, 39.7041349015349 ], [ -31.126919902703005, 39.704229056123381 ], [ -31.12691428053347, 39.704251488819004 ], [ -31.126883058748955, 39.704435673431391 ], [ -31.126893771029973, 39.704552875289046 ], [ -31.126909954672268, 39.704571244378059 ], [ -31.126919036518039, 39.704584814891859 ], [ -31.126920308586296, 39.704593844787446 ], [ -31.126935789956832, 39.704616617130512 ], [ -31.126947752916998, 39.70465735143128 ], [ -31.126955277942706, 39.704702607993184 ], [ -31.126923095728813, 39.704706504160512 ], [ -31.126903268149164, 39.704710778976313 ], [ -31.12689579855812, 39.704719577711245 ], [ -31.126889357783195, 39.704742087287158 ], [ -31.126882404725745, 39.704809453445058 ], [ -31.126882495307292, 39.70483197832602 ], [ -31.126889354392787, 39.704850106848589 ], [ -31.126900888983499, 39.704854887764164 ], [ -31.126917437729528, 39.704864073188602 ], [ -31.126929553668717, 39.704873278072824 ], [ -31.126932100578454, 39.704886923317623 ], [ -31.126932434772694, 39.704900441861042 ], [ -31.126927758083276, 39.704913790350652 ], [ -31.126918646165841, 39.704927247455359 ], [ -31.126910817553718, 39.704945049764738 ], [ -31.126887678643811, 39.704989812394111 ], [ -31.126875651667394, 39.705007546949837 ], [ -31.126853580031742, 39.705038723551098 ], [ -31.126841190451508, 39.705065550811412 ], [ -31.126837086598186, 39.705083593412141 ], [ -31.126837873948549, 39.70511054322548 ], [ -31.126839486535026, 39.705128587983666 ], [ -31.126843673340144, 39.705137664016036 ], [ -31.126846922208333, 39.705151230496533 ], [ -31.126847379319869, 39.705160247240492 ], [ -31.126875460335274, 39.705174303647077 ], [ -31.126866107223258, 39.705196676127976 ], [ -31.12683753904966, 39.705200629690701 ], [ -31.12681709957516, 39.705231832623191 ], [ -31.126807052110379, 39.705249689209893 ], [ -31.126800733071715, 39.705267695158653 ], [ -31.126791137493125, 39.705299073086863 ], [ -31.126787370211225, 39.705330544172412 ], [ -31.126784792063219, 39.705343926521934 ], [ -31.126784184263059, 39.705366439229188 ], [ -31.126785212727757, 39.705384474560567 ], [ -31.126775279384262, 39.705402423079278 ], [ -31.126760099211516, 39.70542461051577 ], [ -31.126752145095306, 39.705447005563904 ], [ -31.126751537257949, 39.70546951917089 ], [ -31.12674961730221, 39.705514624211141 ], [ -31.126749955060923, 39.705528052717398 ], [ -31.126747946983404, 39.705550543725977 ], [ -31.126741354186109, 39.705604582718166 ], [ -31.126740169901822, 39.705622491343519 ], [ -31.126730598201764, 39.705734952144795 ], [ -31.126726135266626, 39.705761997409319 ], [ -31.126721668359085, 39.705793458099798 ], [ -31.126718722352983, 39.705820437751775 ], [ -31.126710489246442, 39.705883369538988 ], [ -31.126710115071898, 39.706113006830734 ], [ -31.126704341087077, 39.706162644441228 ], [ -31.126703734488988, 39.706185067971653 ], [ -31.126711261893089, 39.706230235384446 ], [ -31.12672686534421, 39.706248505039326 ], [ -31.126737916558575, 39.706271205906987 ], [ -31.126738704183609, 39.70629383212578 ], [ -31.126754487113438, 39.706361565188907 ], [ -31.126812544009233, 39.706367095114523 ], [ -31.126820224532725, 39.706380733112653 ], [ -31.12680027593246, 39.706389420542195 ], [ -31.126788497493031, 39.706393645045992 ], [ -31.126779387778917, 39.706407012076973 ], [ -31.126775286252357, 39.706424964614968 ], [ -31.126776194106565, 39.706447501778818 ], [ -31.126784509219618, 39.706515295404834 ], [ -31.126794163836514, 39.706537883633985 ], [ -31.126799628003315, 39.706551484963775 ], [ -31.12680299988628, 39.706560548745635 ], [ -31.12680973370054, 39.706583270023749 ], [ -31.12681762658702, 39.706614930179207 ], [ -31.126820301388733, 39.706623891716262 ], [ -31.126822488134195, 39.7066465405128 ], [ -31.126823396003839, 39.70666907767589 ], [ -31.126826647364112, 39.706682554100816 ], [ -31.126832111547653, 39.706696155429157 ], [ -31.126843859949979, 39.706718958531809 ], [ -31.126852361887892, 39.706728104199968 ], [ -31.12686155697795, 39.706741766636931 ], [ -31.126878440313757, 39.706764471514568 ], [ -31.126887975965822, 39.706787147909353 ], [ -31.126883752642975, 39.70680960316713 ], [ -31.126865533155918, 39.706836336339137 ], [ -31.126855843209654, 39.706845279422417 ], [ -31.126839390615434, 39.706858437864113 ], [ -31.126825264973768, 39.706871814043502 ], [ -31.126804494853076, 39.70688499379753 ], [ -31.126776139470323, 39.706906969502441 ], [ -31.126767272128394, 39.706911331077791 ], [ -31.126745557574463, 39.706933594136409 ], [ -31.126713098160533, 39.70697361151268 ], [ -31.126703957039364, 39.707014006122414 ], [ -31.126705445047111, 39.707040967236487 ], [ -31.126705535569794, 39.707063491207521 ], [ -31.126707688111217, 39.707117671326728 ], [ -31.126708719000238, 39.707135616599459 ], [ -31.126709866852238, 39.707149238364025 ], [ -31.126715215595379, 39.707162838734824 ], [ -31.126709595544824, 39.707185180447738 ], [ -31.126701884810601, 39.707198570048554 ], [ -31.126698482761785, 39.707216533870216 ], [ -31.1266939252294, 39.707225469678825 ], [ -31.126686214487396, 39.707238859278341 ], [ -31.126676526896421, 39.70724771228987 ], [ -31.126664499825473, 39.707261121417027 ], [ -31.126641727784442, 39.707292286656887 ], [ -31.126636348869791, 39.707305713888054 ], [ -31.126632827417573, 39.70732809036852 ], [ -31.126629424097185, 39.707346143359814 ], [ -31.126559032814793, 39.707520687118276 ], [ -31.126490789569608, 39.707753825458823 ], [ -31.12633984920436, 39.708215364882882 ], [ -31.126266933808001, 39.708457346003293 ], [ -31.12624573690869, 39.708538087172897 ], [ -31.126193381817078, 39.708640847832626 ], [ -31.126181110674352, 39.708663263226647 ], [ -31.126172595386212, 39.708870336566278 ], [ -31.126170038847, 39.708964891785214 ], [ -31.126133377462295, 39.709108447891715 ], [ -31.125923804830936, 39.70955093122506 ], [ -31.125829900679054, 39.709788160323491 ], [ -31.125536178898116, 39.71018892485862 ], [ -31.125382372195467, 39.710398068865103 ], [ -31.125260130515887, 39.710634839765667 ], [ -31.125169621551034, 39.710854194479907 ], [ -31.125071284613359, 39.711091260287439 ], [ -31.124978534465903, 39.711233910799486 ], [ -31.124961834150817, 39.711256163503322 ], [ -31.124848217759361, 39.711493073255568 ], [ -31.124760257853399, 39.711725891824941 ], [ -31.124667162706334, 39.711963132922008 ], [ -31.124566844831204, 39.712191337062229 ], [ -31.124410018008906, 39.712382503145349 ], [ -31.124225100371021, 39.71256411557863 ], [ -31.124016742440325, 39.712745439835899 ], [ -31.123811054404154, 39.712935816217552 ], [ -31.12364022496725, 39.713131258634867 ], [ -31.123312819022228, 39.713594538044916 ], [ -31.123141289307434, 39.713789879169596 ], [ -31.123095522631285, 39.713834275934133 ], [ -31.122940115848099, 39.714002849415991 ], [ -31.122769403322703, 39.714193788597214 ], [ -31.12261477993265, 39.714385076954386 ], [ -31.122491622815588, 39.714594712620041 ], [ -31.122349233247594, 39.714790793265557 ], [ -31.122213706470323, 39.7150048232674 ], [ -31.122078186819262, 39.715214258445137 ], [ -31.121919791362529, 39.715436927407858 ], [ -31.121885924595581, 39.715476920557805 ], [ -31.121858466691315, 39.715521522980055 ], [ -31.121838971295716, 39.715539226201642 ], [ -31.121718029332886, 39.715645471312996 ], [ -31.121697012420675, 39.715667654560775 ], [ -31.121671685474183, 39.715685263379257 ], [ -31.121624883153405, 39.715720453239399 ], [ -31.121598855255048, 39.715738140790862 ], [ -31.121549021100922, 39.715773281551812 ], [ -31.121526029337616, 39.715786513551436 ], [ -31.121505136950844, 39.715804104011504 ], [ -31.121456693950009, 39.715843862014573 ], [ -31.121433583564308, 39.715861506655564 ], [ -31.121262769924908, 39.716030009490872 ], [ -31.121233948146969, 39.716047471546283 ], [ -31.121207105057412, 39.716065055718033 ], [ -31.121184230905005, 39.71607828955193 ], [ -31.121164611802964, 39.716100495326941 ], [ -31.12112783024083, 39.716140441962118 ], [ -31.121100862876798, 39.716166943349684 ], [ -31.121082059970245, 39.71618916232304 ], [ -31.121043637759779, 39.716233677136913 ], [ -31.121024838451149, 39.71625580516433 ], [ -31.120865773232094, 39.716447020050488 ], [ -31.120844178387742, 39.716464689107241 ], [ -31.120668897334923, 39.716664470320381 ], [ -31.12065219425487, 39.716686723221287 ], [ -31.120637704265118, 39.716709102048696 ], [ -31.120607575654876, 39.716744560571698 ], [ -31.120571368371593, 39.716789111086662 ], [ -31.120396574743481, 39.716970881070132 ], [ -31.120380685311357, 39.716993237199887 ], [ -31.120362582758435, 39.717015467392493 ], [ -31.120340050360344, 39.717037535746691 ], [ -31.120299530685724, 39.717081926238983 ], [ -31.120280724845834, 39.717104234220542 ], [ -31.120116286278716, 39.717304190155922 ], [ -31.12010109877464, 39.717326467520763 ], [ -31.120069322010014, 39.717371088731561 ], [ -31.120050404273378, 39.717393215575271 ], [ -31.11987791016697, 39.717597635437215 ], [ -31.119857010749868, 39.717615405661306 ], [ -31.119835995077263, 39.717637498482915 ], [ -31.119805705435034, 39.717704667065341 ], [ -31.119786327946318, 39.717722281744145 ], [ -31.119762392091051, 39.717744507431483 ], [ -31.119740556469893, 39.717766677044949 ], [ -31.119715803508697, 39.717793213969401 ], [ -31.119559038310548, 39.718006896588534 ], [ -31.119546063607348, 39.718029299821019 ], [ -31.119439308321965, 39.718257304729967 ], [ -31.119427612967819, 39.71828414325455 ], [ -31.119344180164873, 39.718512525957209 ], [ -31.119330971235012, 39.718539249851155 ], [ -31.119322307690837, 39.718566136589814 ], [ -31.119290305503945, 39.718696341758438 ], [ -31.119210508098938, 39.719001360846839 ], [ -31.119154622708407, 39.719207667332427 ], [ -31.1191568075173, 39.71923463976507 ], [ -31.119154062302339, 39.719284145747537 ], [ -31.119149475427651, 39.71931560320396 ], [ -31.119139992948597, 39.719342567647509 ], [ -31.119128419660456, 39.719364902542431 ], [ -31.119120455570322, 39.719391801497423 ], [ -31.119041334944534, 39.719620253808728 ], [ -31.119034195273763, 39.719642571354164 ], [ -31.119028328880642, 39.719669593490359 ], [ -31.119023982150537, 39.719696460969104 ], [ -31.119018936623021, 39.719718991738375 ], [ -31.119014591051553, 39.719745859235275 ], [ -31.118978907251069, 39.719929968758223 ], [ -31.118972457742412, 39.719956981439388 ], [ -31.118947177222129, 39.720028645520017 ], [ -31.118937003083037, 39.720051003969793 ], [ -31.118936599293804, 39.720095953125465 ], [ -31.118965509065184, 39.720105430117123 ], [ -31.118987524700355, 39.720123894799869 ], [ -31.118994627769627, 39.720133019258938 ], [ -31.118993566739018, 39.720142011401592 ], [ -31.118983054292855, 39.720155354132274 ], [ -31.118970083870231, 39.72017757717115 ], [ -31.118971571060751, 39.720200124621385 ], [ -31.118974689584157, 39.720222787703428 ], [ -31.118989355297042, 39.720245547839397 ], [ -31.11899749065897, 39.720268202135827 ], [ -31.119001887444515, 39.720295301410729 ], [ -31.119014423246639, 39.720344964045374 ], [ -31.119021983428514, 39.72035869067372 ], [ -31.119023468521558, 39.720385651763785 ], [ -31.119028978445598, 39.720453399392447 ], [ -31.119028370220473, 39.720475822787755 ], [ -31.119025417924821, 39.720502892148019 ], [ -31.119018156944115, 39.720529712391837 ], [ -31.119010898123538, 39.72055211719335 ], [ -31.119006338664303, 39.720561052636455 ], [ -31.118993363273038, 39.720583455782297 ], [ -31.118965656654531, 39.720637061862114 ], [ -31.118954662812797, 39.72066382160115 ], [ -31.118933608907501, 39.720713030826765 ], [ -31.118928224918086, 39.720726547665095 ], [ -31.11891956781453, 39.720748930697795 ], [ -31.118884229274641, 39.720842954178188 ], [ -31.118875118493786, 39.720856230422598 ], [ -31.11885619810467, 39.720878447100162 ], [ -31.118838791245828, 39.720900778399923 ], [ -31.118835263993383, 39.720923243671535 ], [ -31.118835469550699, 39.720945770347299 ], [ -31.11883777547926, 39.720968240072594 ], [ -31.118864537054371, 39.721108405055574 ], [ -31.11885542623283, 39.721121681296943 ], [ -31.118835342931678, 39.721139464545409 ], [ -31.118836830111, 39.721162011092744 ], [ -31.118839592110476, 39.721193498447761 ], [ -31.118847602691734, 39.72122074549133 ], [ -31.118858532388511, 39.721247859661659 ], [ -31.118888157538397, 39.721338430501895 ], [ -31.11889057880164, 39.72136099308868 ], [ -31.118893002241958, 39.721379140234554 ], [ -31.118890892005481, 39.721482621511456 ], [ -31.118868476291873, 39.721500366959937 ], [ -31.118849218687423, 39.721513478737002 ], [ -31.118834849436023, 39.721531354599371 ], [ -31.118821878715536, 39.721553576708942 ], [ -31.118811697240233, 39.72158052978331 ], [ -31.118805017985043, 39.721607358536026 ], [ -31.118805097524522, 39.721634477928468 ], [ -31.118800017418224, 39.721688360610607 ], [ -31.118791358999253, 39.721710742706982 ], [ -31.118788530069889, 39.721733310287341 ], [ -31.118803895717576, 39.721756081788634 ], [ -31.118820777384599, 39.721778877860643 ], [ -31.118835562419573, 39.721801549853346 ], [ -31.118851872564601, 39.72181532732084 ], [ -31.118871092328899, 39.721833657515297 ], [ -31.118890764612118, 39.721861093569878 ], [ -31.118906246937009, 39.721883866948716 ], [ -31.118917300298868, 39.721906478447899 ], [ -31.118928226391866, 39.721933772738105 ], [ -31.118937060442619, 39.721956438358418 ], [ -31.118940642136501, 39.721983524418398 ], [ -31.118942946839159, 39.722006084212026 ], [ -31.118940082516506, 39.722060002810586 ], [ -31.118933639807139, 39.722082420827931 ], [ -31.118932083439919, 39.722113928278873 ], [ -31.118933318850903, 39.722150074838723 ], [ -31.118933407835723, 39.722172598720014 ], [ -31.118931731555275, 39.722208517900619 ], [ -31.118928083009234, 39.722235486773215 ], [ -31.118924439083589, 39.722257950151601 ], [ -31.118920212046024, 39.722280404979649 ], [ -31.118916563515075, 39.722307372950844 ], [ -31.118905106214566, 39.72232971058996 ], [ -31.118889800542757, 39.722351985852647 ], [ -31.118886267446069, 39.722378955693465 ], [ -31.118888330688897, 39.722406106334276 ], [ -31.118882129352425, 39.722423934399238 ], [ -31.118864722093274, 39.722446265688284 ], [ -31.118854427601484, 39.722473036743317 ], [ -31.118854632008016, 39.722495562494167 ], [ -31.118855997983648, 39.722522611739976 ], [ -31.118846756356071, 39.722544985284948 ], [ -31.11884672047168, 39.722572101901775 ], [ -31.118851331097961, 39.722617132315769 ], [ -31.118855034004461, 39.722639715672699 ], [ -31.118855606741203, 39.722648733390237 ], [ -31.118857907791227, 39.722671384118264 ], [ -31.118859396157305, 39.722693930679519 ], [ -31.11887250590339, 39.722748198278204 ], [ -31.1188806439364, 39.722770762525904 ], [ -31.118900686081425, 39.722784600475705 ], [ -31.11891559128242, 39.722802859829933 ], [ -31.118931776815604, 39.722821230928041 ], [ -31.118950876959545, 39.722843972843087 ], [ -31.118970794310215, 39.722862403519095 ], [ -31.118993629568504, 39.722880791390018 ], [ -31.119026849602292, 39.722894842896388 ], [ -31.11909752366223, 39.722895986493661 ], [ -31.119129717153456, 39.722892003564738 ], [ -31.119163432451277, 39.72288353972057 ], [ -31.119193859439786, 39.722893041247872 ], [ -31.119228480104912, 39.722907115394904 ], [ -31.119256454835877, 39.722920991740438 ], [ -31.119291316613054, 39.722926151435132 ], [ -31.11932757815697, 39.722935657381917 ], [ -31.119360923936764, 39.722940791588847 ], [ -31.119399522431216, 39.722945830713982 ], [ -31.119442315456432, 39.722951117979214 ], [ -31.11946482066071, 39.722955896313778 ], [ -31.119491507766945, 39.722969931925881 ], [ -31.119515989736755, 39.722979247848897 ], [ -31.119541530308865, 39.722979660775941 ], [ -31.119573721396126, 39.722975766877354 ], [ -31.119599267666636, 39.722971676117197 ], [ -31.119617821400286, 39.722962967390743 ], [ -31.119636959386245, 39.722954268127239 ], [ -31.119653052714817, 39.722954527966614 ], [ -31.119667386475406, 39.722963769532512 ], [ -31.119683697055546, 39.72297754689081 ], [ -31.119699302216024, 39.722995817485923 ], [ -31.11971105324174, 39.723018531206101 ], [ -31.119709164508841, 39.723036518376468 ], [ -31.119708677616831, 39.723054439065862 ], [ -31.11971110492706, 39.723072496161258 ], [ -31.119723099470463, 39.723086204489903 ], [ -31.11975118726761, 39.723100262735443 ], [ -31.119779853736951, 39.723118744923475 ], [ -31.119802811627427, 39.723132629955494 ], [ -31.119827171395507, 39.723146447600378 ], [ -31.119854683133752, 39.723155901727687 ], [ -31.119880801138553, 39.723160829503563 ], [ -31.119904248353752, 39.723156703771544 ], [ -31.119927817862756, 39.723148076249018 ], [ -31.119961408433078, 39.723144204914036 ], [ -31.119988228599354, 39.723149053946713 ], [ -31.12000571442098, 39.723153931055393 ], [ -31.120027281065358, 39.72316319964672 ], [ -31.120051760757342, 39.723172604612884 ], [ -31.120062353541645, 39.723186379393162 ], [ -31.12007808113594, 39.723200148154113 ], [ -31.120095210630495, 39.723213848626521 ], [ -31.120108028486936, 39.723223064682983 ], [ -31.120130162013425, 39.723241531058981 ], [ -31.120156037905549, 39.723255374093817 ], [ -31.120175503043942, 39.723264697811317 ], [ -31.12020195149508, 39.723283234063437 ], [ -31.120224787224622, 39.723301621701758 ], [ -31.12023957871499, 39.723319788952601 ], [ -31.120242126001575, 39.723333434306937 ], [ -31.120239537656996, 39.723351411055575 ], [ -31.120240567757349, 39.723365030935554 ], [ -31.12024020329881, 39.723378448942512 ], [ -31.120234461748037, 39.723400878386194 ], [ -31.120233392681989, 39.72341446516743 ], [ -31.120242471913027, 39.723428126224242 ], [ -31.120261237397319, 39.72343743859544 ], [ -31.120300053612148, 39.723455994952495 ], [ -31.120298984582156, 39.72346958083395 ], [ -31.12028227965607, 39.723491833615405 ], [ -31.120273860358168, 39.723509715924216 ], [ -31.120280147596183, 39.723518827090054 ], [ -31.120303105720556, 39.723532712027662 ], [ -31.120329801345537, 39.723542152825381 ], [ -31.120346106516806, 39.723560434671356 ], [ -31.120360898067847, 39.723578602808573 ], [ -31.120381882602967, 39.723583536525091 ], [ -31.120403107307528, 39.72358388026732 ], [ -31.120418141039131, 39.723593132176504 ], [ -31.120429892421893, 39.723615844929064 ], [ -31.120439090782302, 39.723629417806478 ], [ -31.120445131052609, 39.723647623491587 ], [ -31.120454788973031, 39.723665797670378 ], [ -31.120472615902361, 39.72367960037657 ], [ -31.120484486381976, 39.723702224958913 ], [ -31.12050067139964, 39.723720594930796 ], [ -31.120542032001996, 39.723757210182328 ], [ -31.120571643212106, 39.723766699041143 ], [ -31.120604289778921, 39.723771821570487 ], [ -31.120637302416501, 39.723767760496493 ], [ -31.12066727802609, 39.723763831322067 ], [ -31.120703089526621, 39.723759815551318 ], [ -31.120744725071841, 39.723760488835779 ], [ -31.120762793011398, 39.723765376158141 ], [ -31.120775611058956, 39.723774592144515 ], [ -31.12078399189161, 39.723788241850748 ], [ -31.120799722235269, 39.723801919564835 ], [ -31.120817670393656, 39.723811218612681 ], [ -31.120845761133037, 39.723825187450515 ], [ -31.120873031958897, 39.723839232198586 ], [ -31.120894593318969, 39.723853004311295 ], [ -31.120898296969674, 39.72387558671516 ], [ -31.120921953778339, 39.723889572937026 ], [ -31.120950859768044, 39.723903554048285 ], [ -31.120981170819288, 39.723913054134002 ], [ -31.121010906883221, 39.723917949240708 ], [ -31.121043794874915, 39.723918480794516 ], [ -31.121072009997881, 39.723923531448548 ], [ -31.121100100835754, 39.723937500226832 ], [ -31.121144498467153, 39.723969659765146 ], [ -31.121163480590081, 39.723992489502038 ], [ -31.121190992855304, 39.724001943323394 ], [ -31.121223764270265, 39.724002472939233 ], [ -31.12125665545506, 39.723998590811121 ], [ -31.121285568342842, 39.724008067283364 ], [ -31.12134281432273, 39.724022506153219 ], [ -31.121373369944674, 39.724023000760219 ], [ -31.121459930445113, 39.724006291313373 ], [ -31.121478487398093, 39.723993167768427 ], [ -31.121493066066666, 39.723993403738746 ], [ -31.121504483624658, 39.724002597877927 ], [ -31.121515202656003, 39.724011779808905 ], [ -31.121528958221791, 39.72401650712014 ], [ -31.121551222646268, 39.724025875916681 ], [ -31.121575244420143, 39.72403067839079 ], [ -31.121629697171379, 39.724040568143387 ], [ -31.121654996889223, 39.724045571470974 ], [ -31.121668389447454, 39.724063716801247 ], [ -31.121668020392601, 39.724077314024633 ], [ -31.121660303537137, 39.724095117709894 ], [ -31.121647000796916, 39.724099497172176 ], [ -31.12162844384553, 39.724112620743917 ], [ -31.121642776947237, 39.724121862057011 ], [ -31.121670987776735, 39.724131417164507 ], [ -31.121705494242388, 39.724145398635919 ], [ -31.12173079086088, 39.724154816471625 ], [ -31.121753624843024, 39.724173293876525 ], [ -31.121755932929577, 39.724195764476228 ], [ -31.121720698788593, 39.724204293681623 ], [ -31.121694005153476, 39.724194763140687 ], [ -31.121669769292541, 39.724176353128897 ], [ -31.121616256946638, 39.724157560273376 ], [ -31.121598888561987, 39.724152684405425 ], [ -31.121571375011875, 39.72414323065945 ], [ -31.121486366492221, 39.724132847208118 ], [ -31.121470964569742, 39.724137192672643 ], [ -31.121448791180768, 39.724150257679014 ], [ -31.12143733752157, 39.724168181050253 ], [ -31.121444660204492, 39.724190731922796 ], [ -31.121457348121872, 39.724209046057965 ], [ -31.121478785045724, 39.724227410809917 ], [ -31.121528894998207, 39.724259752755586 ], [ -31.121561425713235, 39.724269197623229 ], [ -31.121725085349397, 39.724339411913256 ], [ -31.121776557041862, 39.724403307564813 ], [ -31.121778738046327, 39.724430460961202 ], [ -31.12173399291266, 39.724492801266209 ], [ -31.121620636645094, 39.724585474589936 ], [ -31.121591106689852, 39.724603105410523 ], [ -31.12150849308124, 39.724637716414868 ], [ -31.121473388938139, 39.724637149119388 ], [ -31.121456587448087, 39.7246414719272 ], [ -31.121409936648512, 39.724640717714095 ], [ -31.121313845375383, 39.724634569312897 ], [ -31.12128735996243, 39.724643150811723 ], [ -31.121262079940646, 39.724714814457435 ], [ -31.12124697831765, 39.72475970675778 ], [ -31.12129380630665, 39.724805508776399 ], [ -31.121284568736716, 39.72482779248368 ], [ -31.121212951601077, 39.724831228797797 ], [ -31.121118131664591, 39.72483411014808 ], [ -31.12105025562402, 39.724833013067503 ], [ -31.120978307948921, 39.724822840691402 ], [ -31.120955099127809, 39.724822464927577 ], [ -31.120897241280201, 39.72483053839148 ], [ -31.120878684744081, 39.724839337365616 ], [ -31.120854994938945, 39.724852377701758 ], [ -31.120831995480984, 39.724870114064572 ], [ -31.120824039424477, 39.724892418483691 ], [ -31.120839523034892, 39.724915191624206 ], [ -31.120869134802618, 39.724924679517365 ], [ -31.120891391305982, 39.724938643973786 ], [ -31.120909798577514, 39.724956869682288 ], [ -31.120915019525651, 39.72497947664889 ], [ -31.120940891351957, 39.724993498730697 ], [ -31.120969803437589, 39.725002975269959 ], [ -31.121063921855036, 39.725004497259057 ], [ -31.121092833938821, 39.725013974668691 ], [ -31.12111719217781, 39.725027882113878 ], [ -31.121132561738062, 39.725050563275971 ], [ -31.121163687244493, 39.725060165693911 ], [ -31.121192968576, 39.725056044061034 ], [ -31.121284745411522, 39.725062122724857 ], [ -31.121307707831839, 39.725075918342618 ], [ -31.121327626445431, 39.725094348637199 ], [ -31.121339379644485, 39.725116971232445 ], [ -31.121341685195276, 39.725139530987725 ], [ -31.121340371830517, 39.725162123156466 ], [ -31.121306607326385, 39.725305723233831 ], [ -31.121295033631242, 39.725328059216629 ], [ -31.121292298761002, 39.72537297061988 ], [ -31.121320508875861, 39.725382525802623 ], [ -31.121351762851635, 39.725387445396898 ], [ -31.121367127675768, 39.725410306637812 ], [ -31.121362781401825, 39.725437174191839 ], [ -31.121338264611396, 39.725454886091612 ], [ -31.121307591735583, 39.725454389572775 ], [ -31.121278191608237, 39.725462923883583 ], [ -31.121255201392021, 39.725475975624128 ], [ -31.121223700902441, 39.725484475019073 ], [ -31.121192448059791, 39.725479555408448 ], [ -31.121165051837188, 39.725470103463891 ], [ -31.121136019722918, 39.725465039602625 ], [ -31.121106621616477, 39.725469158428133 ], [ -31.121093648357935, 39.725491471731445 ], [ -31.121095130679276, 39.725518522828807 ], [ -31.121092304739577, 39.725541000411567 ], [ -31.121084429081428, 39.725590423340215 ], [ -31.121057822204126, 39.725603506581663 ], [ -31.121027390570848, 39.72559842003492 ], [ -31.121005949748177, 39.725580145231369 ], [ -31.120937197708923, 39.72553389713746 ], [ -31.120918673659929, 39.725515669543036 ], [ -31.120891277463176, 39.725506217534438 ], [ -31.120873572236551, 39.725487913097304 ], [ -31.120849221984216, 39.725469410970483 ], [ -31.120841782779998, 39.725446857277582 ], [ -31.120820340014454, 39.725432996981816 ], [ -31.120792127507674, 39.725423531732417 ], [ -31.120765641753241, 39.725432112201858 ], [ -31.120751968659064, 39.72545441413434 ], [ -31.120697322740121, 39.725507495173687 ], [ -31.120667594128875, 39.725498005343788 ], [ -31.120647795422087, 39.725475162305912 ], [ -31.12061990771566, 39.725483810132715 ], [ -31.120604021182366, 39.725505986110207 ], [ -31.120583820379011, 39.725523767740654 ], [ -31.120551347159097, 39.725563782963725 ], [ -31.120550617025831, 39.725590709044809 ], [ -31.120555134547466, 39.725613394726778 ], [ -31.120540856748942, 39.725653704604717 ], [ -31.120537209873088, 39.725680583450597 ], [ -31.120514210052427, 39.725698319739635 ], [ -31.120484933330161, 39.725702260185464 ], [ -31.12045987731689, 39.725683926734682 ], [ -31.120447887845184, 39.725665714800158 ], [ -31.120427269577004, 39.725647273025473 ], [ -31.120318233953938, 39.725636500480249 ], [ -31.120137250042593, 39.725615554020003 ], [ -31.120116977470385, 39.725502701788443 ], [ -31.12027128913623, 39.725401502899423 ], [ -31.120299657944759, 39.725379439042662 ], [ -31.120301087879081, 39.725352525198133 ], [ -31.12029447011361, 39.725329804588768 ], [ -31.120292166067468, 39.725307244840167 ], [ -31.120293216031662, 39.725212665651412 ], [ -31.12030700337214, 39.725190456617568 ], [ -31.120313570743782, 39.725163444891734 ], [ -31.120292947764529, 39.725145183203459 ], [ -31.120262398607601, 39.725140094554014 ], [ -31.120228926965424, 39.725139552420174 ], [ -31.120197187557178, 39.725152553234565 ], [ -31.120100396794843, 39.725142068014215 ], [ -31.120076159882974, 39.725123657655686 ], [ -31.120049463693174, 39.725114216788498 ], [ -31.119994313073843, 39.725104224892803 ], [ -31.119865132511563, 39.725160784786347 ], [ -31.11974197510148, 39.725158791361252 ], [ -31.119716677242902, 39.725149373072313 ], [ -31.119686945651591, 39.72514429751724 ], [ -31.119624655780122, 39.725152298536585 ], [ -31.119603057823131, 39.725169967265792 ], [ -31.119582856870903, 39.725187748719186 ], [ -31.119545248596111, 39.725232095031288 ], [ -31.119488228076815, 39.725316759777648 ], [ -31.119475251911211, 39.725339162042097 ], [ -31.119456571858677, 39.725356787929634 ], [ -31.119422858669992, 39.72536083730872 ], [ -31.119363389324089, 39.725350865225451 ], [ -31.119333780045309, 39.725341286895556 ], [ -31.119311518822521, 39.725327503153459 ], [ -31.119274595682011, 39.725290779193131 ], [ -31.11926284444483, 39.725268065431472 ], [ -31.119254830845733, 39.725240908473381 ], [ -31.119253226872843, 39.725218360051251 ], [ -31.119239788388672, 39.725146069420006 ], [ -31.119216148155768, 39.72502406303434 ], [ -31.119175761950299, 39.724955931345512 ], [ -31.119124715197152, 39.724927987781356 ], [ -31.119090547264769, 39.724923019462473 ], [ -31.119025247252679, 39.724912953612879 ], [ -31.118994697022472, 39.724907954706616 ], [ -31.118960403397136, 39.724911903551195 ], [ -31.118668317366719, 39.72495213106297 ], [ -31.118566268892224, 39.724950478574165 ], [ -31.118537479600217, 39.724936498762887 ], [ -31.118515343538032, 39.72491812213903 ], [ -31.118355000031343, 39.724807506104895 ], [ -31.118114999944378, 39.724515326912041 ], [ -31.117949562972193, 39.724377510542503 ], [ -31.117864591136989, 39.724340006943947 ], [ -31.11720396499291, 39.724284348468082 ], [ -31.117078103477105, 39.724300327920098 ], [ -31.117060822563271, 39.72431797612176 ], [ -31.117053562667774, 39.724340380762627 ], [ -31.117024153025945, 39.724353508600409 ], [ -31.116996066476457, 39.724339449717554 ], [ -31.116981975392836, 39.72432129252352 ], [ -31.116953888865162, 39.724307233630881 ], [ -31.116921937178674, 39.724302301535616 ], [ -31.116886371554447, 39.724297220699682 ], [ -31.116849868234521, 39.724296629303353 ], [ -31.116757841988697, 39.724304056187179 ], [ -31.116739858821891, 39.72432178303837 ], [ -31.116709305423043, 39.724316873574509 ], [ -31.116698955775309, 39.724294183201813 ], [ -31.116668523913617, 39.724289095512916 ], [ -31.116603800821419, 39.724283631525388 ], [ -31.116285510069698, 39.724296400701007 ], [ -31.116049799362543, 39.724301587605616 ], [ -31.115924548077942, 39.72429514247704 ], [ -31.11531036676832, 39.724222118449042 ], [ -31.115180197395258, 39.724233430223151 ], [ -31.114542698193514, 39.724421288574526 ], [ -31.114386157557369, 39.724441271347679 ], [ -31.114232774120779, 39.724452385973834 ], [ -31.114161617589307, 39.72446465455895 ], [ -31.114039574387078, 39.724503215168404 ], [ -31.113965866762207, 39.724502019178949 ], [ -31.113196493673794, 39.724746378552126 ], [ -31.113167791489786, 39.72475492214911 ], [ -31.112922151180786, 39.724858951945123 ], [ -31.112756628597015, 39.724964463350723 ], [ -31.112512470975158, 39.725176717477076 ], [ -31.111956873146148, 39.725334269810766 ], [ -31.111834829865504, 39.725368413503716 ], [ -31.1116473007874, 39.725532034876622 ], [ -31.111571575726948, 39.725557741510443 ], [ -31.111339838488593, 39.725468388260055 ], [ -31.111238777727074, 39.725511791110797 ], [ -31.111091266627838, 39.725491465394995 ], [ -31.110995909278888, 39.725458382508897 ], [ -31.110904495578229, 39.725443293192441 ], [ -31.110790905128191, 39.725437031414231 ], [ -31.110135017383715, 39.725579521178318 ], [ -31.109812457312639, 39.725722835479814 ], [ -31.109596005219366, 39.725795981992036 ], [ -31.108424277619125, 39.726006645842851 ], [ -31.108300957623612, 39.726036170228667 ], [ -31.108125489054355, 39.726078269186566 ], [ -31.108101791590947, 39.726091486955347 ], [ -31.108070049616089, 39.726104483485479 ], [ -31.107995558826882, 39.726161830601207 ], [ -31.107976050381957, 39.726184035862055 ], [ -31.107942460682878, 39.726183488253838 ], [ -31.10791297340241, 39.726169494439908 ], [ -31.107895971261957, 39.726151199509587 ], [ -31.107894370988223, 39.726128651020872 ], [ -31.107874614217209, 39.726078778557721 ], [ -31.107847228664003, 39.726064728899729 ], [ -31.107789646058848, 39.726041268571379 ], [ -31.107757003559673, 39.726031727934405 ], [ -31.107686326759993, 39.726030577358507 ], [ -31.107366499760953, 39.726047980872281 ], [ -31.107057975555655, 39.726074487084738 ], [ -31.106957325579849, 39.726072847179253 ], [ -31.10692689492501, 39.726067756954137 ], [ -31.106870713283765, 39.726044319023892 ], [ -31.106855231643983, 39.726021634179261 ], [ -31.106826321211194, 39.726012154160038 ], [ -31.106794247709466, 39.726011630952982 ], [ -31.106496644241165, 39.72598867427552 ], [ -31.106402762646223, 39.725982729752459 ], [ -31.106338743675778, 39.725977091332936 ], [ -31.106109103684009, 39.72597334861733 ], [ -31.105817089476762, 39.725955075259591 ], [ -31.105658201749645, 39.725979602644912 ], [ -31.10562530889425, 39.725983481207344 ], [ -31.105596397491706, 39.725974000866927 ], [ -31.105583134604064, 39.725951261078421 ], [ -31.105533645041394, 39.725896490122047 ], [ -31.105363881541322, 39.725862189812673 ], [ -31.105336694085867, 39.725870756187362 ], [ -31.105311237162311, 39.725892863883431 ], [ -31.105277518873198, 39.725901322722748 ], [ -31.105246846058815, 39.725900822856595 ], [ -31.104748836516517, 39.725820628347769 ], [ -31.104448932269772, 39.725775195652417 ], [ -31.104226360268839, 39.725726428878673 ], [ -31.104129812939373, 39.725711339564228 ], [ -31.104087145944504, 39.725697219574315 ], [ -31.103997015326073, 39.725682145782002 ], [ -31.10396950244597, 39.725672777978836 ], [ -31.103537983283648, 39.725589067983947 ], [ -31.103445875856977, 39.725569546896971 ], [ -31.103435849559659, 39.725564968484598 ], [ -31.103340948905437, 39.725540897010056 ], [ -31.103308060503153, 39.725540359522824 ], [ -31.102748219057879, 39.725400497979919 ], [ -31.102507866172811, 39.725229994368895 ], [ -31.102266406809619, 39.725099923999579 ], [ -31.101984088821411, 39.724996212873677 ], [ -31.101701848149503, 39.72491952937559 ], [ -31.101034016880263, 39.724701407716786 ], [ -31.100732117317857, 39.724592868500835 ], [ -31.100426307529471, 39.724524805519344 ], [ -31.10030237945508, 39.724495662608568 ], [ -31.099221797608305, 39.723986994655306 ], [ -31.098946514335186, 39.723865372768202 ], [ -31.098663252424576, 39.72377515121967 ], [ -31.098396307217211, 39.723694115555681 ], [ -31.098235918681489, 39.72356094881436 ], [ -31.098196792165439, 39.723524182115966 ], [ -31.098173262686178, 39.723505778814136 ], [ -31.097987708360613, 39.723358595274327 ], [ -31.097965823426414, 39.723331299661389 ], [ -31.097891384711872, 39.723203863693307 ], [ -31.097651462051918, 39.723069393510208 ], [ -31.097454610976541, 39.722989503717876 ], [ -31.097065010060156, 39.72288852840807 ], [ -31.096890777905642, 39.722885675090964 ], [ -31.096852545639958, 39.722871625176957 ], [ -31.096787870409543, 39.722839033799708 ], [ -31.096560934181507, 39.722682161862757 ], [ -31.096438160747518, 39.722589969491942 ], [ -31.096409136645057, 39.722580485027088 ], [ -31.096312964728501, 39.722551971521689 ], [ -31.096278226482198, 39.722542393295562 ], [ -31.096253298462155, 39.722523966667062 ], [ -31.096204034072279, 39.722482529250399 ], [ -31.096182968905826, 39.722455156658746 ], [ -31.096175788268127, 39.72242350717012 ], [ -31.096162039078632, 39.722342199604306 ], [ -31.096113463548523, 39.722305457391833 ], [ -31.096062800035174, 39.722263996062551 ], [ -31.096039971248189, 39.722245603826522 ], [ -31.095835378726157, 39.722048555120708 ], [ -31.095634277354872, 39.721856067998843 ], [ -31.095417530057407, 39.721676837744937 ], [ -31.095190139123918, 39.721515541122571 ], [ -31.094930567640187, 39.721353535642258 ], [ -31.094696615502844, 39.721214563551953 ], [ -31.094405291934851, 39.721070235351895 ], [ -31.094132000326091, 39.720957553149923 ], [ -31.094049383360137, 39.720915657213204 ], [ -31.094024337428717, 39.720897318266431 ], [ -31.093971453170294, 39.720860324218094 ], [ -31.093896568505606, 39.720796121968803 ], [ -31.093825620542876, 39.720749912863113 ], [ -31.09355447918966, 39.720533750314658 ], [ -31.093507551266949, 39.720492349241162 ], [ -31.093491254028422, 39.720474063800481 ], [ -31.093209566356009, 39.720217276288793 ], [ -31.093177745029088, 39.720207745065466 ], [ -31.093065159158559, 39.720165356950837 ], [ -31.093037771600052, 39.720155808445867 ], [ -31.09300993498071, 39.720132918771405 ], [ -31.092988747719648, 39.720110048255073 ], [ -31.092952789351624, 39.720064322545682 ], [ -31.092915807690403, 39.72000065147575 ], [ -31.092872661750242, 39.719927870687741 ], [ -31.092843675392825, 39.719895862673667 ], [ -31.092765055110856, 39.719836012877771 ], [ -31.092726497932624, 39.719808443205991 ], [ -31.092697146926934, 39.719785438477139 ], [ -31.09266475775399, 39.719766888468513 ], [ -31.092614416796977, 39.719743539667576 ], [ -31.092570365412175, 39.719724797969569 ], [ -31.092387362886683, 39.719672153385815 ], [ -31.092365109017578, 39.719658364632252 ], [ -31.092331438593444, 39.719639703378654 ], [ -31.092253271670224, 39.719588870004557 ], [ -31.092239880260941, 39.719575226904404 ], [ -31.092227396746125, 39.719579436267082 ], [ -31.092160226653895, 39.719578333919401 ], [ -31.092131392658988, 39.719595878558543 ], [ -31.092108643599598, 39.719600099342422 ], [ -31.092085568513379, 39.719590711599494 ], [ -31.092072765155262, 39.719576897961012 ], [ -31.092057609636512, 39.719572234252382 ], [ -31.092041058416591, 39.719567458405038 ], [ -31.092026934834575, 39.71957614544111 ], [ -31.092013509596374, 39.719584934049102 ], [ -31.091996707675559, 39.719589252579837 ], [ -31.091969779428894, 39.719584216032366 ], [ -31.091939473345487, 39.719574709382378 ], [ -31.091903345425713, 39.719560602353319 ], [ -31.09185821478366, 39.719559861269943 ], [ -31.091839328888042, 39.719555137102617 ], [ -31.091830130532848, 39.71954597655705 ], [ -31.091826074213536, 39.719532305802616 ], [ -31.091808581447001, 39.719532019098779 ], [ -31.091782211257435, 39.719540594845661 ], [ -31.091754330143932, 39.719544732081381 ], [ -31.091747720980546, 39.719522100130362 ], [ -31.09176698677086, 39.719508812832572 ], [ -31.09177318721914, 39.719495490901686 ], [ -31.091730776279256, 39.719472272102756 ], [ -31.091700223164608, 39.7194717706425 ], [ -31.091692628427637, 39.719480655080361 ], [ -31.091669680090586, 39.719466673688466 ], [ -31.091668901453943, 39.719444138502844 ], [ -31.091643032885091, 39.719430290176611 ], [ -31.091588508469375, 39.719397862831933 ], [ -31.09152544504428, 39.71938322358173 ], [ -31.091463767316789, 39.719373291026379 ], [ -31.091343590301541, 39.719339785734064 ], [ -31.091317027144722, 39.7193257457266 ], [ -31.091265991253767, 39.719297969451326 ], [ -31.091239428129125, 39.719283929426766 ], [ -31.091194102252867, 39.719260662493106 ], [ -31.091154225522715, 39.719255592983089 ], [ -31.091133249666164, 39.719246239578069 ], [ -31.091114157218485, 39.719227816839116 ], [ -31.09109621831923, 39.719214098813914 ], [ -31.091096593313992, 39.719200501819536 ], [ -31.091092082206941, 39.719177904339602 ], [ -31.091081359186113, 39.719173313407943 ], [ -31.091057468118631, 39.719163912040912 ], [ -31.091031097960084, 39.71917248851927 ], [ -31.091011593819296, 39.719190186338139 ], [ -31.090997470191962, 39.71919887324816 ], [ -31.090973941627116, 39.719180558606496 ], [ -31.090956246049601, 39.719162249812413 ], [ -31.090942290764218, 39.719139496981676 ], [ -31.090933219231562, 39.719125744602948 ], [ -31.090917620169797, 39.719107560381552 ], [ -31.090895574667609, 39.719111612314983 ], [ -31.090874917095306, 39.719120371917732 ], [ -31.090860787048278, 39.719133563362178 ], [ -31.090846082957942, 39.719137917136052 ], [ -31.090825923473453, 39.719128576203978 ], [ -31.090802972923527, 39.719114685599621 ], [ -31.090803596369028, 39.719092083380282 ], [ -31.090803152692828, 39.719078562112038 ], [ -31.090779951282592, 39.71907376678282 ], [ -31.090755928526459, 39.719073371599976 ], [ -31.090734820987397, 39.719073025270305 ], [ -31.090707637068107, 39.719081497294219 ], [ -31.090690391517885, 39.719072295269541 ], [ -31.090675611309024, 39.719054033492895 ], [ -31.090660466060871, 39.719044775923052 ], [ -31.090627697571495, 39.719044237735822 ], [ -31.090605278126962, 39.719061887524859 ], [ -31.090588680386322, 39.719084137744133 ], [ -31.090571766866521, 39.71908827404669 ], [ -31.090544002485331, 39.719092412912971 ], [ -31.090517890842325, 39.719087388564205 ], [ -31.09049342444467, 39.719073472959558 ], [ -31.090464392578486, 39.719068581640357 ], [ -31.090439997166289, 39.71908169423002 ], [ -31.090420288944365, 39.719081370866299 ], [ -31.090419961952744, 39.719067851516968 ], [ -31.090443082268784, 39.719050213295716 ], [ -31.090491174746006, 39.719023885625781 ], [ -31.090518234451412, 39.719019916265438 ], [ -31.090480582426, 39.719010288377291 ], [ -31.090458448252985, 39.71899641113702 ], [ -31.09045977149, 39.718973819532685 ], [ -31.090443599635631, 39.718951031074489 ], [ -31.090411901033015, 39.718937086553268 ], [ -31.090381358277067, 39.718931990168088 ], [ -31.090345797671763, 39.718926901304528 ], [ -31.090286912713005, 39.718921518735357 ], [ -31.090258707299501, 39.718912046214413 ], [ -31.090200775433654, 39.718897490686324 ], [ -31.090154251101222, 39.71889231144624 ], [ -31.090133143649592, 39.718891964107989 ], [ -31.090103741647479, 39.718900490484216 ], [ -31.090067936244683, 39.718904316726878 ], [ -31.090037388562227, 39.718899400356527 ], [ -31.08997267816186, 39.718893741574533 ], [ -31.089943197746418, 39.718879743337936 ], [ -31.089917206809947, 39.718870307178932 ], [ -31.089886785895644, 39.718860798105979 ], [ -31.089856106365545, 39.71886488792979 ], [ -31.089828799311324, 39.718877863278351 ], [ -31.08979857855552, 39.718886465293764 ], [ -31.089767575924622, 39.718876856522208 ], [ -31.089746848908167, 39.718858497651283 ], [ -31.089712681213701, 39.718857936176448 ], [ -31.089164468709892, 39.718853518076507 ], [ -31.088862050765531, 39.718871067310303 ], [ -31.088663887361964, 39.71889024081954 ], [ -31.088630170653317, 39.718898695764047 ], [ -31.088602859739176, 39.718911759950608 ], [ -31.088584054725477, 39.718929468871693 ], [ -31.088561048114453, 39.718947198685107 ], [ -31.088540843768413, 39.718964884552797 ], [ -31.08852482961321, 39.718987144083584 ], [ -31.088458987318774, 39.719233812107753 ], [ -31.088466086200896, 39.719242938338795 ], [ -31.088459307352075, 39.71925183600014 ], [ -31.088429780678581, 39.719264863649748 ], [ -31.088396195858934, 39.719264311385849 ], [ -31.088367493184265, 39.719272847936118 ], [ -31.088342400121988, 39.719285859397324 ], [ -31.088331311949855, 39.719290271508626 ], [ -31.088304000824582, 39.71930333561896 ], [ -31.088270983532201, 39.719311801977163 ], [ -31.08823169388511, 39.719306560947636 ], [ -31.088205126426114, 39.719292700347339 ], [ -31.088189285489765, 39.719283340003372 ], [ -31.088156886391641, 39.719269383329646 ], [ -31.0880642168528, 39.719245336184727 ], [ -31.088029607188865, 39.719231162873285 ], [ -31.088008054018268, 39.719217384833364 ], [ -31.087994463885497, 39.71918562926141 ], [ -31.087977525660232, 39.719135709816172 ], [ -31.087953300770494, 39.719117293002853 ], [ -31.087911262063262, 39.719080655076759 ], [ -31.087900348727768, 39.719053358155897 ], [ -31.087901792185971, 39.719026444999777 ], [ -31.087915885199493, 39.718968117564984 ], [ -31.087915690856615, 39.718945591086843 ], [ -31.087892043805581, 39.71893159834282 ], [ -31.087817362588023, 39.718889828741005 ], [ -31.087764108774486, 39.718866428955515 ], [ -31.087740340196863, 39.718852614364742 ], [ -31.087736896404678, 39.718821025937331 ], [ -31.087726026218608, 39.718766792772968 ], [ -31.087710557491679, 39.718743924531012 ], [ -31.08769007208107, 39.718721064621953 ], [ -31.087681697099654, 39.71870750365634 ], [ -31.087662737902246, 39.718680074141332 ], [ -31.087645910493947, 39.718630336658656 ], [ -31.087647234611264, 39.7186077460074 ], [ -31.087641448417223, 39.718580713728606 ], [ -31.087631108047255, 39.718558020070176 ], [ -31.087608782824415, 39.718521526673037 ], [ -31.087470329106328, 39.71833456064855 ], [ -31.087381248163116, 39.718256607229144 ], [ -31.087351644146654, 39.71824711095681 ], [ -31.087331037066832, 39.718228663541865 ], [ -31.087322765061224, 39.71815645453345 ], [ -31.087316203152103, 39.71810679608312 ], [ -31.087305412123577, 39.718075086558223 ], [ -31.087296841974997, 39.718038999070281 ], [ -31.087287693773373, 39.718002721868878 ], [ -31.087256834200801, 39.717772571349819 ], [ -31.087239964040879, 39.717749770942142 ], [ -31.087221697094538, 39.717726857418768 ], [ -31.087185614405985, 39.717685811833967 ], [ -31.087173877488262, 39.717663005924926 ], [ -31.087165754072569, 39.717640349662929 ], [ -31.087159399573835, 39.71760429868003 ], [ -31.087146316978721, 39.717549937998541 ], [ -31.087117410447718, 39.717540543256533 ], [ -31.087086034194559, 39.717544531676033 ], [ -31.087065061940379, 39.717535086605878 ], [ -31.0870430533733, 39.717516706133523 ], [ -31.087032341181636, 39.717507521160627 ], [ -31.087029799319232, 39.717493965297066 ], [ -31.087047910014316, 39.717471830617527 ], [ -31.087073704741151, 39.717458741802425 ], [ -31.087093908996682, 39.717441056184327 ], [ -31.087104919453957, 39.717414119627925 ], [ -31.087117202263137, 39.717391798789848 ], [ -31.087132600831101, 39.717387638019879 ], [ -31.087140195901071, 39.717378753885981 ], [ -31.087137212356982, 39.717351587584652 ], [ -31.087137832007823, 39.717329164610483 ], [ -31.087150207419278, 39.717252791223842 ], [ -31.087156535441618, 39.717234876893706 ], [ -31.087153304208549, 39.717216715822175 ], [ -31.087134332835376, 39.717193969959851 ], [ -31.087120378005146, 39.717171217583022 ], [ -31.087111190880197, 39.717157463003545 ], [ -31.087098626192414, 39.717139328285214 ], [ -31.087097156086934, 39.717112276118407 ], [ -31.087090096690105, 39.71708062807447 ], [ -31.087071588925138, 39.717062215213815 ], [ -31.087064862389013, 39.71703967205994 ], [ -31.087020278197759, 39.71699389245169 ], [ -31.087014128232642, 39.716975772460252 ], [ -31.087007520817181, 39.716953141173228 ], [ -31.086997999583531, 39.716930371765287 ], [ -31.086981129729466, 39.716907570423281 ], [ -31.086927231699093, 39.716852628849573 ], [ -31.086902813837561, 39.716811685356305 ], [ -31.086896086211834, 39.716789142174392 ], [ -31.086892722811331, 39.716779987328074 ], [ -31.086885046675143, 39.716766437823225 ], [ -31.086862921788022, 39.716748055399322 ], [ -31.086853728120605, 39.716738804446877 ], [ -31.086843385748992, 39.716716201676796 ], [ -31.086831276953134, 39.716706902669721 ], [ -31.086802373304554, 39.716697417805307 ], [ -31.086786519134321, 39.71669274279715 ], [ -31.086777900668224, 39.716688005976877 ], [ -31.086780169879116, 39.716656511690509 ], [ -31.086769252360039, 39.716629394776533 ], [ -31.086764370626057, 39.716620304990464 ], [ -31.08676474646181, 39.716606707123852 ], [ -31.086760805390654, 39.716593129088672 ], [ -31.086753129324787, 39.716579578675294 ], [ -31.086741143823907, 39.716565777935926 ], [ -31.086732072158156, 39.716552114421816 ], [ -31.08672357567534, 39.716542965045235 ], [ -31.086721854303494, 39.716525009037056 ], [ -31.086723178679041, 39.716502417494311 ], [ -31.086724251637602, 39.716488922113747 ], [ -31.086732795186535, 39.716471044327768 ], [ -31.086738174706682, 39.716462123695507 ], [ -31.086766873922336, 39.716453676672856 ], [ -31.086781131073177, 39.716435893970193 ], [ -31.086796323569725, 39.716418035690168 ], [ -31.086792963062035, 39.716404556418105 ], [ -31.086777609236183, 39.716381780937766 ], [ -31.086743623505658, 39.716345094251629 ], [ -31.086738741768762, 39.716336005365143 ], [ -31.086738412999257, 39.716322576069025 ], [ -31.086737962269456, 39.716313559325783 ], [ -31.086738334426389, 39.716300052392057 ], [ -31.086742325008451, 39.716286514113207 ], [ -31.086750049804074, 39.716268712921355 ], [ -31.08675251418903, 39.716259744232843 ], [ -31.086741680289943, 39.716254970889281 ], [ -31.086737160406916, 39.716236968747722 ], [ -31.086738235870428, 39.716223382413631 ], [ -31.086740822189888, 39.716210002072863 ], [ -31.086749002685522, 39.716201037519859 ], [ -31.086763376415611, 39.716183255839191 ], [ -31.086789613623939, 39.716183687444627 ], [ -31.08681190728343, 39.716170631062234 ], [ -31.086815322659454, 39.716152578641953 ], [ -31.086815693501229, 39.716139160878072 ], [ -31.086809996859973, 39.716129968468202 ], [ -31.086809795008676, 39.716111946514076 ], [ -31.086797478302934, 39.716084806536593 ], [ -31.08676698166509, 39.716052772121579 ], [ -31.086768304819767, 39.716030181457313 ], [ -31.086777872887733, 39.716025924618329 ], [ -31.086789784691693, 39.716017021570472 ], [ -31.08678140905414, 39.716003459626222 ], [ -31.086770370836533, 39.715980755284363 ], [ -31.086754319970748, 39.71595787821672 ], [ -31.086757481478291, 39.715949011112535 ], [ -31.086773705134387, 39.715940269238374 ], [ -31.086775718768664, 39.715922283804808 ], [ -31.086771178849872, 39.715850136259128 ], [ -31.086768635920645, 39.715836580369647 ], [ -31.086757730019453, 39.715804868893635 ], [ -31.08675600578524, 39.71579123730745 ], [ -31.086758027260025, 39.715768747346125 ], [ -31.086770307377375, 39.715746516586577 ], [ -31.086778026748497, 39.715733129865264 ], [ -31.086781245586472, 39.715692641914146 ], [ -31.086783258042971, 39.715674656460273 ], [ -31.086779451786597, 39.715651981239333 ], [ -31.086775805522457, 39.715602370806579 ], [ -31.086771996782687, 39.715579785637416 ], [ -31.086759658965164, 39.715498500229295 ], [ -31.086757808993422, 39.715489460419128 ], [ -31.086753750209077, 39.715475880441424 ], [ -31.086745131893522, 39.715471143621464 ], [ -31.086739099889677, 39.715453025557316 ], [ -31.086739346266739, 39.715444111298595 ], [ -31.08673332343184, 39.715421398634952 ], [ -31.086724048883259, 39.715389714046793 ], [ -31.086717336952155, 39.715290593739304 ], [ -31.086713281865762, 39.715276922826781 ], [ -31.086705528536161, 39.715240848749687 ], [ -31.086688786081421, 39.715213455613743 ], [ -31.086681238275116, 39.715195312557945 ], [ -31.086675080669938, 39.715181697977648 ], [ -31.08667487884663, 39.715163676021405 ], [ -31.086676768002768, 39.715150194093617 ], [ -31.086677965411724, 39.715132195203928 ], [ -31.086672684306667, 39.715082647907188 ], [ -31.086620576082279, 39.714937644347401 ], [ -31.086613154095513, 39.714914908610403 ], [ -31.086615911922838, 39.714869998494777 ], [ -31.086627123928317, 39.714861083924042 ], [ -31.086641121560532, 39.714856900118441 ], [ -31.086649548310032, 39.714839020407268 ], [ -31.086654352540243, 39.714825585634387 ], [ -31.086659291525972, 39.714803054575484 ], [ -31.0866614295925, 39.714780566534493 ], [ -31.086661356382663, 39.714753628376364 ], [ -31.086658366444286, 39.714730965705236 ], [ -31.086654674381553, 39.714708382453303 ], [ -31.086648397755056, 39.714694855101037 ], [ -31.086645405308861, 39.714672283382171 ], [ -31.086646026383026, 39.714649770332734 ], [ -31.086648288869945, 39.714622780585849 ], [ -31.08664493095333, 39.71460921125621 ], [ -31.086638897851078, 39.714591094068034 ], [ -31.086633441105068, 39.714577490137778 ], [ -31.086599204885321, 39.714549899586324 ], [ -31.086588487862066, 39.714545128156082 ], [ -31.086569975906663, 39.714526895331467 ], [ -31.086570351752695, 39.714513297461473 ], [ -31.086581434274638, 39.714509065603615 ], [ -31.086609070066178, 39.714509520302265 ], [ -31.086635431061143, 39.714505450221885 ], [ -31.086647790840004, 39.714505653978435 ], [ -31.086663559256369, 39.714492309859608 ], [ -31.086647138303093, 39.714478615274651 ], [ -31.086635277618662, 39.714460311922664 ], [ -31.086630644940239, 39.714442216919501 ], [ -31.08663031865003, 39.714428698468041 ], [ -31.08663221449417, 39.714410711090906 ], [ -31.086632587837478, 39.714397203272277 ], [ -31.086622692378473, 39.714388031725413 ], [ -31.086608237986812, 39.714383378870501 ], [ -31.086596704753038, 39.714378594886171 ], [ -31.086590422805443, 39.714369482007321 ], [ -31.08659358425307, 39.714360614904066 ], [ -31.0865996735617, 39.71434711122474 ], [ -31.086597129361756, 39.714333646302187 ], [ -31.086595981533645, 39.714324527970462 ], [ -31.086597878548755, 39.714306540612959 ], [ -31.086575744161657, 39.714292752728156 ], [ -31.086557809919267, 39.714278943990301 ], [ -31.08653753046837, 39.714274014907438 ], [ -31.086529406450026, 39.71425135858366 ], [ -31.08655018370348, 39.714238277243325 ], [ -31.086565950909115, 39.714224933116959 ], [ -31.086568412745336, 39.714216054480325 ], [ -31.086562963890135, 39.714197946018494 ], [ -31.086546141869317, 39.714148119252599 ], [ -31.086518111818236, 39.714107026025523 ], [ -31.086499141444527, 39.714084280973751 ], [ -31.086482971994521, 39.71406149200395 ], [ -31.086452724084236, 39.714020453189789 ], [ -31.0864411909462, 39.714015668290891 ], [ -31.086426614649294, 39.714015428869629 ], [ -31.086423495372291, 39.713997448902568 ], [ -31.086439394861046, 39.713975097657666 ], [ -31.086423098506533, 39.713956901338364 ], [ -31.086413579005733, 39.713934131905056 ], [ -31.086395883484123, 39.713915911612418 ], [ -31.086380491003858, 39.713915658728666 ], [ -31.086370155317876, 39.713892875834823 ], [ -31.086358538774821, 39.713865746448846 ], [ -31.086339946864094, 39.713829314351571 ], [ -31.086330307175881, 39.713806632121901 ], [ -31.086272943160512, 39.713666136483496 ], [ -31.086258220291917, 39.713616343385304 ], [ -31.086158223290866, 39.713384874071821 ], [ -31.08606021951428, 39.713212176481001 ], [ -31.086051723514565, 39.713203027062171 ], [ -31.086030053079384, 39.713193571197074 ], [ -31.086013876099639, 39.713175286695623 ], [ -31.086016597300691, 39.713152808278416 ], [ -31.086019883241399, 39.713139438583895 ], [ -31.086009295160189, 39.71312575090468 ], [ -31.085996483837224, 39.713116530318786 ], [ -31.085979693512581, 39.71311625433146 ], [ -31.0859670091704, 39.713102441084857 ], [ -31.085968129511951, 39.713061918535992 ], [ -31.085955448063942, 39.713043781764696 ], [ -31.085931925391474, 39.713025376112192 ], [ -31.08591050400533, 39.713006915015391 ], [ -31.085886981357323, 39.712988509354247 ], [ -31.085859025468114, 39.712970120668459 ], [ -31.08583701863353, 39.712951739996122 ], [ -31.085810093480767, 39.712946701185729 ], [ -31.085786274528303, 39.712964326983752 ], [ -31.085767836058952, 39.712973033100454 ], [ -31.085746852474593, 39.712968272454795 ], [ -31.085730437012511, 39.712954398546039 ], [ -31.085720214616646, 39.712931707555242 ], [ -31.08571792755745, 39.712904731977126 ], [ -31.085720068310831, 39.712882154800873 ], [ -31.085721140239027, 39.712868658505201 ], [ -31.085714282121184, 39.712855121510493 ], [ -31.085655214049886, 39.712827031027864 ], [ -31.085633657896174, 39.712817667067512 ], [ -31.08561547271421, 39.712812953456044 ], [ -31.085601389314565, 39.712799117093518 ], [ -31.085582756055395, 39.71278529667628 ], [ -31.085555375411424, 39.712771422064648 ], [ -31.08554022798446, 39.712766577460805 ], [ -31.085523232551314, 39.712748369484402 ], [ -31.085519294404968, 39.712734701357526 ], [ -31.085529812021971, 39.712721360869274 ], [ -31.085534613813923, 39.712708016191911 ], [ -31.085517045807695, 39.712685204018456 ], [ -31.085495622146659, 39.712666832901292 ], [ -31.085470461918796, 39.71265281470955 ], [ -31.085428544974768, 39.712616176993741 ], [ -31.085409339218341, 39.712597752353496 ], [ -31.085280206860212, 39.712492019491172 ], [ -31.08526846640904, 39.712469393510396 ], [ -31.085249260735452, 39.712450968845225 ], [ -31.085221874848997, 39.712441508634434 ], [ -31.085198350085193, 39.71242319289307 ], [ -31.08515923673227, 39.712386422048027 ], [ -31.08513793530339, 39.712363638316639 ], [ -31.085115804339782, 39.71234975921822 ], [ -31.085072376949874, 39.712312917169406 ], [ -31.085035474102533, 39.712276362939846 ], [ -31.08498462179136, 39.712216965154632 ], [ -31.084956297794857, 39.712211903968722 ], [ -31.084947627323594, 39.712234374293445 ], [ -31.084941423791765, 39.712247785911522 ], [ -31.084922417189411, 39.712247472303424 ], [ -31.084916960950292, 39.712233868299784 ], [ -31.084935075820795, 39.71221155471062 ], [ -31.084943494706366, 39.71219817964581 ], [ -31.084945259571715, 39.712189199448808 ], [ -31.084946208252958, 39.712180205784868 ], [ -31.084947281481387, 39.71216670951739 ], [ -31.084933076740427, 39.712153052159472 ], [ -31.084928195542837, 39.712143962302875 ], [ -31.084921216890166, 39.712134748645752 ], [ -31.084915636109972, 39.712125647245486 ], [ -31.084906562866117, 39.712112073653437 ], [ -31.084896923844092, 39.71208939221583 ], [ -31.084884239877823, 39.712075579758761 ], [ -31.08487784292479, 39.712066464889524 ], [ -31.084870860495144, 39.712057430452468 ], [ -31.084852401167197, 39.712011990986582 ], [ -31.08483253890364, 39.711966707653495 ], [ -31.084821951231685, 39.711953019873256 ], [ -31.084817070061934, 39.711943930012382 ], [ -31.084810916748083, 39.711930225308834 ], [ -31.08480463524878, 39.711921112340619 ], [ -31.084796963709614, 39.711907471776279 ], [ -31.084790683355184, 39.711898359727137 ], [ -31.084785801027177, 39.711889269845805 ], [ -31.084775204115374, 39.711880175759703 ], [ -31.084773364908383, 39.711866542242277 ], [ -31.08477582936812, 39.711857573591693 ], [ -31.084775883897851, 39.711826042781802 ], [ -31.084771002742503, 39.71181695291915 ], [ -31.084759015940541, 39.711803242045647 ], [ -31.08475064234954, 39.711789679986516 ], [ -31.084741819598413, 39.711767012005296 ], [ -31.084728441635374, 39.711748772612687 ], [ -31.084702579823272, 39.711734832771882 ], [ -31.084682617832655, 39.711748018236797 ], [ -31.084667848693208, 39.711725251221331 ], [ -31.084652623610019, 39.711697882828915 ], [ -31.084627008473401, 39.711675027817876 ], [ -31.084585802578147, 39.711633807682823 ], [ -31.084578946098208, 39.711620181455785 ], [ -31.08457115006566, 39.711611043480673 ], [ -31.084564170211742, 39.711601918974495 ], [ -31.084543075492117, 39.711596976994237 ], [ -31.084501189682168, 39.71160989070529 ], [ -31.084478695830121, 39.711604924721676 ], [ -31.084470199042002, 39.711595776075676 ], [ -31.084469995274386, 39.711577844171153 ], [ -31.084470944005655, 39.711568850511483 ], [ -31.084473408492183, 39.711559881867579 ], [ -31.084468651945361, 39.711546290291004 ], [ -31.084452602822701, 39.711523412931328 ], [ -31.084441188668503, 39.711514305327157 ], [ -31.084430477728841, 39.711505120135627 ], [ -31.084418127809549, 39.71150032155753 ], [ -31.084407655559534, 39.711486725737757 ], [ -31.084399283399829, 39.711473073583825 ], [ -31.084395228967921, 39.71145940259813 ], [ -31.084389648283874, 39.711450302075036 ], [ -31.08438196523386, 39.711441256045212 ], [ -31.08437429629522, 39.711427526303609 ], [ -31.084345322851163, 39.711391101826749 ], [ -31.084339042626215, 39.711381988854413 ], [ -31.084336501445549, 39.711368433836881 ], [ -31.084334777789966, 39.711354801318421 ], [ -31.084317542997802, 39.711341093874481 ], [ -31.084299479902224, 39.711336200986892 ], [ -31.084279074377978, 39.711335865086468 ], [ -31.084267539347021, 39.711331170035805 ], [ -31.084251236177575, 39.711317477959106 ], [ -31.084244139798514, 39.711308351510446 ], [ -31.084224235137494, 39.711289915139339 ], [ -31.084206416237159, 39.711276198037766 ], [ -31.084200961534897, 39.711262503932218 ], [ -31.084181053080609, 39.711244247677477 ], [ -31.084164638336297, 39.711230373560639 ], [ -31.08415227799394, 39.711230169534431 ], [ -31.084131248219652, 39.711252435790072 ], [ -31.08410325049206, 39.711260892859393 ], [ -31.084084234815389, 39.711265174618958 ], [ -31.084066995934322, 39.711255790642085 ], [ -31.084082768414152, 39.71123803236727 ], [ -31.084091062736988, 39.711229159965256 ], [ -31.084101453293407, 39.711220412258378 ], [ -31.08410474445412, 39.711206863416997 ], [ -31.084105815331622, 39.711193457210776 ], [ -31.084107831961582, 39.711175381770865 ], [ -31.084109596903424, 39.71116640158705 ], [ -31.084109968178904, 39.711152984733339 ], [ -31.084091213575444, 39.711143575740174 ], [ -31.084068091921718, 39.711161302795041 ], [ -31.084044322348859, 39.711151902004758 ], [ -31.084029171702532, 39.711147148146743 ], [ -31.084016938471507, 39.711142351452573 ], [ -31.084002420025175, 39.711110580074575 ], [ -31.083991580967666, 39.711105986578914 ], [ -31.083978649312954, 39.711101179252147 ], [ -31.083961407994646, 39.71109188531269 ], [ -31.083947903239537, 39.711078239390453 ], [ -31.083936617466318, 39.711064540005353 ], [ -31.083934199841313, 39.711046481458986 ], [ -31.083932485424477, 39.711028345329176 ], [ -31.083934949958241, 39.711019376697138 ], [ -31.083950462721919, 39.711015217320757 ], [ -31.083976697904351, 39.711015650415739 ], [ -31.083985826892501, 39.710997692388688 ], [ -31.083995511009807, 39.710993437687804 ], [ -31.084010912127905, 39.710989097174803 ], [ -31.084028524766993, 39.710984972452124 ], [ -31.084058374402293, 39.710985465194469 ], [ -31.084070161076983, 39.710981064107635 ], [ -31.084072172698935, 39.710963169672425 ], [ -31.084065891381147, 39.710954056667212 ], [ -31.084055058493242, 39.710949283093022 ], [ -31.08401856290401, 39.710948681541687 ], [ -31.084007723845371, 39.710944088948523 ], [ -31.084001568307276, 39.710930473357315 ], [ -31.083997879759785, 39.710907799980454 ], [ -31.083990207320095, 39.710894159347795 ], [ -31.083991972268485, 39.710885179165551 ], [ -31.084004829794313, 39.71086737277998 ], [ -31.083995507654969, 39.710862805226704 ], [ -31.083982455816241, 39.710858085108789 ], [ -31.083970096707588, 39.710857881084024 ], [ -31.083953059063901, 39.710866519949242 ], [ -31.083932776988537, 39.71086177056015 ], [ -31.083927197762343, 39.71085257904474 ], [ -31.083911200058857, 39.710798350933722 ], [ -31.083905619514113, 39.710789249488663 ], [ -31.08389560965345, 39.710779985728756 ], [ -31.083882100637776, 39.71077075339327 ], [ -31.083871961187302, 39.710766172337287 ], [ -31.083869422633423, 39.710752526358355 ], [ -31.083874799550959, 39.710743695900753 ], [ -31.083870983949382, 39.71072561517424 ], [ -31.08385945589848, 39.710716415539771 ], [ -31.083863110429064, 39.710693952577479 ], [ -31.083877817440076, 39.710685186056658 ], [ -31.083900239406823, 39.710667447486671 ], [ -31.083903697115662, 39.710622548972324 ], [ -31.08390185812927, 39.710608914542703 ], [ -31.083893487311038, 39.710595263275017 ], [ -31.083879283118158, 39.710581604896802 ], [ -31.083865780967361, 39.710567868914602 ], [ -31.083853098643964, 39.71055405637226 ], [ -31.083837945673658, 39.710549391643774 ], [ -31.083820465768561, 39.710544509211708 ], [ -31.083800999960406, 39.710539773276153 ], [ -31.083783509547121, 39.710539485417321 ], [ -31.083769885324156, 39.71053016107367 ], [ -31.083761512048895, 39.7105165998492 ], [ -31.08375560466358, 39.710493979023461 ], [ -31.083770556513677, 39.710480621805736 ], [ -31.083776185145624, 39.710462696096592 ], [ -31.083775863763854, 39.710444763148246 ], [ -31.08378054359213, 39.71043583109256 ], [ -31.083783832304423, 39.710422371410687 ], [ -31.083779078455645, 39.710408689756406 ], [ -31.083765573890147, 39.710395042914961 ], [ -31.083749852136382, 39.710385684840041 ], [ -31.083732483913632, 39.710380983524253 ], [ -31.083717458076471, 39.71037172702782 ], [ -31.083703016406787, 39.710362479273336 ], [ -31.083689630927267, 39.710348745197024 ], [ -31.083679746970237, 39.710334977937201 ], [ -31.083669035144702, 39.710325792661159 ], [ -31.083663454667867, 39.710316691205414 ], [ -31.083661034615247, 39.710298723606059 ], [ -31.083660711409767, 39.710285114198953 ], [ -31.083680213453114, 39.710267507646208 ], [ -31.083687691544739, 39.710258621794843 ], [ -31.083688884059953, 39.710245037412953 ], [ -31.083687615083143, 39.710236097236248 ], [ -31.083673866285032, 39.710231276384803 ], [ -31.083659734291139, 39.710244557034066 ], [ -31.083647946578314, 39.710248957162328 ], [ -31.083636414263349, 39.710244172001431 ], [ -31.083619170684464, 39.710234968968606 ], [ -31.083609986297706, 39.710221214154373 ], [ -31.083631461265927, 39.710208143943149 ], [ -31.083653382150526, 39.710208505875784 ], [ -31.083664466632204, 39.710204184229262 ], [ -31.083673339480406, 39.710199735973127 ], [ -31.083679540563274, 39.710186414471877 ], [ -31.083654132379987, 39.710181400213926 ], [ -31.083635815377058, 39.710185693438298 ], [ -31.083623339796699, 39.710185487454403 ], [ -31.083618574329932, 39.710176399453097 ], [ -31.083623262189228, 39.710162962876758 ], [ -31.083640879596867, 39.710158659004321 ], [ -31.083654176867711, 39.710154463986925 ], [ -31.083670151433449, 39.710154727737923 ], [ -31.083682754146725, 39.710150340162336 ], [ -31.083687240883499, 39.710118882526288 ], [ -31.083693693687913, 39.710096465768224 ], [ -31.083678521830421, 39.710037656503964 ], [ -31.083656323444362, 39.70999674896126 ], [ -31.083647126066456, 39.709987678780934 ], [ -31.083633875812659, 39.709964847518727 ], [ -31.083616182012634, 39.709946626832291 ], [ -31.083608513381598, 39.709932897044347 ], [ -31.083578268936542, 39.709891856636901 ], [ -31.083571289355234, 39.709882732976261 ], [ -31.083566404828428, 39.709873733099926 ], [ -31.083551507408234, 39.709859883949989 ], [ -31.083548024501756, 39.709850817122671 ], [ -31.08354827126551, 39.709841901971451 ], [ -31.08354946379756, 39.709828317590549 ], [ -31.083548197311941, 39.709819288260825 ], [ -31.083540401611526, 39.709810150221927 ], [ -31.083533545506082, 39.709796523938309 ], [ -31.083526565964814, 39.709787399374697 ], [ -31.083508259614536, 39.709787097102215 ], [ -31.083487357219479, 39.709804770598403 ], [ -31.08347334623047, 39.709813639558931 ], [ -31.083455168166495, 39.709808744643723 ], [ -31.083444946947701, 39.709786053469898 ], [ -31.083448932757236, 39.709772695400439 ], [ -31.083457112875539, 39.70976373106209 ], [ -31.083476616143773, 39.709746034468516 ], [ -31.083485857853471, 39.709728258524699 ], [ -31.08347248057472, 39.709710019899141 ], [ -31.083465499883982, 39.709700895312878 ], [ -31.083457706675162, 39.709691668117316 ], [ -31.083446296606802, 39.709682470390163 ], [ -31.083440715042219, 39.709673368905463 ], [ -31.083438049453022, 39.709664316471688 ], [ -31.083433982277082, 39.709655330086285 ], [ -31.083428527843932, 39.70964163594752 ], [ -31.083421553856095, 39.7096280978039 ], [ -31.083415276398121, 39.70961889473368 ], [ -31.083409694842448, 39.709609793247616 ], [ -31.083406451843764, 39.709596316712066 ], [ -31.083396940765009, 39.709569042507283 ], [ -31.08339313341002, 39.709546456338884 ], [ -31.083394448084118, 39.709528460310622 ], [ -31.083388991175109, 39.709514856222178 ], [ -31.08337257317066, 39.709501162126344 ], [ -31.083357547594687, 39.709491904687191 ], [ -31.083351967197302, 39.709482804118352 ], [ -31.083354439788813, 39.70946933097013 ], [ -31.083371605585324, 39.709456010360114 ], [ -31.083392959375743, 39.709447352755504 ], [ -31.083415825185572, 39.709438811108626 ], [ -31.083431465887198, 39.709430060058935 ], [ -31.083433113103933, 39.709421077939375 ], [ -31.083432087890447, 39.709407547031397 ], [ -31.083423025786232, 39.709389379654418 ], [ -31.083418143803868, 39.709380289720372 ], [ -31.083411166785623, 39.709371075999059 ], [ -31.083396014103204, 39.709366411218888 ], [ -31.083373192899291, 39.709348016634664 ], [ -31.083377430460654, 39.709325563311253 ], [ -31.083372848497291, 39.70928035185937 ], [ -31.083372398190498, 39.709271336004839 ], [ -31.083369730155855, 39.709262372721007 ], [ -31.083366365058879, 39.709253307833215 ], [ -31.083366299202286, 39.709226189594801 ], [ -31.083364448644698, 39.709217149716707 ], [ -31.083362731935679, 39.709199102729237 ], [ -31.083362661094231, 39.709172164594705 ], [ -31.083351672116788, 39.709122432774208 ], [ -31.083345065387793, 39.709099801277105 ], [ -31.083218636867954, 39.708791315497947 ], [ -31.083119727490129, 39.708546436694284 ], [ -31.083083127766479, 39.708473760377693 ], [ -31.083039881279696, 39.708400973371532 ], [ -31.083036190656788, 39.708378390017572 ], [ -31.083019324077178, 39.708355589049624 ], [ -31.082966132729805, 39.708300746499816 ], [ -31.082903127273564, 39.708259165713791 ], [ -31.082876693567705, 39.708240621271408 ], [ -31.082791813914458, 39.70817174305548 ], [ -31.082770636101095, 39.708148780745482 ], [ -31.082743951799628, 39.7081393315474 ], [ -31.082731600102139, 39.708134622856399 ], [ -31.082695721318785, 39.708116012447491 ], [ -31.08267987997063, 39.70810674234685 ], [ -31.082660538439292, 39.7080975036165 ], [ -31.082644124729235, 39.708083629302678 ], [ -31.082624919613878, 39.708065294307204 ], [ -31.08261166755079, 39.708042552990044 ], [ -31.08259758880261, 39.708024391867347 ], [ -31.082582812987614, 39.708006130035308 ], [ -31.082555613036273, 39.707960545801591 ], [ -31.082547491015337, 39.707937888324253 ], [ -31.082535754674794, 39.70791517203817 ], [ -31.082534160367761, 39.707892713392624 ], [ -31.082520902788339, 39.707874385640004 ], [ -31.082515704780157, 39.707847272706381 ], [ -31.082505733510349, 39.707815576255982 ], [ -31.082501677146496, 39.707801995262109 ], [ -31.082502048689143, 39.707788578413243 ], [ -31.082503940914922, 39.707775005599323 ], [ -31.082497668176615, 39.707761387989805 ], [ -31.082496767820121, 39.707743355374895 ], [ -31.082499479284809, 39.707725471621202 ], [ -31.082488195651703, 39.707711682036475 ], [ -31.082477858470305, 39.7076889879581 ], [ -31.08246891341626, 39.707670822439063 ], [ -31.082459026382519, 39.70765714601751 ], [ -31.082448565694243, 39.707638954556479 ], [ -31.082441710004161, 39.707625328213879 ], [ -31.082439790287651, 39.707589349307952 ], [ -31.082435035712862, 39.707575667584095 ], [ -31.082435659164918, 39.707553154581746 ], [ -31.082434758825119, 39.707535121966195 ], [ -31.082426509703811, 39.707517057133465 ], [ -31.082416626359056, 39.707503290675952 ], [ -31.082408379739825, 39.707485135790037 ], [ -31.082400709110761, 39.707471495981068 ], [ -31.082368866551938, 39.707412411111974 ], [ -31.082361768311422, 39.707403374609981 ], [ -31.082353272302715, 39.707394225821808 ], [ -31.082349335073658, 39.707380556697231 ], [ -31.082343180153973, 39.707366941025576 ], [ -31.082334806354158, 39.707353379687802 ], [ -31.082324223538979, 39.707339600764904 ], [ -31.082311544049798, 39.707321463626513 ], [ -31.082302475713686, 39.707307710624818 ], [ -31.082272281778778, 39.707239643646403 ], [ -31.082268342079399, 39.70722606457133 ], [ -31.082259974464293, 39.707212323143864 ], [ -31.082255342179657, 39.70719422796445 ], [ -31.082250009009897, 39.70717621219859 ], [ -31.082244554988815, 39.707162518008971 ], [ -31.082239799150717, 39.707148926349049 ], [ -31.082237955569795, 39.707135471999422 ], [ -31.082235417443805, 39.707121825987592 ], [ -31.082231598774246, 39.707103835244311 ], [ -31.082228361117004, 39.707090177674132 ], [ -31.082219347125697, 39.707044983031885 ], [ -31.082216931189247, 39.707026925371828 ], [ -31.0822124130211, 39.707008922169109 ], [ -31.082205566715441, 39.706990791306332 ], [ -31.082194407984304, 39.706972498194851 ], [ -31.08217545153078, 39.706945157912116 ], [ -31.082175825619409, 39.706931651011807 ], [ -31.082194628847834, 39.706913943055774 ], [ -31.082202807444101, 39.706905068868743 ], [ -31.082204570006688, 39.706896178762968 ], [ -31.082206344504726, 39.706882604007106 ], [ -31.082212545543896, 39.706869282576697 ], [ -31.082219692389501, 39.706851291925972 ], [ -31.082222162566833, 39.70683790975167 ], [ -31.082221137608414, 39.706824378833886 ], [ -31.082210554892907, 39.706810599901907 ], [ -31.08220698564741, 39.706783603956531 ], [ -31.0821995670292, 39.706760868882569 ], [ -31.082190496315516, 39.706747205024655 ], [ -31.082173261905382, 39.706733497270427 ], [ -31.08216887210374, 39.706710902333228 ], [ -31.08216738475965, 39.706629794761099 ], [ -31.082194110275839, 39.706616632272755 ], [ -31.082222116922821, 39.706603581039147 ], [ -31.082250687810596, 39.706599637635733 ], [ -31.082295607841164, 39.706582360271923 ], [ -31.082317652254918, 39.706578219828451 ], [ -31.08237689754479, 39.706570188434704 ], [ -31.082548872008129, 39.706573025959827 ], [ -31.082572566144087, 39.70655981330529 ], [ -31.082593521872312, 39.70651069830496 ], [ -31.082595086015054, 39.706483697076997 ], [ -31.082594893275871, 39.706461170586486 ], [ -31.082591654380682, 39.706447513905267 ], [ -31.082592717352565, 39.706438612235637 ], [ -31.082608940399723, 39.706429870908615 ], [ -31.082599178204823, 39.706411690997491 ], [ -31.0825859208508, 39.706393364154806 ], [ -31.082573811901309, 39.706384154796879 ], [ -31.082571146535624, 39.706375102344104 ], [ -31.082572342273338, 39.706357193545045 ], [ -31.082570375293873, 39.706348151728399 ], [ -31.0825442968668, 39.706262044960752 ], [ -31.082552820574396, 39.70619011208889 ], [ -31.082553442791671, 39.706167599060336 ], [ -31.082567161878252, 39.706122870075291 ], [ -31.082572798507464, 39.706100439882817 ], [ -31.082573991111584, 39.706086856407218 ], [ -31.082572849502263, 39.706073323563537 ], [ -31.082565991461482, 39.706059786379441 ], [ -31.082553193605694, 39.706045971784945 ], [ -31.082538166356468, 39.706036805207674 ], [ -31.08251801179582, 39.70602746293067 ], [ -31.082507429110624, 39.706013684926013 ], [ -31.082502788736477, 39.706000094281251 ], [ -31.082497214314891, 39.705986579199724 ], [ -31.082485526854175, 39.705936835742158 ], [ -31.082484263077095, 39.705927715447586 ], [ -31.082481146411105, 39.705909646213378 ], [ -31.082477328922348, 39.705891654593444 ], [ -31.08247036045832, 39.705877936293817 ], [ -31.082461986826527, 39.705864374065136 ], [ -31.082458873852996, 39.705846213897054 ], [ -31.082462287222857, 39.705828252542119 ], [ -31.082480970988438, 39.705810632653474 ], [ -31.082488939350501, 39.705788240985171 ], [ -31.082491785959835, 39.705761260942552 ], [ -31.082492037810898, 39.705752165686469 ], [ -31.082488094481562, 39.705738676649332 ], [ -31.082485556346167, 39.705725030639911 ], [ -31.082478824174753, 39.705706991768892 ], [ -31.082474069731422, 39.70569330914482 ], [ -31.082472928120129, 39.705679777200416 ], [ -31.082468286444826, 39.705666276625543 ], [ -31.082459917799646, 39.705652535193295 ], [ -31.082451431268417, 39.705638881005193 ], [ -31.082442358123771, 39.705625308119366 ], [ -31.082433990679245, 39.705611565804134 ], [ -31.082426435658341, 39.705597927904421 ], [ -31.082416547609839, 39.705584340652727 ], [ -31.082410890364123, 39.705552715457593 ], [ -31.082410814261578, 39.705530190890968 ], [ -31.082406060983455, 39.705516509184122 ], [ -31.082396296467984, 39.705498419309642 ], [ -31.082391093045583, 39.705475720841477 ], [ -31.082381445100619, 39.70545763379252 ], [ -31.082369336337841, 39.705448424416446 ], [ -31.082349759268268, 39.705443507121338 ], [ -31.08232562477167, 39.705443108380742 ], [ -31.082319719365628, 39.705420488404656 ], [ -31.082321854766697, 39.705398090468876 ], [ -31.082333887435151, 39.705384775283022 ], [ -31.082350237441204, 39.70537144133155 ], [ -31.082359352955844, 39.705358168040419 ], [ -31.082362519470241, 39.705349120938472 ], [ -31.082363707109248, 39.705335717568133 ], [ -31.082333171017357, 39.705330618310882 ], [ -31.082311490449126, 39.705325846442712 ], [ -31.082308011570397, 39.705316689548098 ], [ -31.082309082633216, 39.705303284252267 ], [ -31.082306665574855, 39.70528522567006 ], [ -31.082304119385455, 39.705276084185044 ], [ -31.082332372340353, 39.705254117756553 ], [ -31.082347896948335, 39.705245274830034 ], [ -31.082363035602206, 39.705254623458629 ], [ -31.082379209805371, 39.705272909325586 ], [ -31.082400189681316, 39.705277669604875 ], [ -31.082422930692552, 39.705273630739157 ], [ -31.082440667956334, 39.705264913547424 ], [ -31.082444783304641, 39.705246873695145 ], [ -31.082463515466308, 39.705202226633439 ], [ -31.082480726366541, 39.705161969906342 ], [ -31.082473305341455, 39.705139323997422 ], [ -31.082493184025111, 39.70510802967096 ], [ -31.08251699851164, 39.705090494533621 ], [ -31.082523451133181, 39.705068078720615 ], [ -31.082511474014353, 39.705049862209442 ], [ -31.082502779941777, 39.70502260141663 ], [ -31.082504916407224, 39.705000204394118 ], [ -31.082504151337861, 39.704973073688052 ], [ -31.082514837805014, 39.704928294600222 ], [ -31.082530851591091, 39.704906035835435 ], [ -31.082545424747156, 39.704906276581333 ], [ -31.082560247269395, 39.704897511219144 ], [ -31.08256353588617, 39.704884052459576 ], [ -31.082565560752467, 39.704861472504284 ], [ -31.082565108088055, 39.704852545794878 ], [ -31.082534688751089, 39.704847449421486 ], [ -31.082508339316796, 39.704847015030929 ], [ -31.082492038005643, 39.704833321837071 ], [ -31.082504074198869, 39.704819916596399 ], [ -31.082531379373581, 39.704806853690222 ], [ -31.082550140158517, 39.704811758370042 ], [ -31.082568445208647, 39.704812059861709 ], [ -31.082576049985001, 39.704798581408312 ], [ -31.082580085439492, 39.70475810701052 ], [ -31.08259065081052, 39.704717740482423 ], [ -31.082598618997377, 39.704695348798708 ], [ -31.082613238103768, 39.704668652412735 ], [ -31.08261911580621, 39.704641722432662 ], [ -31.082623277078618, 39.704596744546969 ], [ -31.082618644820982, 39.704578650276808 ], [ -31.082613316741654, 39.704560453517871 ], [ -31.08261438772788, 39.704547048215865 ], [ -31.082622233713721, 39.704529069080507 ], [ -31.082635912017562, 39.704506861812185 ], [ -31.082644579670159, 39.704484481678726 ], [ -31.082649269755326, 39.704470955973008 ], [ -31.082660025348655, 39.704453205084477 ], [ -31.082672182443137, 39.704435387252474 ], [ -31.082700708730208, 39.704327657363955 ], [ -31.082709132576728, 39.704309868854502 ], [ -31.082713295089469, 39.704264800889931 ], [ -31.082710179586677, 39.704246731676612 ], [ -31.082712201885091, 39.704224241766873 ], [ -31.082713512920137, 39.704206335765342 ], [ -31.082714011549861, 39.704188325350067 ], [ -31.082715212176417, 39.704170236437207 ], [ -31.082717226372022, 39.704152251957154 ], [ -31.082718422010469, 39.704134343148269 ], [ -31.08272245732757, 39.704093868738205 ], [ -31.082734614339419, 39.704076050896717 ], [ -31.082743032591054, 39.704062675960266 ], [ -31.082752974499442, 39.704044821527674 ], [ -31.082766534158768, 39.704026936758069 ], [ -31.082782421827186, 39.704009180533212 ], [ -31.082793513419336, 39.704000354413125 ], [ -31.082814038897169, 39.70399627887145 ], [ -31.082830379243745, 39.703987449349889 ], [ -31.082838355324789, 39.703960553113212 ], [ -31.082833149358962, 39.703937944710546 ], [ -31.082823376870998, 39.703924359399984 ], [ -31.082823750793246, 39.703910852487518 ], [ -31.082827087720233, 39.703870365635446 ], [ -31.082834939114292, 39.70384797290312 ], [ -31.08283765162599, 39.703829999053056 ], [ -31.082838852210301, 39.703811910136928 ], [ -31.08287988450197, 39.703749613572391 ], [ -31.082877719114467, 39.703722459733903 ], [ -31.082871363441548, 39.703690823015997 ], [ -31.082862664389477, 39.703663742348958 ], [ -31.082859559448483, 39.703641077654751 ], [ -31.082853774983924, 39.703614045126876 ], [ -31.082844503588088, 39.703582360248234 ], [ -31.082836957920044, 39.703564217863111 ], [ -31.082831750838359, 39.703541608539865 ], [ -31.08282818761877, 39.703514432512513 ], [ -31.082824128916307, 39.703500941577012 ], [ -31.082812202829469, 39.703455608763591 ], [ -31.082805469603215, 39.703437569888841 ], [ -31.082801779256481, 39.70341498651733 ], [ -31.082803103320849, 39.703392394976476 ], [ -31.082804998412207, 39.703374497717462 ], [ -31.082803398490661, 39.703356453537673 ], [ -31.082795976363109, 39.703333807625569 ], [ -31.082781329753999, 39.703310953190076 ], [ -31.082769523361833, 39.703261298772311 ], [ -31.082771314499006, 39.703171235985643 ], [ -31.082725579199746, 39.703057867549454 ], [ -31.082713844728666, 39.703035151301037 ], [ -31.082686645370153, 39.702989566186162 ], [ -31.082652091957204, 39.702948455244162 ], [ -31.082629148346477, 39.702934563154528 ], [ -31.082607151060753, 39.702911767458481 ], [ -31.082590863233921, 39.702893389650143 ], [ -31.082577728685568, 39.702870650259818 ], [ -31.082560622285232, 39.702852349919226 ], [ -31.082516347699677, 39.702770537275207 ], [ -31.082503668972841, 39.702752399262671 ], [ -31.082486679202059, 39.702734100837915 ], [ -31.082466777394572, 39.702715664210004 ], [ -31.082449089319049, 39.702697354243639 ], [ -31.08243722666829, 39.70267923060667 ], [ -31.082425377123226, 39.702656421433645 ], [ -31.082407812578015, 39.702633608837921 ], [ -31.082401907347624, 39.702610988860776 ], [ -31.082406314241872, 39.702557096693212 ], [ -31.082408336567326, 39.702534606783765 ], [ -31.082409778453577, 39.702512018092605 ], [ -31.0824091344202, 39.702480474804958 ], [ -31.082403928687139, 39.702457866383646 ], [ -31.082401637484214, 39.702435306112243 ], [ -31.08239281410982, 39.702412727116517 ], [ -31.082378741467423, 39.702394386775829 ], [ -31.08236327413071, 39.702371698914149 ], [ -31.082348624198101, 39.702348934461597 ], [ -31.082331759262853, 39.702326132511509 ], [ -31.082320725849758, 39.702303337711783 ], [ -31.082321921514474, 39.702285429803801 ], [ -31.082319755041198, 39.702258366026115 ], [ -31.082302640760584, 39.702244570181293 ], [ -31.082280966164522, 39.702239617323606 ], [ -31.082273545455084, 39.702216972300739 ], [ -31.082297233130014, 39.702203939762633 ], [ -31.08229785650812, 39.702181426741234 ], [ -31.082294167705768, 39.702158753283207 ], [ -31.082271728736192, 39.702122436233708 ], [ -31.082258595595977, 39.702099696829691 ], [ -31.082257455410542, 39.702086073905832 ], [ -31.082258520829281, 39.702077082180246 ], [ -31.082246670086182, 39.702054363962475 ], [ -31.082259767579409, 39.702032057037876 ], [ -31.082287003642694, 39.701991965949325 ], [ -31.082291479770237, 39.701965102010021 ], [ -31.082307423693713, 39.70191581502219 ], [ -31.082310145505073, 39.701893336668888 ], [ -31.082313674116413, 39.701875376309289 ], [ -31.082318610920517, 39.701852935451392 ], [ -31.082322024112933, 39.701834973184503 ], [ -31.082326955337301, 39.701816945904056 ], [ -31.082343547663587, 39.701794786801095 ], [ -31.082349877813801, 39.70177678353231 ], [ -31.082351775454381, 39.701758796225647 ], [ -31.082354036495246, 39.701731896587944 ], [ -31.082355237147258, 39.701713807672789 ], [ -31.082349455504723, 39.701686685067791 ], [ -31.082342723744318, 39.701668645286766 ], [ -31.08234404787698, 39.701646054648023 ], [ -31.082331494300494, 39.701492781448522 ], [ -31.082329655794858, 39.701479146986955 ], [ -31.082323050031071, 39.701456515429008 ], [ -31.082309098442114, 39.701433852600658 ], [ -31.082296674307575, 39.701406530155282 ], [ -31.082301849860173, 39.701379677768429 ], [ -31.08231393974668, 39.701334741671189 ], [ -31.082316778104673, 39.701312265241064 ], [ -31.082319865775936, 39.701280784501151 ], [ -31.082324800059425, 39.701258432791327 ], [ -31.082332317727296, 39.701227025239866 ], [ -31.082334466016921, 39.701199942649957 ], [ -31.082340966819729, 39.701150499638317 ], [ -31.082344377471049, 39.701132627419859 ], [ -31.082358876161493, 39.701110254436273 ], [ -31.082380773444505, 39.701056560219207 ], [ -31.082390837153344, 39.70103429324746 ], [ -31.082399382209044, 39.701016326564968 ], [ -31.0824219764067, 39.700962733945637 ], [ -31.082415133073017, 39.70094451303828 ], [ -31.08240466159603, 39.700930916142397 ], [ -31.082405862187588, 39.700912828124231 ], [ -31.082420233679386, 39.700895046887787 ], [ -31.082433087150484, 39.700877330664618 ], [ -31.08243441241888, 39.700854739139594 ], [ -31.082436424062887, 39.700836844706252 ], [ -31.082437622175259, 39.700818845838825 ], [ -31.082439644417043, 39.700796355921 ], [ -31.082424872603532, 39.700778004033261 ], [ -31.082411497243644, 39.700759765307041 ], [ -31.082411169266493, 39.700746335986487 ], [ -31.082424843744629, 39.700728453140449 ], [ -31.082434535900209, 39.70071960392746 ], [ -31.082454168194197, 39.700692990358498 ], [ -31.082444274023096, 39.700683818475873 ], [ -31.082448953310511, 39.70067488644797 ], [ -31.082467641788021, 39.700657086428357 ], [ -31.082469538189901, 39.700639099095753 ], [ -31.082465598774998, 39.700625520020864 ], [ -31.082469011831197, 39.700607558644215 ], [ -31.082483380747441, 39.700589867449267 ], [ -31.082498336204896, 39.700572095848635 ], [ -31.082503266114696, 39.700554068534466 ], [ -31.082499009247893, 39.700522466455759 ], [ -31.082516167930152, 39.700509326007769 ], [ -31.082532516713002, 39.700495991991495 ], [ -31.082539535606301, 39.700482593942944 ], [ -31.082541306003531, 39.700469199285735 ], [ -31.082541228631747, 39.700446674680386 ], [ -31.082537424407001, 39.700423999317465 ], [ -31.082524661777949, 39.700387842156907 ], [ -31.082512182387052, 39.700392050575658 ], [ -31.082503072011217, 39.700400909406795 ], [ -31.082476582128223, 39.700414076790921 ], [ -31.082475113923536, 39.700387024543652 ], [ -31.082475737178758, 39.700364512413366 ], [ -31.082458872657941, 39.700341710484977 ], [ -31.082462412848699, 39.700319156449098 ], [ -31.082478880098712, 39.70030149991792 ], [ -31.082502446071818, 39.700292879890611 ], [ -31.082523097627369, 39.700284210812946 ], [ -31.082539185318346, 39.700284476571774 ], [ -31.082540385881742, 39.700266387648668 ], [ -31.082534106823555, 39.700257275492596 ], [ -31.082516868349682, 39.700247981391612 ], [ -31.082518641236511, 39.700234496682071 ], [ -31.082536250002974, 39.700230372996323 ], [ -31.082567488352993, 39.700235302700378 ], [ -31.082597455485704, 39.700231383153394 ], [ -31.082613226874837, 39.700213625014371 ], [ -31.08256524557353, 39.700185715230795 ], [ -31.082543078547658, 39.700194359281888 ], [ -31.082509741826435, 39.700189394907191 ], [ -31.082491438023183, 39.700189092534913 ], [ -31.08248040354178, 39.70016638782073 ], [ -31.082485082786935, 39.70015745578965 ], [ -31.082507825945417, 39.700153235839359 ], [ -31.082531842024647, 39.700153632572324 ], [ -31.08254818015179, 39.700144893135423 ], [ -31.082586575606797, 39.700123003162958 ], [ -31.082597905311815, 39.700109766412787 ], [ -31.082607271831765, 39.70008739780743 ], [ -31.082618606487703, 39.70007398185119 ], [ -31.08262062863934, 39.700051491925535 ], [ -31.082619973901735, 39.700024544109816 ], [ -31.082606726956566, 39.700001711865902 ], [ -31.082595691298536, 39.699979007142538 ], [ -31.082597128076042, 39.699956597640629 ], [ -31.082604279587738, 39.699934193346508 ], [ -31.082610662300677, 39.699884748357114 ], [ -31.082604184904504, 39.699857523270424 ], [ -31.082602637901459, 39.699808037385218 ], [ -31.082597479492858, 39.699758402651341 ], [ -31.082585504382241, 39.699740186172917 ], [ -31.082582962716227, 39.699726631090513 ], [ -31.082581490062694, 39.699703993340698 ], [ -31.082583385071839, 39.699686096073506 ], [ -31.08258458308919, 39.699668098100325 ], [ -31.082584505693717, 39.699645573491765 ], [ -31.082579177925886, 39.69962737762647 ], [ -31.082577334420204, 39.699613923268956 ], [ -31.082582962362057, 39.699595997572132 ], [ -31.082598607793269, 39.699582742017697 ], [ -31.082605303516594, 39.699555735433471 ], [ -31.082606750837119, 39.699528731344628 ], [ -31.082602365664563, 39.699501721904888 ], [ -31.082592029537789, 39.699479028735389 ], [ -31.082585427535708, 39.69945630625412 ], [ -31.082566971422064, 39.699410956519415 ], [ -31.082539646348856, 39.699369964038965 ], [ -31.082541083098967, 39.699347555436191 ], [ -31.082523402759456, 39.699324740038662 ], [ -31.082515735439717, 39.699311010188183 ], [ -31.082521238721341, 39.699297587100375 ], [ -31.082536309286823, 39.699279817390654 ], [ -31.082534717558577, 39.699257268666138 ], [ -31.082529375631154, 39.699243756515912 ], [ -31.082533490560355, 39.699225715733085 ], [ -31.082545069414291, 39.699203473768385 ], [ -31.082546020628712, 39.69919439095662 ], [ -31.082549306464724, 39.699181021330133 ], [ -31.082530553933811, 39.699171702220738 ], [ -31.082517997360757, 39.699153386936864 ], [ -31.082522682106426, 39.699140040420183 ], [ -31.082543583904368, 39.699122276943456 ], [ -31.082551177453048, 39.699113393049487 ], [ -31.082563657773907, 39.69910918463934 ], [ -31.082582543004388, 39.699109496602631 ], [ -31.082594451005349, 39.699100683975352 ], [ -31.082589111569874, 39.699087081775367 ], [ -31.082584358672211, 39.699073399170722 ], [ -31.082585681315308, 39.699050898587977 ], [ -31.082591431353084, 39.699028560332586 ], [ -31.082600098262827, 39.699006180166329 ], [ -31.08259490207649, 39.698978977140897 ], [ -31.082579550795142, 39.698956291218458 ], [ -31.082570609267815, 39.698938034755194 ], [ -31.082574721647159, 39.698920084922001 ], [ -31.082587002376659, 39.698897764452447 ], [ -31.082591681515922, 39.698888832412834 ], [ -31.08257350018064, 39.698884118406738 ], [ -31.082548785090147, 39.69888371013861 ], [ -31.08253282483799, 39.698878852629754 ], [ -31.082531799873912, 39.698865321698534 ], [ -31.082542313348299, 39.698852071466277 ], [ -31.082563657146178, 39.698847829285633 ], [ -31.082586279472139, 39.698843787506462 ], [ -31.082605859673681, 39.698848525518741 ], [ -31.082629997473461, 39.69884450876453 ], [ -31.082633979645902, 39.698835475116972 ], [ -31.082625733884964, 39.698817321144809 ], [ -31.082660840278042, 39.698808890807371 ], [ -31.082644914198433, 39.698781690731884 ], [ -31.082624197416923, 39.698763240666082 ], [ -31.08262538735876, 39.698749746322065 ], [ -31.082644772208987, 39.698732047860709 ], [ -31.082672517052558, 39.698732505252579 ], [ -31.082677204204735, 39.698719069575709 ], [ -31.082679917668436, 39.698701095729696 ], [ -31.082700121007168, 39.698683320685149 ], [ -31.082702834463149, 39.698665346838325 ], [ -31.082701241520905, 39.698642798093616 ], [ -31.082693696401869, 39.698624654797868 ], [ -31.082689189096715, 39.698602057913952 ], [ -31.082690259954585, 39.698588651695133 ], [ -31.082693791923294, 39.698570601274973 ], [ -31.08270221750427, 39.698552722680375 ], [ -31.082703412991574, 39.698534813853072 ], [ -31.08270542699228, 39.698516828452313 ], [ -31.082704285397519, 39.698503296496128 ], [ -31.082693819197914, 39.698489519524067 ], [ -31.082682535629466, 39.698475820044152 ], [ -31.08268500421293, 39.6984624369126 ], [ -31.082687142849277, 39.698439948903783 ], [ -31.082689034684677, 39.698426376959674 ], [ -31.08269733314717, 39.698413090124532 ], [ -31.082700748528946, 39.698395037777836 ], [ -31.08269389232866, 39.698381500621288 ], [ -31.082656377213056, 39.698367368749672 ], [ -31.08266701771193, 39.698349525842261 ], [ -31.082691149767403, 39.698349923552421 ], [ -31.082709463637229, 39.698345631295574 ], [ -31.082724035439906, 39.6983458710856 ], [ -31.08272010162645, 39.698327878434981 ], [ -31.082709768113013, 39.698305095222729 ], [ -31.082695819506608, 39.698282341488778 ], [ -31.08269807908043, 39.69825544180393 ], [ -31.082715415104719, 39.698210591390499 ], [ -31.082718952582695, 39.698188127386494 ], [ -31.082729715173446, 39.6981658719154 ], [ -31.082747702268378, 39.698148060253104 ], [ -31.082759159890873, 39.698130230832888 ], [ -31.082760603416073, 39.698103317667119 ], [ -31.082756796749408, 39.698080731455747 ], [ -31.08274657983111, 39.698057950171929 ], [ -31.082758860341851, 39.698035629676042 ], [ -31.082760879844379, 39.698013230690627 ], [ -31.082765111201191, 39.697995191818258 ], [ -31.08278006483485, 39.697977420139331 ], [ -31.082801211634795, 39.697950831508649 ], [ -31.082812670535773, 39.697932912010003 ], [ -31.082817598821993, 39.697914974739668 ], [ -31.082818094796067, 39.697897055256419 ], [ -31.082806113205326, 39.697883253264536 ], [ -31.082788997378668, 39.69786954755746 ], [ -31.082789371252279, 39.697856039730617 ], [ -31.082799312193266, 39.697838185254284 ], [ -31.082805641822848, 39.69782018193748 ], [ -31.082800311650075, 39.697802075230577 ], [ -31.082785469586835, 39.697756784312951 ], [ -31.082785718810467, 39.697747779995424 ], [ -31.082783423943606, 39.697725308847389 ], [ -31.08279500494044, 39.697702976792165 ], [ -31.082799241798792, 39.697680524335134 ], [ -31.082813040163323, 39.697658138808308 ], [ -31.082832220036558, 39.697622508347642 ], [ -31.08284088667493, 39.697600128152175 ], [ -31.082852921488353, 39.697586722827687 ], [ -31.082876732057521, 39.697569187511384 ], [ -31.082893530260634, 39.697564870190384 ], [ -31.082901372818267, 39.697546981047111 ], [ -31.082902568226295, 39.697529072213165 ], [ -31.082901666624238, 39.69751103955273 ], [ -31.082886779944602, 39.697492685821814 ], [ -31.082883536380059, 39.697479208341313 ], [ -31.08289569461358, 39.697461300382656 ], [ -31.082914369052155, 39.697448184897432 ], [ -31.08292070418636, 39.697425766188388 ], [ -31.082940081865285, 39.697412482126687 ], [ -31.08298253274787, 39.697404172982516 ], [ -31.082987908671718, 39.697395342524601 ], [ -31.082984092732474, 39.69737726173355 ], [ -31.082981801466435, 39.697354700553902 ], [ -31.08298140632008, 39.697314152918558 ], [ -31.08298285587933, 39.697287059658841 ], [ -31.082974733502265, 39.697264492270143 ], [ -31.082969271975589, 39.697255303543415 ], [ -31.08295963416554, 39.697232711125793 ], [ -31.082956520167198, 39.697214551832971 ], [ -31.082965883650989, 39.69719227322809 ], [ -31.082971885074834, 39.697160840568834 ], [ -31.08298113446574, 39.697138469984814 ], [ -31.082991318919952, 39.697116024749228 ], [ -31.083013087206037, 39.697066923898618 ], [ -31.083020690985691, 39.697053445376525 ], [ -31.083035187252392, 39.69703116143873 ], [ -31.083051078715716, 39.697008990633378 ], [ -31.0830612606347, 39.696986635442407 ], [ -31.083072724838015, 39.696964301426526 ], [ -31.083093050989017, 39.696942023664249 ], [ -31.083095639631555, 39.696928553310045 ], [ -31.083116710866374, 39.696879349932033 ], [ -31.083131089326518, 39.696857064035676 ], [ -31.083144761487443, 39.696839271141997 ], [ -31.083155276990563, 39.696825931687933 ], [ -31.083167183375821, 39.696817118067642 ], [ -31.083178062140085, 39.696794865366925 ], [ -31.083193833891475, 39.696777017045186 ], [ -31.083196227004958, 39.696741109310189 ], [ -31.083200333540216, 39.696727573925031 ], [ -31.083203621606259, 39.696714114216569 ], [ -31.083200262604279, 39.696700634836901 ], [ -31.083191762233628, 39.696695899706199 ], [ -31.083209506325979, 39.696682678713479 ], [ -31.083222928083043, 39.696673891011535 ], [ -31.083225063949751, 39.696651493933473 ], [ -31.083228976285501, 39.696615431097136 ], [ -31.083230049484666, 39.696601934813529 ], [ -31.083230547820804, 39.696583925269685 ], [ -31.083213183060749, 39.696579223949577 ], [ -31.083214505419541, 39.696556723344465 ], [ -31.083232818806461, 39.696552430091081 ], [ -31.083239143209738, 39.696534606845766 ], [ -31.083239519469693, 39.69652100896004 ], [ -31.083245191381636, 39.696476146928582 ], [ -31.083253857729385, 39.69645376669142 ], [ -31.083266069274448, 39.696404417883535 ], [ -31.083277700437897, 39.696354969396921 ], [ -31.083279718561258, 39.696332569471366 ], [ -31.083285521161333, 39.696283024738875 ], [ -31.083286591850037, 39.69626961850588 ], [ -31.083281139534975, 39.696255925276112 ], [ -31.083275556511968, 39.696246913842295 ], [ -31.083243498371214, 39.696246385377364 ], [ -31.083226389021092, 39.696232498753034 ], [ -31.083223023316979, 39.696223434738769 ], [ -31.083240510110659, 39.696223722595832 ], [ -31.083251025522362, 39.696210382228529 ], [ -31.083257103229329, 39.696201473250582 ], [ -31.083290798836067, 39.696197615075647 ], [ -31.083314490397143, 39.696184401277307 ], [ -31.083306242251879, 39.696166337401181 ], [ -31.08329065382258, 39.696148062225589 ], [ -31.083291720311106, 39.696138980404911 ], [ -31.083315168206635, 39.696130357344842 ], [ -31.083315539438065, 39.696116940462545 ], [ -31.083304371541576, 39.696103242049169 ], [ -31.083332249076559, 39.696094693029792 ], [ -31.08335126175642, 39.696090411303167 ], [ -31.083357578073223, 39.696077092584922 ], [ -31.083318426561839, 39.696067347585554 ], [ -31.083318675726218, 39.696058342362051 ], [ -31.08332557492292, 39.696045032369192 ], [ -31.083335386514531, 39.69603609494753 ], [ -31.083349841241585, 39.696036333623148 ], [ -31.083356984071461, 39.69601843288887 ], [ -31.083345576196923, 39.696009235185755 ], [ -31.083325421869333, 39.695999984053984 ], [ -31.083325098683463, 39.695986374617398 ], [ -31.083379654773086, 39.695987274538609 ], [ -31.083397512722449, 39.695974145487398 ], [ -31.083399528933647, 39.69595607000872 ], [ -31.083398383592726, 39.695942627183932 ], [ -31.083402614611256, 39.695924589175711 ], [ -31.083402985847957, 39.695911171391714 ], [ -31.083401971231524, 39.695893045869539 ], [ -31.083412478554774, 39.695884210021795 ], [ -31.083430097818031, 39.695875491599743 ], [ -31.083433498705471, 39.695862123838552 ], [ -31.083441678275548, 39.695853159460789 ], [ -31.083446027700742, 39.695830798923303 ], [ -31.083451413930053, 39.695817373848101 ], [ -31.08348167873487, 39.695777331523665 ], [ -31.083495476478085, 39.695754945894336 ], [ -31.083512768817201, 39.695732708053974 ], [ -31.083552014928276, 39.69568839941924 ], [ -31.083559992111695, 39.695661413915133 ], [ -31.083581136709185, 39.695634825088867 ], [ -31.083705557297051, 39.695483720427099 ], [ -31.083871898617293, 39.695292765603305 ], [ -31.083910330749994, 39.695248353310745 ], [ -31.083920636627347, 39.695221496311618 ], [ -31.083943184757487, 39.695194750396603 ], [ -31.084100456200968, 39.694990132403674 ], [ -31.084248032000563, 39.69479445270035 ], [ -31.084390030027258, 39.694589582215286 ], [ -31.084557936928437, 39.694367120393842 ], [ -31.084708731063504, 39.694130862843103 ], [ -31.084860218155256, 39.693899030189577 ], [ -31.084993267228935, 39.693675993480319 ], [ -31.08510920926161, 39.693434745807586 ], [ -31.085248086046441, 39.693211804913524 ], [ -31.085376702994807, 39.692988694612687 ], [ -31.085516726769193, 39.69277478073046 ], [ -31.085692377378049, 39.692588391244726 ], [ -31.085852174798067, 39.692397415578007 ], [ -31.086024447313953, 39.692206556181596 ], [ -31.086097777066339, 39.692135689582379 ], [ -31.086123486159355, 39.692099986889097 ], [ -31.086135886356335, 39.692073253392856 ], [ -31.086189928879449, 39.69196594305722 ], [ -31.086213016904775, 39.691894249837155 ], [ -31.086303743926905, 39.691670514634907 ], [ -31.086404158189371, 39.691438018890146 ], [ -31.086420991190057, 39.691411268340467 ], [ -31.086560759704785, 39.691206358237331 ], [ -31.086695775289588, 39.690987766398436 ], [ -31.086840593072782, 39.69076041668626 ], [ -31.086919704405798, 39.690509551542448 ], [ -31.086977252898713, 39.690325810102365 ], [ -31.086977433985986, 39.690289686497096 ], [ -31.086967854914331, 39.690028262905095 ], [ -31.086958347078532, 39.689793867625291 ], [ -31.086950610944552, 39.68954598750927 ], [ -31.086941353122551, 39.689302496887791 ], [ -31.086919078388458, 39.689103928582178 ], [ -31.086902585415874, 39.689067710361584 ], [ -31.086842249479922, 39.688904552166242 ], [ -31.086763255477443, 39.688678021864945 ], [ -31.086682055112192, 39.688446951364966 ], [ -31.086649686273702, 39.688221188559005 ], [ -31.086655699639646, 39.687977949582027 ], [ -31.086712455081884, 39.687848250333609 ], [ -31.086746371714597, 39.68778133019422 ], [ -31.086753767982863, 39.687749919363291 ], [ -31.086763131342092, 39.687727550305077 ], [ -31.086836539575959, 39.687607134803542 ], [ -31.086939297203774, 39.687365488374034 ], [ -31.087006511771445, 39.687253980034733 ], [ -31.087045760904203, 39.687205075386522 ], [ -31.087055240645107, 39.687182708219453 ], [ -31.087099455496929, 39.686953792001354 ], [ -31.087108894361865, 39.686818809030257 ], [ -31.087155709787897, 39.686706965341322 ], [ -31.087161835021021, 39.686670938761928 ], [ -31.087162004538428, 39.686639409715468 ], [ -31.087174022860651, 39.686495460781821 ], [ -31.087199353874297, 39.68647335479406 ], [ -31.087228413321192, 39.686451399428222 ], [ -31.08727102644502, 39.686411559477939 ], [ -31.087317620305075, 39.68636268565205 ], [ -31.087339459831682, 39.686336107520482 ], [ -31.087433272684322, 39.686211433019409 ], [ -31.087480887190683, 39.686176269259718 ], [ -31.087540862486598, 39.686141129834709 ], [ -31.087575500861014, 39.686128275645565 ], [ -31.087640354786608, 39.686102224995338 ], [ -31.087668473779825, 39.686084759601698 ], [ -31.087732177462136, 39.68604968149581 ], [ -31.087874734037179, 39.685979953098062 ], [ -31.08789854175329, 39.685962326539347 ], [ -31.088019174573041, 39.685896831611103 ], [ -31.088047047413401, 39.685888281332367 ], [ -31.088352083711687, 39.685821225614838 ], [ -31.088659585993419, 39.685745110241548 ], [ -31.088692708778328, 39.685732230760692 ], [ -31.08876199212596, 39.685706252404827 ], [ -31.088806400153597, 39.685706982634791 ], [ -31.08911811012096, 39.685689675422786 ], [ -31.089148199773739, 39.685681070374002 ], [ -31.089177009943867, 39.685668120665589 ], [ -31.089228808870953, 39.685641855125311 ], [ -31.089256477611116, 39.685615281577313 ], [ -31.089313084207024, 39.685571166509511 ], [ -31.089347847421347, 39.68555371996834 ], [ -31.08937350548581, 39.685545132014006 ], [ -31.089625284147498, 39.685400619507355 ], [ -31.089644079453226, 39.685382910096315 ], [ -31.089657753993588, 39.685360611733657 ], [ -31.0896914207671, 39.685302604929433 ], [ -31.089690894874316, 39.685266649834382 ], [ -31.089696319296316, 39.68523061247064 ], [ -31.089718725185072, 39.685213052555916 ], [ -31.089764208231916, 39.68520019597505 ], [ -31.089839518681892, 39.685192424956618 ], [ -31.089989695996188, 39.685163360534212 ], [ -31.089996265743356, 39.685136530644826 ], [ -31.089997011635806, 39.685109425646516 ], [ -31.089985974386995, 39.685086811641561 ], [ -31.089965249539922, 39.685072956604131 ], [ -31.089946873307191, 39.685050041654705 ], [ -31.08993887399496, 39.685022972951202 ], [ -31.089938920618106, 39.684995855546312 ], [ -31.089966914492514, 39.684982892205767 ], [ -31.090008651414781, 39.684978983249181 ], [ -31.090045832769786, 39.684979594098365 ], [ -31.090081171890446, 39.684966661487394 ], [ -31.090112327716401, 39.684944740774199 ], [ -31.090165276227754, 39.684927502178347 ], [ -31.090213414627748, 39.68492829323781 ], [ -31.090253762978151, 39.684915532175772 ], [ -31.090278261515884, 39.684902421163173 ], [ -31.090303468049679, 39.684884817112369 ], [ -31.090353421228961, 39.684845096748553 ], [ -31.090370135787317, 39.684818253533066 ], [ -31.090439139470014, 39.684747313752545 ], [ -31.090464335933596, 39.684734303372842 ], [ -31.090493157946909, 39.684716668658155 ], [ -31.09055476607238, 39.684677139917561 ], [ -31.090696490056974, 39.68461198907314 ], [ -31.090957031927609, 39.68452167210458 ], [ -31.091086653766794, 39.684447133107639 ], [ -31.091211541141607, 39.68441323752819 ], [ -31.091392496901559, 39.684380082576197 ], [ -31.091406169361967, 39.684357874057653 ], [ -31.091433707755098, 39.684340218000983 ], [ -31.09147159307561, 39.68433642537719 ], [ -31.091542146169424, 39.684315060986599 ], [ -31.091571659604615, 39.684301942047405 ], [ -31.091639094341446, 39.684262507607862 ], [ -31.091897915131355, 39.684154142384337 ], [ -31.092173027578237, 39.684059647559614 ], [ -31.092341474645313, 39.68397673494264 ], [ -31.09245988052551, 39.683915614211372 ], [ -31.092695437921201, 39.68377533304281 ], [ -31.092934476195662, 39.683644117032706 ], [ -31.093193012762942, 39.683490788377867 ], [ -31.093408089916942, 39.68332764681503 ], [ -31.093629535265983, 39.683119472497658 ], [ -31.09369915067812, 39.683026108346866 ], [ -31.093729971928791, 39.682995081686379 ], [ -31.09392318010827, 39.682804461829605 ], [ -31.094132017929386, 39.682605179865909 ], [ -31.094148604174723, 39.682582928752154 ], [ -31.094160875639997, 39.682560696892786 ], [ -31.094265713717494, 39.682382142362428 ], [ -31.094409790347271, 39.682226843549564 ], [ -31.094449720925144, 39.68218254226079 ], [ -31.09455874076323, 39.682085138598538 ], [ -31.09462514197206, 39.682032261457721 ], [ -31.094640329346586, 39.682009987309534 ], [ -31.094659007066358, 39.681992275130071 ], [ -31.094652860278202, 39.681974066314012 ], [ -31.094657908000958, 39.681951625741164 ], [ -31.094686643759633, 39.68191155611806 ], [ -31.094799017261856, 39.681827900602009 ], [ -31.094848470610344, 39.681806187880994 ], [ -31.094945660326086, 39.68174462626795 ], [ -31.095084103795603, 39.681611757561406 ], [ -31.095225216224755, 39.68141145319796 ], [ -31.09535993147075, 39.681278432880127 ], [ -31.095380823187206, 39.681260756904095 ], [ -31.095398802544054, 39.68124294304905 ], [ -31.09542416243934, 39.681198403256154 ], [ -31.095432009430795, 39.681175918476313 ], [ -31.095460159229248, 39.681135928230425 ], [ -31.09547883650017, 39.681118215905855 ], [ -31.095491109740536, 39.681095893831021 ], [ -31.095490214553898, 39.681073266526319 ], [ -31.09545307579269, 39.68104572011908 ], [ -31.095366115727252, 39.68105330459597 ], [ -31.095279892196327, 39.681038287573024 ], [ -31.095251701271067, 39.681028816559326 ], [ -31.095214808951642, 39.680992264749847 ], [ -31.095197824495038, 39.680973878134502 ], [ -31.095187486717975, 39.680951185985734 ], [ -31.095188802240827, 39.680928774239241 ], [ -31.095205504275715, 39.680906524862962 ], [ -31.095229887564937, 39.680893320793956 ], [ -31.095261238390069, 39.680893834288703 ], [ -31.095290249800055, 39.680898904170348 ], [ -31.09531951361102, 39.680894789529042 ], [ -31.095326658848936, 39.680872383335256 ], [ -31.09535604390555, 39.680863856082347 ], [ -31.095419484690321, 39.680914445758425 ], [ -31.095437985429296, 39.680932858118986 ], [ -31.095452059935479, 39.680951106865521 ], [ -31.095455054219759, 39.680973679415722 ], [ -31.095485911373832, 39.680992202590907 ], [ -31.095639169079224, 39.68085056685279 ], [ -31.095836918318039, 39.680655514369036 ], [ -31.096245083228798, 39.680283904190063 ], [ -31.09644722226296, 39.680111445142721 ], [ -31.096670076617553, 39.679957434207424 ], [ -31.096890707423054, 39.679807890167091 ], [ -31.097385693786322, 39.67950977140368 ], [ -31.09762959745153, 39.679383130781396 ], [ -31.09786233198956, 39.679242792568715 ], [ -31.098111279064199, 39.679093710111694 ], [ -31.098162253974049, 39.67906742609199 ], [ -31.098252213295162, 39.679001419580494 ], [ -31.098273104890179, 39.678983652970878 ], [ -31.098305703915045, 39.678777064130465 ], [ -31.098341124685255, 39.678709984841561 ], [ -31.09852207447608, 39.67851474251691 ], [ -31.098739784305486, 39.678365147919159 ], [ -31.098988609822378, 39.678216060629389 ], [ -31.099058369722773, 39.67817224614376 ], [ -31.099110859801424, 39.678145986505889 ], [ -31.099312071467885, 39.67803666196491 ], [ -31.099397677297709, 39.677997521300775 ], [ -31.099659875874487, 39.677866670237457 ], [ -31.099702346220983, 39.677835832615557 ], [ -31.099899497801495, 39.677712926508093 ], [ -31.099939051963297, 39.67768213116107 ], [ -31.09995703362279, 39.677659902015634 ], [ -31.099982352916911, 39.677642207555202 ], [ -31.100045175053733, 39.677638820222832 ], [ -31.100078623390985, 39.677639366732791 ], [ -31.100141701675454, 39.677622379376849 ], [ -31.100222173222875, 39.677587567765954 ], [ -31.100478169094742, 39.677470217481243 ], [ -31.100773594158966, 39.677407476067195 ], [ -31.10109310966758, 39.677367651396906 ], [ -31.101124460170777, 39.677368163290183 ], [ -31.101215521208864, 39.67734262366605 ], [ -31.101438640492677, 39.677233562701431 ], [ -31.101684206643515, 39.677075408645216 ], [ -31.101921858053419, 39.676908204463587 ], [ -31.102154937627468, 39.676758854615869 ], [ -31.102366279636968, 39.676573021344183 ], [ -31.1023865910091, 39.676550829891511 ], [ -31.102449171829843, 39.676394280487088 ], [ -31.102661010385464, 39.676185932210572 ], [ -31.10268480969733, 39.676168392493103 ], [ -31.102691171020986, 39.676123360342864 ], [ -31.102684445297076, 39.676100726963355 ], [ -31.102745007645165, 39.676047750511536 ], [ -31.102982485457531, 39.675916488693098 ], [ -31.103050851240219, 39.675868054187518 ], [ -31.103073139116134, 39.675850309503517 ], [ -31.10309111378502, 39.675832584433152 ], [ -31.103104898591599, 39.675810286207422 ], [ -31.103110639825189, 39.675787946646977 ], [ -31.103111254672761, 39.675765434131407 ], [ -31.10334910287067, 39.675620573423906 ], [ -31.103371266102094, 39.675607421431074 ], [ -31.103388660966441, 39.675585272241577 ], [ -31.103404659835398, 39.675563010149332 ], [ -31.103466507998547, 39.675509874127165 ], [ -31.103487971973696, 39.67549670978719 ], [ -31.103539755510209, 39.675470527559064 ], [ -31.10356285396572, 39.675452976207062 ], [ -31.103583740667823, 39.675435298626901 ], [ -31.103588668416048, 39.675412855657761 ], [ -31.103506925912267, 39.675204309871198 ], [ -31.103497405555796, 39.675181541688509 ], [ -31.103487520537819, 39.675086783451668 ], [ -31.103488136437743, 39.675064270046946 ], [ -31.103495307938914, 39.675019431263124 ], [ -31.103507209102489, 39.675010616293243 ], [ -31.103556371200337, 39.67502484247435 ], [ -31.103615297055761, 39.675134004169358 ], [ -31.103665318495029, 39.675197885160671 ], [ -31.103703693104205, 39.67525698110213 ], [ -31.103714030461912, 39.675279762613222 ], [ -31.103797822825552, 39.675281130357554 ], [ -31.103858800446201, 39.675264106640007 ], [ -31.103888068084352, 39.675255484279816 ], [ -31.104012281322387, 39.675189941640575 ], [ -31.104040262056962, 39.675181479313046 ], [ -31.104070222253405, 39.675177372910177 ], [ -31.104118399302639, 39.675146626827768 ], [ -31.104405232641444, 39.675052203778975 ], [ -31.10469846815873, 39.67496238922719 ], [ -31.104836426021546, 39.674901574775227 ], [ -31.104860679870647, 39.674892960413672 ], [ -31.104918170267361, 39.67486696081415 ], [ -31.105072464922227, 39.674792807676084 ], [ -31.105319856784252, 39.674648278812391 ], [ -31.105412721922168, 39.674582133844027 ], [ -31.105438735493244, 39.674564538688387 ], [ -31.105478291928822, 39.674529236748086 ], [ -31.105495688284339, 39.674506998063244 ], [ -31.105510050676706, 39.674489123565522 ], [ -31.105636150329371, 39.674405681256317 ], [ -31.105663562179082, 39.674388109766163 ], [ -31.105690848133314, 39.674379454609856 ], [ -31.105752152188977, 39.674376039389891 ], [ -31.105783626888126, 39.674371958152832 ], [ -31.105815558799588, 39.674372478254838 ], [ -31.105840747469305, 39.674359465237785 ], [ -31.106115389695713, 39.674228802339755 ], [ -31.106411533020751, 39.674139030838944 ], [ -31.106652650590938, 39.674061876178484 ], [ -31.106683555318977, 39.674048775108183 ], [ -31.106947929655007, 39.673922538448807 ], [ -31.107208785060244, 39.673814171593889 ], [ -31.107240958665244, 39.67381010045235 ], [ -31.107457330612451, 39.673759568831585 ], [ -31.107733812980008, 39.67364244613497 ], [ -31.107764711219193, 39.673629525755857 ], [ -31.107918919957488, 39.673613927525707 ], [ -31.107951666134444, 39.673614460307839 ], [ -31.108010550042071, 39.673592896466978 ], [ -31.108298238520621, 39.673543613776019 ], [ -31.108606811236186, 39.673480976332833 ], [ -31.108701806554478, 39.673469099037924 ], [ -31.108994219105437, 39.673460342850071 ], [ -31.109025692089869, 39.673456259799266 ], [ -31.109200326369098, 39.673414145458558 ], [ -31.109460270529905, 39.673287649766522 ], [ -31.109708110472422, 39.67314753330141 ], [ -31.109788243737444, 39.67309487174505 ], [ -31.109950730263584, 39.67298931342134 ], [ -31.110204511359523, 39.672849292596261 ], [ -31.110336796165829, 39.672752431677878 ], [ -31.11037249604226, 39.672725894468307 ], [ -31.110430469793918, 39.672686295777652 ], [ -31.110470022644595, 39.672650992039429 ], [ -31.110490207564293, 39.672633301766517 ], [ -31.110517531877168, 39.672593204193575 ], [ -31.110534840496108, 39.672548439810775 ], [ -31.110676844025953, 39.67233443611579 ], [ -31.110709994723869, 39.672294433311258 ], [ -31.110728703978257, 39.672249601595254 ], [ -31.110763326920551, 39.672155567248637 ], [ -31.110771978652426, 39.672133274638334 ], [ -31.110766823459379, 39.671894446212427 ], [ -31.110765921991209, 39.671871908948972 ], [ -31.110760010978705, 39.671849199170147 ], [ -31.11073870787656, 39.671830924701055 ], [ -31.110708999763141, 39.671825847358676 ], [ -31.110687581438899, 39.671807480911241 ], [ -31.110677938996155, 39.671784800498145 ], [ -31.110663286849093, 39.671762039458052 ], [ -31.110600459260453, 39.671770117386536 ], [ -31.110308557273722, 39.671837445273631 ], [ -31.110250497439473, 39.671854519919428 ], [ -31.110162029013715, 39.671866595745257 ], [ -31.110140889760807, 39.671816610755911 ], [ -31.110129030921016, 39.671793985214116 ], [ -31.110126365559058, 39.671784842334667 ], [ -31.110310188603805, 39.671751884351274 ], [ -31.110485395609786, 39.671714191954052 ], [ -31.110515353983555, 39.671710083840438 ], [ -31.11047833792847, 39.671677949401712 ], [ -31.110462048250877, 39.671659666383917 ], [ -31.110555348532408, 39.671607127573566 ], [ -31.110581115429397, 39.671598537522996 ], [ -31.110601996736975, 39.671580948652654 ], [ -31.110601097801073, 39.67155832043354 ], [ -31.110759271478635, 39.671448277022805 ], [ -31.110795209813297, 39.671412914341403 ], [ -31.110805378787092, 39.671390556320894 ], [ -31.110824786922127, 39.671345735052526 ], [ -31.110849896400193, 39.671305602248317 ], [ -31.110869380347918, 39.67128799058974 ], [ -31.110928464149723, 39.671203272604124 ], [ -31.110940605463163, 39.671185541456943 ], [ -31.110959400035522, 39.671163234578792 ], [ -31.110986924537361, 39.671145752828167 ], [ -31.111008387018629, 39.671132497849541 ], [ -31.111030667605355, 39.671114931666317 ], [ -31.111045025406412, 39.67109714647728 ], [ -31.111052164437975, 39.671074740035344 ], [ -31.111063734092316, 39.671052314685703 ], [ -31.111081127796524, 39.671030074187271 ], [ -31.111162448668281, 39.670959322067731 ], [ -31.11121426644187, 39.670901694100088 ], [ -31.111238102303485, 39.670856944790884 ], [ -31.11128047982826, 39.670799164110697 ], [ -31.111297875850539, 39.670776833521614 ], [ -31.111329511695061, 39.670736805878114 ], [ -31.111372091554689, 39.670701551053348 ], [ -31.111466914473056, 39.67064444146277 ], [ -31.111568993773357, 39.670560602712449 ], [ -31.111585022525787, 39.670425725126961 ], [ -31.111597035500061, 39.670331322719008 ], [ -31.111605691620561, 39.670308849919927 ], [ -31.111604090705487, 39.670286301278693 ], [ -31.111582664039833, 39.670272529652777 ], [ -31.111548687694331, 39.670235850199262 ], [ -31.111543473238044, 39.670213242778928 ], [ -31.111582778833995, 39.670186943111332 ], [ -31.11161319037646, 39.670191852380995 ], [ -31.111639978547682, 39.670201386695261 ], [ -31.11166969095235, 39.670206283677572 ], [ -31.111678868008141, 39.670138954329232 ], [ -31.111678091347006, 39.670111823399125 ], [ -31.111680215710283, 39.670089425443486 ], [ -31.111687354445856, 39.670067018050915 ], [ -31.111710215964877, 39.670053785691877 ], [ -31.111724695987572, 39.670031497700037 ], [ -31.111720996381933, 39.670008914024059 ], [ -31.111706221615105, 39.669990655816086 ], [ -31.111703104635023, 39.669968082516633 ], [ -31.111717582188511, 39.669945884579121 ], [ -31.111764353926898, 39.669915111485885 ], [ -31.111847937574009, 39.669893946469571 ], [ -31.111875218545499, 39.669885380747367 ], [ -31.111892374998764, 39.669867550867579 ], [ -31.11191325789628, 39.669849871681961 ], [ -31.111929827950423, 39.669832212447893 ], [ -31.112003072104528, 39.669788265570446 ], [ -31.112029773997378, 39.669775275787238 ], [ -31.112051358453009, 39.669757517890666 ], [ -31.112056280544973, 39.669735164520731 ], [ -31.112056931242162, 39.669685534197001 ], [ -31.112067593530139, 39.669640751566334 ], [ -31.112128844679351, 39.669587691173341 ], [ -31.112189332348787, 39.669584079051255 ], [ -31.112220679534715, 39.669584587866268 ], [ -31.112249233635652, 39.669580637551078 ], [ -31.112296004869119, 39.669549865130868 ], [ -31.112318285901093, 39.669532208603009 ], [ -31.112341960391422, 39.669519078527621 ], [ -31.112372732224852, 39.669514984052121 ], [ -31.112401740326742, 39.669520049582481 ], [ -31.112423980153011, 39.669533925273853 ], [ -31.112431294808271, 39.669556476710561 ], [ -31.112435110015038, 39.669579061345559 ], [ -31.112452097613588, 39.669597446434274 ], [ -31.112521317570852, 39.669598570004581 ], [ -31.112494391923903, 39.669516960237978 ], [ -31.112492787135135, 39.669494500734345 ], [ -31.112495614016321, 39.669472023185989 ], [ -31.11251358946674, 39.669449792819826 ], [ -31.112539480369428, 39.669436608643124 ], [ -31.112625277243865, 39.669415479040438 ], [ -31.112656989565867, 39.669402570563093 ], [ -31.112686945663405, 39.669398461841752 ], [ -31.112719108443041, 39.669398984680839 ], [ -31.1127369142453, 39.669417292034247 ], [ -31.112748774695469, 39.669435592833622 ], [ -31.112777786507877, 39.669440479043139 ], [ -31.112807618779868, 39.669440963073576 ], [ -31.112836871959573, 39.66943702397657 ], [ -31.112863461964611, 39.669423851090826 ], [ -31.112862675176672, 39.669401315694358 ], [ -31.112874815669457, 39.669383584320414 ], [ -31.112901612185169, 39.669388523683331 ], [ -31.112925952021978, 39.669402343319355 ], [ -31.112939906454717, 39.669425092743076 ], [ -31.112926007028367, 39.66953748256109 ], [ -31.112924302072045, 39.66968160259642 ], [ -31.112925085238924, 39.669704228927799 ], [ -31.112912819728205, 39.669726552168314 ], [ -31.112897064356879, 39.669744314881349 ], [ -31.112806435276248, 39.669805908445987 ], [ -31.112783341027072, 39.669823461753957 ], [ -31.112800331252895, 39.669841755839869 ], [ -31.112848299971031, 39.669874067581524 ], [ -31.112876488994306, 39.669883534287621 ], [ -31.112900943097802, 39.669897444979547 ], [ -31.112922365020246, 39.669911396474774 ], [ -31.112951952386606, 39.669920886792518 ], [ -31.112983998909424, 39.669921406769355 ], [ -31.113138422956876, 39.669734629965319 ], [ -31.113156392300265, 39.669716903200836 ], [ -31.113179486421341, 39.669699349815247 ], [ -31.113206892139225, 39.669686191009454 ], [ -31.113236843432095, 39.669682262256913 ], [ -31.113265976647348, 39.669682734809527 ], [ -31.113284142441099, 39.66987213379538 ], [ -31.113285626061277, 39.669894771507657 ], [ -31.113294568815718, 39.66991743944341 ], [ -31.113315995727064, 39.669931210759543 ], [ -31.113360550255397, 39.669900491980741 ], [ -31.113441206643753, 39.6698026100227 ], [ -31.113534789024854, 39.669709531934053 ], [ -31.113751288146833, 39.669546464823227 ], [ -31.113954989763087, 39.669369496004919 ], [ -31.113976448685634, 39.669356330501387 ], [ -31.113983700677739, 39.669334014892755 ], [ -31.113977670976215, 39.669311393428735 ], [ -31.114003593564473, 39.669271273119136 ], [ -31.114083108060967, 39.669241030971754 ], [ -31.114143142292139, 39.669228401057012 ] ] ] ] } }
]
}
